:020000040800F2
:1000000000C000202D58000891550008995500089F
:10001000A1550008A9550008B155000800000000CE
:10002000000000000000000000000000C5550008AE
:10003000B955000800000000D1550008DD55000842
:10004000755800087558000875580008755800085C
:10005000755800087558000875580008755800084C
:10006000755800087558000875580008755800083C
:10007000755800087558000875580008755800082C
:10008000E9550008755800087558000875580008AB
:10009000755800087558000875580008755800080C
:1000A00075580008755800087558000875580008FC
:1000B000FD55000875580008755800087558000867
:1000C00075580008755800087558000875580008DC
:1000D0007558000875580008115600082556000884
:1000E00075580008755800087558000875580008BC
:1000F00075580008755800087558000875580008AC
:10010000755800087558000875580008755800089B
:10011000755800087558000875580008755800088B
:10012000755800087558000875580008755800087B
:1001300000000000000000000000000000000000BF
:1001400000000000000000000000000000000000AF
:10015000000000000000000000000000000000009F
:10016000000000000000000000000000000000008F
:10017000000000000000000000000000000000007F
:10018000000000000000000000000000000000006F
:10019000000000000000000000000000000000005F
:1001A000000000000000000000000000000000004F
:1001B000000000000000000000000000000000003F
:1001C000000000000000000000000000000000002F
:1001D000000000000000000000000000000000001F
:0401E0005FF8E0F1F3
:1001E80010B5054C237833B9044B13B10448AFF369
:1001F80000800123237010BDDC01002000000000F6
:10020800A444010808B5034B1BB103490348AFF3E5
:10021800008008BD00000000E0010020A44401089F
:1002280081F0004102E000BF83F0004330B54FEA9F
:1002380041044FEA430594EA050F08BF90EA020F0C
:100248001FBF54EA000C55EA020C7FEA645C7FEA9F
:10025800655C00F0E2804FEA5454D4EB5555B8BFC2
:100268006D420CDD2C4480EA020281EA030382EA33
:10027800000083EA010180EA020281EA0303362DC5
:1002880088BF30BD11F0004F4FEA01314FF4801C98
:100298004CEA113102D0404261EB410113F0004FAA
:1002A8004FEA03334CEA133302D0524263EB430361
:1002B80094EA050F00F0A780A4F10104D5F1200EFF
:1002C8000DDB02FA0EFC22FA05F2801841F100015A
:1002D80003FA0EF2801843FA05F359410EE0A5F12E
:1002E80020050EF1200E012A03FA0EFC28BF4CF05F
:1002F800020C43FA05F3C01851EBE37101F0004515
:1003080007D54FF0000EDCF1000C7EEB00006EEB21
:100318000101B1F5801F1BD3B1F5001F0CD34908AB
:100328005FEA30004FEA3C0C04F101044FEA445202
:1003380012F5800F80F09A80BCF1004F08BF5FEA89
:10034800500C50F1000041EB045141EA050130BD69
:100358005FEA4C0C404141EB0101013C28BFB1F57B
:10036800801FE9D291F0000F04BF01460020B1FAC6
:1003780081F308BF2033A3F10B03B3F120020CDA99
:100388000C3208DD02F1140CC2F10C0201FA0CF077
:1003980021FA02F10CE002F11402D8BFC2F1200CDC
:1003A80001FA02F120FA0CFCDCBF41EA0C01904092
:1003B800E41AA2BF01EB0451294330BD6FEA0404DB
:1003C8001F3C1CDA0C340EDC04F11404C4F12002C6
:1003D80020FA04F001FA02F340EA030021FA04F3D8
:1003E80045EA030130BDC4F10C04C4F1200220FA2F
:1003F80002F001FA04F340EA0300294630BD21FA6D
:1004080004F0294630BD94F0000F83F4801306BF32
:1004180081F480110134013D4EE77FEA645C18BF26
:100428007FEA655C29D094EA050F08BF90EA020FBD
:1004380005D054EA000C04BF1946104630BD91EAB5
:10044800030F1EBF0021002030BD5FEA545C05D1B8
:100458004000494128BF41F0004130BD14F58004F7
:100468003CBF01F5801130BD01F0004545F0FE416B
:1004780041F470014FF0000030BD7FEA645C1ABFA0
:10048800194610467FEA655C1CBF0B46024650EAD7
:10049800013406BF52EA033591EA030F41F4002103
:1004A80030BD00BF90F0000F04BF0021704730B589
:1004B8004FF4806404F132044FF000054FF000015E
:1004C80050E700BF90F0000F04BF0021704730B51F
:1004D8004FF4806404F1320410F0004548BF4042F4
:1004E8004FF000013EE700BF42004FEAE2014FEA49
:1004F80031014FEA02701FBF12F07F4393F07F4F24
:1005080081F06051704732F07F4208BF704793F026
:100518007F4F04BF41F40021704730B54FF4607439
:1005280001F0004521F000411CE700BF50EA01023C
:1005380008BF704730B54FF000050AE050EA0102E5
:1005480008BF704730B511F0004502D5404261EB55
:1005580041014FF4806404F132045FEA915C3FF496
:10056800D8AE4FF003025FEADC0C18BF03325FEA33
:10057800DC0C18BF033202EBDC02C2F1200300FAE4
:1005880003FC20FA02F001FA03FE40EA0E0021FA09
:1005980002F11444BDE600BF80F0004002E000BF55
:1005A80081F0004142001FBF5FEA410392EA030F56
:1005B8007FEA226C7FEA236C6AD04FEA1262D2EBA0
:1005C8001363C1BFD218414048404140B8BF5B42A5
:1005D800192B88BF704710F0004F40F4000020F03E
:1005E8007F4018BF404211F0004F41F4000121F054
:1005F8007F4118BF494292EA030F3FD0A2F101029E
:1006080041FA03FC10EB0C00C3F1200301FA03F1DB
:1006180000F0004302D5494260EB4000B0F5000FFE
:1006280013D3B0F1807F06D340084FEA310102F1BD
:100638000102FE2A51D2B1F1004F40EBC25008BF6F
:1006480020F0010040EA03007047490040EB000039
:10065800013A28BFB0F5000FEDD2B0FA80FCACF13A
:10066800080CB2EB0C0200FA0CF0AABF00EBC25067
:1006780052421843BCBFD0401843704792F0000F55
:1006880081F4000106BF80F400000132013BB5E7A8
:100698004FEA41037FEA226C18BF7FEA236C21D01E
:1006A80092EA030F04D092F0000F08BF0846704783
:1006B80090EA010F1CBF0020704712F07F4F04D151
:1006C800400028BF40F00040704712F100723CBF64
:1006D80000F50000704700F0004343F0FE4040F48E
:1006E800000070477FEA226216BF08467FEA23634C
:1006F8000146420206BF5FEA412390EA010F40F437
:10070800800070474FF0000304E000BF10F0004382
:1007180048BF40425FEA000C08BF704743F0964369
:1007280001464FF000001CE050EA010208BF704784
:100738004FF000030AE000BF50EA010208BF70470B
:1007480011F0004302D5404261EB41015FEA010C20
:1007580002BF84460146002043F0B64308BFA3F118
:100768008053A3F50003BCFA8CF2083AA3EBC253FA
:1007780010DB01FA02FC634400FA02FCC2F1200219
:10078800BCF1004F20FA02F243EB020008BF20F050
:100798000100704702F1200201FA02FCC2F12002B6
:1007A80050EA4C0021FA02F243EB020008BF20EAAB
:1007B800DC7070474FF0FF0C1CEAD0521EBF1CEAD9
:1007C800D15392EA0C0F93EA0C0F6FD01A4480EAC7
:1007D800010C400218BF5FEA41211ED04FF00063B0
:1007E80043EA501043EA5111A0FB01310CF00040DC
:1007F800B1F5000F3EBF490041EAD3715B0040EA02
:10080800010062F17F02FD2A1DD8B3F1004F40EBD1
:10081800C25008BF20F00100704790F0000F0CF0A4
:10082800004C08BF49024CEA502040EA51207F3A68
:10083800C2BFD2F1FF0340EAC250704740F4000043
:100848004FF00003013A5DDC12F1190FDCBF00F034
:1008580000407047C2F10002410021FA02F1C2F1E2
:10086800200200FA02FC5FEA310040F1000053EA7E
:100878004C0308BF20EADC70704792F0000F00F0CC
:10088800004C02BF400010F4000F013AF9D040EAD2
:100898000C0093F0000F01F0004C02BF490011F466
:1008A800000F013BF9D041EA0C018FE70CEAD15364
:1008B80092EA0C0F18BF93EA0C0F0AD030F0004CE4
:1008C80018BF31F0004CD8D180EA010000F0004098
:1008D800704790F0000F17BF90F0004F084691F056
:1008E800000F91F0004F14D092EA0C0F01D1420290
:1008F8000FD193EA0C0F03D14B0218BF084608D159
:1009080080EA010000F0004040F0FE4040F40000A2
:10091800704740F0FE4040F4400070474FF0FF0C35
:100928001CEAD0521EBF1CEAD15392EA0C0F93EA7C
:100938000C0F69D0A2EB030280EA010C49024FEACE
:10094800402037D04FF0805343EA111143EA101387
:100958000CF000408B4238BF5B0042F17D024FF43F
:10096800000C8B4224BF5B1A40EA0C00B3EB510F1A
:1009780024BFA3EB510340EA5C00B3EB910F24BF03
:10098800A3EB910340EA9C00B3EBD10F24BFA3EB88
:10099800D10340EADC001B0118BF5FEA1C1CE0D150
:1009A800FD2A3FF650AF8B4240EBC25008BF20F003
:1009B800010070470CF0004C4CEA50207F32C2BF57
:1009C800D2F1FF0340EAC250704740F400004FF0F4
:1009D8000003013A37E792F0000F00F0004C02BF25
:1009E800400010F4000F013AF9D040EA0C0093F0EF
:1009F800000F01F0004C02BF490011F4000F013B49
:100A0800F9D041EA0C0195E70CEAD15392EA0C0FB0
:100A180008D142027FF47DAF93EA0C0F7FF470AFE8
:100A2800084676E793EA0C0F04D14B023FF44CAF2B
:100A380008466EE730F0004C18BF31F0004CCAD1C0
:100A480030F000427FF45CAF31F000437FF43CAFFC
:100A58005FE700BF4FF0FF3C06E000BF4FF0010C1E
:100A680002E000BF4FF0010C4DF804CD4FEA400200
:100A78004FEA41037FEA226C18BF7FEA236C11D04A
:100A880001B052EA530C18BF90EA010F58BFB2EBFD
:100A9800030088BFC81738BF6FEAE17018BF40F07D
:100AA800010070477FEA226C02D15FEA402C05D131
:100AB8007FEA236CE4D15FEA412CE1D05DF8040BB6
:100AC800704700BF844608466146FFE70FB5FFF749
:100AD800C9FF002848BF10F1000F0FBD4DF808ED01
:100AE800FFF7F4FF0CBF012000205DF808FB00BFF2
:100AF8004DF808EDFFF7EAFF34BF012000205DF84C
:100B080008FB00BF4DF808EDFFF7E0FF94BF012098
:100B180000205DF808FB00BF4DF808EDFFF7D2FF95
:100B280094BF012000205DF808FB00BF4DF808EDD8
:100B3800FFF7C8FF34BF012000205DF808FB00BFA5
:100B48004FEA40024FEA41037FEA226C02D15FEA92
:100B5800402C08D17FEA236C02D15FEA412C02D1F4
:100B68004FF0000070474FF0010070474FEA400215
:100B7800B2F1FE4F0FD34FF09E03B3EB12620DD9C3
:100B88004FEA002343F0004310F0004F23FA02F02D
:100B980018BF404270474FF00000704712F1610FD4
:100BA80001D1420205D110F0004008BF6FF00040AB
:100BB80070474FF00000704742000ED2B2F1FE4F6E
:100BC8000BD34FF09E03B3EB126209D44FEA002314
:100BD80043F0004323FA02F070474FF000007047DB
:100BE80012F1610F01D1420202D14FF0FF3070477C
:100BF8004FF00000704700BF10F8012B11F8013BBF
:100C0800012A28BF9A42F7D0D01A7047034613F832
:100C1800012B002AFBD1181A0138704770B54FF024
:100C2800FF0C4CF4E06C1CEA11541DBF1CEA135570
:100C380094EA0C0F95EA0C0F00F0DEF82C4481EAD8
:100C4800030621EA4C5123EA4C5350EA013518BFF8
:100C580052EA033541F4801143F4801338D0A0FBE5
:100C680002CE4FF00005E1FB02E506F00042E0FB92
:100C780003E54FF00006E1FB03569CF0000F18BF98
:100C88004EF0010EA4F1FF04B6F5007F64F5407440
:100C980004D25FEA4E0E6D4146EB060642EAC621D3
:100CA80041EA55514FEAC52040EA5E504FEACE2E40
:100CB800B4F1FD0C88BFBCF5E06F1ED8BEF1004F43
:100CC80008BF5FEA500E50F1000041EB045170BDBF
:100CD80006F0004646EA010140EA020081EA030103
:100CE800B4EB5C04C2BFD4EB0C0541EA045170BDFF
:100CF80041F480114FF0000E013C00F3AB8014F179
:100D0800360FDEBF002001F0004170BDC4F10004C1
:100D1800203C35DA0C341BDC04F11404C4F1200542
:100D280000FA05F320FA04F001FA05F240EA02009D
:100D380001F0004221F0004110EBD37021FA04F6D3
:100D480042EB06015EEA430E08BF20EAD37070BD8D
:100D5800C4F10C04C4F1200500FA04F320FA05F0EC
:100D680001FA04F240EA020001F0004110EBD370EE
:100D780041F100015EEA430E08BF20EAD37070BD5E
:100D8800C4F1200500FA05F24EEA020E20FA04F337
:100D980001FA05F243EA020321FA04F001F00041E6
:100DA80021FA04F220EA020000EBD3705EEA430E57
:100DB80008BF20EAD37070BD94F0000F0FD101F086
:100DC8000046400041EB010111F4801F08BF013CBF
:100DD800F7D041EA060195F0000F18BF704703F0FD
:100DE8000046520043EB030313F4801F08BF013D84
:100DF800F7D043EA0603704794EA0C0F0CEA135540
:100E080018BF95EA0C0F0CD050EA410618BF52EAF9
:100E18004306D1D181EA030101F000414FF00000FF
:100E280070BD50EA410606BF1046194652EA43060D
:100E380019D094EA0C0F02D150EA013613D195EA81
:100E48000C0F05D152EA03361CBF104619460AD1C9
:100E580081EA030101F0004141F0FE4141F47001D3
:100E68004FF0000070BD41F0FE4141F4780170BDC3
:100E780070B54FF0FF0C4CF4E06C1CEA11541DBF28
:100E88001CEA135594EA0C0F95EA0C0F00F0A7F82A
:100E9800A4EB050481EA030E52EA03354FEA013157
:100EA80000F088804FEA03334FF0805545EA13136A
:100EB80043EA12634FEA022245EA111545EA106532
:100EC8004FEA00260EF000419D4208BF964244F1C9
:100ED800FD0404F5407402D25B084FEA3202B61AE8
:100EE80065EB03055B084FEA32024FF480104FF4BC
:100EF800002CB6EB020E75EB030E22BFB61A754630
:100F080040EA0C005B084FEA3202B6EB020E75EBC2
:100F1800030E22BFB61A754640EA5C005B084FEA2A
:100F28003202B6EB020E75EB030E22BFB61A7546F7
:100F380040EA9C005B084FEA3202B6EB020E75EB02
:100F4800030E22BFB61A754640EADC0055EA060EC3
:100F580018D04FEA051545EA16754FEA06164FEA06
:100F6800C30343EA52734FEAC2025FEA1C1CC0D1B2
:100F780011F4801F0BD141EA00014FF000004FF03F
:100F8800004CB6E711F4801F04BF01430020B4F100
:100F9800FD0C88BFBCF5E06F3FF6AFAEB5EB030CB8
:100FA80004BFB6EB020C5FEA500C50F1000041EBB5
:100FB800045170BD0EF0004E4EEA113114EB5C0482
:100FC800C2BFD4EB0C0541EA045170BD41F4801155
:100FD8004FF0000E013C90E645EA060E8DE60CEA5D
:100FE800135594EA0C0F08BF95EA0C0F3FF43BAF7A
:100FF80094EA0C0F0AD150EA01347FF434AF95EA31
:101008000C0F7FF425AF104619462CE795EA0C0F14
:1010180006D152EA03353FF4FDAE1046194622E7E1
:1010280050EA410618BF52EA43067FF4C5AE50EABB
:1010380041047FF40DAF52EA43057FF4EBAE12E7AB
:101048004FF0FF3C06E000BF4FF0010C02E000BF8C
:101058004FF0010C4DF804CD4FEA410C7FEA6C5C6F
:101068004FEA430C18BF7FEA6C5C1BD001B050EA12
:10107800410C0CBF52EA430C91EA030F02BF90EAFD
:10108800020F0020704710F1000F91EA030F58BFBC
:10109800994208BF90422CBFD8176FEAE37040F01E
:1010A800010070474FEA410C7FEA6C5C02D150EABC
:1010B800013C07D14FEA430C7FEA6C5CD6D152EA77
:1010C800033CD3D05DF8040B704700BF844610463C
:1010D80062468C461946634600E000BF01B5FFF73B
:1010E800B7FF002848BF10F1000F01BD4DF808ED0B
:1010F800FFF7F4FF0CBF012000205DF808FB00BFDC
:101108004DF808EDFFF7EAFF34BF012000205DF835
:1011180008FB00BF4DF808EDFFF7E0FF94BF012082
:1011280000205DF808FB00BF4DF808EDFFF7CEFF83
:1011380094BF012000205DF808FB00BF4DF808EDC2
:10114800FFF7C4FF34BF012000205DF808FB00BF93
:101158004FEA410C7FEA6C5C02D150EA013C0AD1AB
:101168004FEA430C7FEA6C5C02D152EA033C02D19D
:101178004FF0000070474FF0010070474FEA4102FE
:1011880012F5001215D211D56FF47873B3EB6252D1
:1011980012D94FEAC12343F0004343EA505311F0F8
:1011A800004F23FA02F018BF404270474FF000008A
:1011B800704750EA013005D111F0004008BF6FF0C8
:1011C800004070474FF00000704700BF4A0011D23E
:1011D80012F5001211D20DD56FF47873B3EB625289
:1011E8000ED44FEAC12343F0004343EA505323FA95
:1011F80002F070474FF00000704750EA013002D10A
:101208004FF0FF3070474FF0000070474FEA41023F
:10121800B2F1E04324BFB3F5001CDCF1FE5C0DD94C
:1012280001F0004C4FEAC0024CEA5070B2F1004F96
:1012380040EB830008BF20F00100704711F0804F99
:1012480021D113F13872BCBF01F00040704741F45E
:1012580080114FEA5252C2F11802C2F1200C10FA62
:101268000CF320FA02F018BF40F001004FEAC12346
:101278004FEAD32303FA0CFC40EA0C0023FA02F3EA
:101288004FEA4303CCE77FEA625307D150EA0133C0
:101298001EBF4FF0FE4040F44000704701F0004090
:1012A80040F0FE4040F40000704700BF38B500220F
:1012B800002304460D46FFF723FF28B92046294698
:1012C800BDE8384000F00AB8204605F1004100F0BA
:1012D80005F8404261EB410138BD00BFD0B500229E
:1012E8000B4B06460F46FFF799FCFFF76FFF0446C6
:1012F800FFF7D8F80022074BFFF790FC02460B4691
:1013080030463946FEF790FFFFF760FF2146D0BD13
:101318000000F03D0000F04180B400AF00BFBD46C2
:1013280080BC704780B582B000AF78607B68002BC6
:1013380001D1012341E07B6893F83D30DBB2002BFB
:1013480006D17B68002283F83C20786803F080FF90
:101358007B68022283F83D207B681A687B68043327
:101368001946104600F012FA7B68012283F84620DD
:101378007B68012283F83E207B68012283F83F20A6
:101388007B68012283F840207B68012283F8412092
:101398007B68012283F842207B68012283F843207E
:1013A8007B68012283F844207B68012283F845206A
:1013B8007B68012283F83D20002318460837BD4684
:1013C80080BD80B584B000AF78607B681B68DB683F
:1013D800FB607B681B681B69BB60BB6803F002038A
:1013E800002B20D0FB6803F00203002B1BD07B6886
:1013F8001B686FF002021A617B6801221A777B680A
:101408001B689B6903F00303002B03D0786800F086
:10141800A1F905E0786800F094F9786800F0A3F97C
:101428007B6800221A77BB6803F00403002B20D0E6
:10143800FB6803F00403002B1BD07B681B686FF06C
:1014480004021A617B6802221A777B681B689B6911
:1014580003F44073002B03D0786800F07BF905E0B3
:10146800786800F06EF9786800F07DF97B680022F2
:101478001A77BB6803F00803002B20D0FB6803F041
:101488000803002B1BD07B681B686FF008021A61E9
:101498007B6804221A777B681B68DB6903F0030307
:1014A800002B03D0786800F055F905E0786800F063
:1014B80048F9786800F057F97B6800221A77BB680A
:1014C80003F01003002B20D0FB6803F01003002B5F
:1014D8001BD07B681B686FF010021A617B680822BA
:1014E8001A777B681B68DB6903F44073002B03D011
:1014F800786800F02FF905E0786800F022F978683C
:1015080000F031F97B6800221A77BB6803F0010309
:10151800002B0CD0FB6803F00103002B07D07B687D
:101528001B686FF001021A61786800F001F9BB6866
:1015380003F08003002B0CD0FB6803F08003002B22
:1015480007D07B681B686FF080021A61786800F02A
:10155800AEFABB6803F04003002B0CD0FB6803F025
:101568004003002B07D07B681B686FF040021A61AC
:10157800786800F001F9BB6803F02003002B0CD059
:10158800FB6803F02003002B07D07B681B686FF013
:1015980020021A61786800F081FA00BF1037BD4652
:1015A80080BD80B584B000AF786039600023FB73DC
:1015B8007B6893F83C30012B01D10223B4E07B68AF
:1015C800012283F83C207B68022283F83D207B6857
:1015D8001B689B68BB60BB6823F07703BB60BB6874
:1015E80023F47F43BB607B681B68BA689A603B68DA
:1015F8001B68B3F5005F3ED0B3F5005F00F287804B
:10160800B3F5805F00F08680B3F5805F7FD8702BDC
:101618001AD0702B7BD8602B50D0602B77D8502BEA
:101628003CD0502B73D8402B58D0402B6FD8302B40
:1016380064D0302B6BD8202B60D0202B67D8002BA0
:101648005CD0102B5AD062E07B6818683B689968B8
:101658003B685A683B68DB6800F095F97B681B6853
:101668009B68BB60BB6843F07703BB607B681B6803
:10167800BA689A604FE07B6818683B6899683B686D
:101688005A683B68DB6800F07EF97B681B689A68DB
:101698007B681B6842F480429A603CE07B6818686B
:1016A8003B6859683B68DB681A4600F0F5F87B68C8
:1016B8001B685021184600F04CF92CE07B6818682C
:1016C8003B6859683B68DB681A4600F013F97B6889
:1016D8001B686021184600F03CF91CE07B6818681C
:1016E8003B6859683B68DB681A4600F0D5F87B68A8
:1016F8001B684021184600F02CF90CE07B681A683A
:101708003B681B681946104600F023F903E00123E3
:10171800FB7300E000BF7B68012283F83D207B68F3
:10172800002283F83C20FB7B18461037BD4680BD5D
:1017380080B483B000AF786000BF0C37BD4680BC72
:10174800704780B483B000AF786000BF0C37BD46E7
:1017580080BC704780B483B000AF786000BF0C379E
:10176800BD4680BC704780B483B000AF786000BFCE
:101778000C37BD4680BC704780B483B000AF78603A
:1017880000BF0C37BD4680BC7047000080B485B0F0
:1017980000AF786039607B681B68FB607B68394AFA
:1017A800934213D07B68384A93420FD07B68B3F1D9
:1017B800804F0BD07B68354A934207D07B68344A08
:1017C800934203D07B68334A934208D1FB6823F0E5
:1017D8007003FB603B685B68FA681343FB607B68D7
:1017E800284A934213D07B68274A93420FD07B68DC
:1017F800B3F1804F0BD07B68244A934207D07B68B3
:10180800234A934203D07B68224A934208D1FB685B
:1018180023F44073FB603B68DB68FA681343FB60A2
:10182800FB6823F080023B685B691343FB607B68BD
:10183800FA681A603B689A687B68DA623B681A68DB
:101848007B689A627B680F4A934203D07B680E4A92
:10185800934203D13B681A697B681A637B6801224B
:101868005A617B681B6903F00103002B05D07B6874
:101878001B6923F001027B681A6100BF1437BD465B
:1018880080BC7047002C0140003401400004004037
:1018980000080040000C004080B487B000AFF8603A
:1018A800B9607A60FB681B6A7B61FB681B6A23F07E
:1018B8000102FB681A62FB689B693B613B6923F084
:1018C800F0033B617B681B013A6913433B617B6909
:1018D80023F00A037B617A69BB6813437B61FB6869
:1018E8003A699A61FB687A691A6200BF1C37BD467B
:1018F80080BC704780B487B000AFF860B9607A6088
:10190800FB681B6A7B61FB681B6A23F01002FB689B
:101918001A62FB689B693B613B6923F470433B6136
:101928007B681B033A6913433B617B6923F0A0037F
:101938007B61BB681B017A6913437B61FB683A6969
:101948009A61FB687A691A6200BF1C37BD4680BC81
:10195800704780B485B000AF786039607B689B6859
:10196800FB60FB6823F07003FB603A68FB68134375
:1019780043F00703FB607B68FA689A6000BF14377E
:10198800BD4680BC704780B487B000AFF860B960CE
:101998007A603B60FB689B687B617B6923F47F43CB
:1019A8007B613B681A027B681A43BB6813437A69F8
:1019B80013437B61FB687A699A6000BF1C37BD4698
:1019C80080BC704780B485B000AF786039607B68B0
:1019D80093F83C30012B01D1022350E07B680122AF
:1019E80083F83C207B68022283F83D207B681B68D3
:1019F8005B68FB607B681B689B68BB60FB6823F0C7
:101A08007003FB603B681B68FA681343FB607B68E4
:101A18001B68FA685A607B681B681B4A934218D097
:101A28007B681B68194A934213D07B681B68B3F123
:101A3800804F0ED07B681B68154A934209D07B689B
:101A48001B68144A934204D07B681B68124A93426D
:101A58000CD1BB6823F08003BB603B685B68BA6845
:101A68001343BB607B681B68BA689A607B68012275
:101A780083F83D207B68002283F83C200023184629
:101A88001437BD4680BC7047002C0140003401402B
:101A98000004004000080040000C004080B483B0FF
:101AA80000AF786000BF0C37BD4680BC704780B47B
:101AB80083B000AF786000BF0C37BD4680BC70476C
:101AC80080B500AF084B1B68074A43F0100313604A
:101AD800032001F0EBFB0F2000F008F803F0A8FD4D
:101AE8000023184680BD00BF0020024080B582B0A8
:101AF80000AF7860124B1A68124B1B7819464FF4E6
:101B08007A73B3FBF1F3B2FBF3F3184601F011FC5F
:101B18000346002B01D001230EE07B680F2B0AD867
:101B2800002279684FF0FF3001F0CBFB064A7B6852
:101B38001360002300E0012318460837BD4680BD26
:101B480000000020080000200400002080B400AF3E
:101B5800054B1B781A46054B1B681344034A136050
:101B680000BFBD4680BC704708000020F801002077
:101B780080B400AF024B1B681846BD4680BC704756
:101B8800F801002080B584B000AF7860FFF7F0FF5F
:101B9800B8607B68FB60FB68B3F1FF3F05D00A4B78
:101BA8001B781A46FB681344FB6000BFFFF7E0FF91
:101BB8000246BB68D31AFA689A42F7D800BF00BF3A
:101BC8001037BD4680BD00BF0800002080B586B034
:101BD80000AF78607B68002B01D1012372E27B683B
:101BE8001B6803F00103002B00F08780924B5B68B1
:101BF80003F00C03042B0CD08F4B5B6803F00C0331
:101C0800082B12D18C4B5B6803F48033B3F5803F0B
:101C18000BD1894B1B6803F40033002B6CD07B6815
:101C28005B68002B68D101234CE27B685B68B3F5E5
:101C3800803F06D1804B1B687F4A43F48033136092
:101C48002EE07B685B68002B0CD17B4B1B687A4AC3
:101C580023F480331360784B1B68774A23F480237E
:101C680013601DE07B685B68B3F5A02F0CD1724B45
:101C78001B68714A43F4802313606F4B1B686E4ADC
:101C880043F4803313600BE06B4B1B686A4A23F400
:101C980080331360684B1B68674A23F48023136002
:101CA8007B685B68002B13D0FFF762FF386108E0A0
:101CB800FFF75EFF02463B69D31A642B01D9032361
:101CC80000E25D4B1B6803F40033002BF0D014E0F6
:101CD800FFF74EFF386108E0FFF74AFF02463B690D
:101CE800D31A642B01D90323ECE1534B1B6803F48B
:101CF8000033002BF0D100E000BF7B681B6803F0C5
:101D08000203002B63D04C4B5B6803F00C03002BE1
:101D18000BD0494B5B6803F00C03082B1CD1464BD6
:101D28005B6803F48033002B16D1434B1B6803F028
:101D38000203002B05D07B681B69012B01D001230E
:101D4800C0E13D4B1B6823F0F8027B685B69DB0050
:101D5800394913430B603AE07B681B69002B20D09C
:101D6800364B01221A60FFF703FF386108E0FFF7DE
:101D7800FFFE02463B69D31A022B01D90323A1E1D6
:101D88002D4B1B6803F00203002BF0D02A4B1B6875
:101D980023F0F8027B685B69DB00274913430B607B
:101DA80015E0264B00221A60FFF7E2FE386108E0D2
:101DB800FFF7DEFE02463B69D31A022B01D9032343
:101DC80080E11D4B1B6803F00203002BF0D17B68F8
:101DD8001B6803F00803002B3AD07B689B69002B33
:101DE80019D0174B01221A60FFF7C2FE386108E0CC
:101DF800FFF7BEFE02463B69D31A022B01D9032323
:101E080060E10D4B5B6A03F00203002BF0D0012068
:101E180000F0CEFA1CE00A4B00221A60FFF7A8FE79
:101E280038610FE0FFF7A4FE02463B69D31A022B84
:101E380008D9032346E100BF0010024000004242D7
:101E480080044242924B5B6A03F00203002BE9D103
:101E58007B681B6803F00403002B00F0A6800023B6
:101E6800FB758B4BDB6903F08053002B0DD1884B3E
:101E7800DB69874A43F08053D361854BDB6903F004
:101E88008053BB60BB680123FB75824B1B6803F45E
:101E98008073002B18D17F4B1B687E4A43F48073F4
:101EA8001360FFF765FE386108E0FFF761FE024640
:101EB8003B69D31A642B01D9032303E1754B1B68D3
:101EC80003F48073002BF0D07B68DB68012B06D10C
:101ED8006F4B1B6A6E4A43F0010313622DE07B6867
:101EE800DB68002B0CD16A4B1B6A694A23F001039B
:101EF8001362674B1B6A664A23F0040313621CE0F3
:101F08007B68DB68052B0CD1614B1B6A604A43F088
:101F1800040313625E4B1B6A5D4A43F001031362BC
:101F28000BE05B4B1B6A5A4A23F001031362584BC0
:101F38001B6A574A23F0040313627B68DB68002B93
:101F480015D0FFF715FE38610AE0FFF711FE0246CB
:101F58003B69D31A41F28832934201D90323B1E095
:101F68004B4B1B6A03F00203002BEED014E0FFF783
:101F7800FFFD38610AE0FFF7FBFD02463B69D31A13
:101F880041F28832934201D903239BE0404B1B6AFC
:101F980003F00203002BEED1FB7D012B05D13C4B56
:101FA800DB693B4A23F08053D3617B68DB69002BF4
:101FB80000F08780364B5B6803F00C03082B61D078
:101FC8007B68DB69022B46D1334B00221A60FFF78E
:101FD800CFFD386108E0FFF7CBFD02463B69D31A15
:101FE800022B01D903236DE0294B1B6803F0007312
:101FF800002BF0D17B681B6AB3F5803F08D1244BD6
:102008005B6823F400327B689B68214913434B606B
:102018001F4B5B6823F474127B68196A7B685B6AE0
:102028000B431B4913434B601B4B01221A60FFF7FC
:102038009FFD386108E0FFF79BFD02463B69D31A14
:10204800022B01D903233DE0114B1B6803F00073F9
:10205800002BF0D035E0104B00221A60FFF788FD06
:10206800386108E0FFF784FD02463B69D31A022B6A
:1020780001D9032326E0064B1B6803F00073002BED
:10208800F0D11EE07B68DB69012B07D1012319E041
:102098000010024000700040600042420B4B5B6839
:1020A800FB60FB6803F480327B681B6A9A4206D1A6
:1020B800FB6803F470127B685B6A9A4201D00123C3
:1020C80000E0002318461837BD4680BD00100240C6
:1020D80080B584B000AF786039607B68002B01D18F
:1020E8000123D0E06A4B1B6803F007033A689A4261
:1020F80010D9674B1B6823F0070265493B681343F7
:102108000B60634B1B6803F007033A689A4201D0DF
:102118000123B8E07B681B6803F00203002B20D082
:102128007B681B6803F00403002B05D0594B5B68E0
:10213800584A43F4E06353607B681B6803F0080364
:10214800002B05D0534B5B68524A43F460535360ED
:10215800504B5B6823F0F0027B689B684D49134342
:102168004B607B681B6803F00103002B40D07B6841
:102178005B68012B07D1474B1B6803F40033002B26
:1021880015D101237FE07B685B68022B07D1414BA7
:102198001B6803F00073002B09D1012373E03D4B4A
:1021A8001B6803F00203002B01D101236BE0394BBC
:1021B8005B6823F003027B685B68364913434B6016
:1021C800FFF7D6FCF8600AE0FFF7D2FC0246FB688E
:1021D800D31A41F28832934201D9032353E02D4B9D
:1021E8005B6803F00C027B685B689B009A42EBD14A
:1021F800274B1B6803F007033A689A4210D2244B16
:102208001B6823F0070222493B6813430B60204BED
:102218001B6803F007033A689A4201D0012332E0B1
:102228007B681B6803F00403002B08D0194B5B681C
:1022380023F4E0627B68DB68164913434B607B68D4
:102248001B6803F00803002B09D0124B5B6823F4CA
:1022580060527B681B69DB000E4913434B6000F03A
:1022680021F802460B4B5B681B0903F00F030A4970
:10227800CB5C22FA03F3094A1360094B1B68184622
:10228800FFF734FC002318461037BD4680BD00BF59
:102298000020024000100240707D0108000000206C
:1022A8000400002080B487B000AF0023FB60002347
:1022B800BB6000237B6100237B6000233B611E4BD6
:1022C8005B68FB60FB6803F00C03042B02D0082B4F
:1022D80003D027E0194B3B6127E0FB689B0C03F018
:1022E8000F03174AD35C7B60FB6803F48033002B31
:1022F80010D0114B5B685B0C03F00103114AD35CEF
:10230800BB607B680D4A03FB02F2BB68B2FBF3F3C8
:102318007B6104E07B680C4A02FB03F37B617B6909
:102328003B6102E0054B3B6100BF3B6918461C3727
:10233800BD4680BC704700BF0010024000127A0002
:10234800887D0108987D010800093D0080B400AF30
:10235800024B1B681846BD4680BC70470000002031
:1023680080B500AFFFF7F2FF0246054B5B681B0A1A
:1023780003F007030349CB5C22FA03F3184680BD38
:1023880000100240807D010880B500AFFFF7DEFF36
:102398000246054B5B68DB0A03F007030349CB5C85
:1023A80022FA03F3184680BD00100240807D010820
:1023B80080B485B000AF78600A4B1B680A4AA2FB5C
:1023C80003235B0A7A6802FB03F3FB6000BFFB6828
:1023D8005A1EFA60002BF9D100BF00BF1437BD4662
:1023E80080BC704700000020D34D621080B48BB0D1
:1023F80000AF7860396000237B6200233B6279E19B
:1024080001227B6A02FA03F3FB613B681B68FA69E5
:102418001340BB61BA69FB699A4240F068813B6826
:102428005B68964A93425ED0944A934275D8944A20
:10243800934258D0924A93426FD8924A934252D0CC
:10244800904A934269D8904A93424CD08E4A93421C
:1024580063D88E4A934246D08C4A93425DD8122B59
:102468002AD8122B59D801A252F823F0EF240008D9
:10247800C9240008DB2400081D25000823250008BE
:102488002325000823250008232500082325000804
:1024980023250008232500082325000823250008F4
:1024A80023250008232500082325000823250008E4
:1024B800D1240008E5240008754A934213D02CE083
:1024C8003B68DB683B6229E03B68DB6804333B62BE
:1024D80024E03B68DB6808333B621FE03B68DB684D
:1024E8000C333B621AE03B689B68002B02D1042343
:1024F8003B6213E03B689B68012B05D108233B62D4
:102508007B68FA691A6109E008233B627B68FA690B
:102518005A6103E000233B6200E000BFBB69FF2B68
:1025280001D87B6801E07B6804337B61BB69FF2BC2
:1025380002D87B6A9B0002E07B6A083B9B003B61F8
:102548007B691A680F213B6901FA03F3DB431A40E0
:10255800396A3B6901FA03F31A437B691A603B68DD
:102568005B6803F08053002B00F0C180494B9B69E6
:10257800484A43F001039361464B9B6903F001030A
:10258800BB60BB68444A7B6A9B08023352F823301D
:10259800FB607B6A03F003039B000F2202FA03F33C
:1025A800DB43FA681340FB607B683C4A93421FD0C8
:1025B8007B683B4A934219D07B683A4A934213D0CE
:1025C8007B68394A93420DD07B68384A934207D0DA
:1025D8007B68374A934201D105230AE0062308E0C5
:1025E800042306E0032304E0022302E0012300E0C1
:1025F80000237A6A02F0030292009340FA681343B8
:10260800FB6025497B6A9B080233FA6841F823205E
:102618003B685B6803F48013002B06D0254B9A684F
:102628002449BB6913438B6006E0224B9A68BB6957
:10263800DB43204913408B603B685B6803F400135D
:10264800002B06D01B4BDA681A49BB691343CB60D1
:1026580006E0184BDA68BB69DB4316491340CB60C8
:102668003B685B6803F40033002B25D0114B5A6894
:102678001049BB6913434B6025E000BF00003210CE
:10268800000031100000221000002110000012107C
:102698000000111000100240000001400008014035
:1026A800000C0140001001400014014000180140D6
:1026B800001C014000040140154B5A68BB69DB430C
:1026C800134913404B603B685B6803F48033002B6D
:1026D80006D00F4B1A680E49BB6913430B6006E01E
:1026E8000B4B1A68BB69DB43094913400B607B6AD3
:1026F80001337B623B681A687B6A22FA03F3002B7A
:102708007FF47EAE00BF00BF2C37BD4680BC70474B
:102718000004014080B485B000AF78600B467B8030
:102728007B689A687B881340002B02D00123FB73D7
:1027380001E00023FB73FB7B18461437BD4680BCC1
:10274800704780B483B000AF78600B467B80134637
:102758007B707B78002B03D07A887B681A6103E052
:102768007B881A047B681A6100BF0C37BD4680BCA1
:102778007047000080B485B000AF78600023FB602C
:102788007B68002B01D1012359E07B681B681A463E
:102798002D4B9A420FD87B681B681A462B4B134463
:1027A8002B4AA2FB03231B099A007B681A647B68E7
:1027B800284ADA630EE07B681B681A46264B1344E6
:1027C800234AA2FB03231B099A007B681A647B68CF
:1027D800224ADA637B68022283F821207B681B681F
:1027E8001B68FB60FB6823F47F5323F03003FB6016
:1027F8007B685A687B689B681A437B68DB681A4366
:102808007B681B691A437B685B691A437B689B6911
:102818001A437B68DB691343FA681343FB607B68E0
:102828001B68FA681A607B6800229A637B68012239
:1028380083F821207B68002283F820200023184693
:102848001437BD4680BC704707040240F8FFFDBF3F
:10285800CDCCCCCC00000240F8FBFDBF0004024008
:1028680080B586B000AFF860B9607A603B6000233D
:10287800FB75FB6893F82030012B01D102234BE054
:10288800FB68012283F82020FB6893F82130DBB233
:10289800012B3AD1FB68022283F82120FB68002231
:1028A8009A63FB681B681A68FB681B6822F00102C0
:1028B8001A603B687A68B968F86800F0BCFBFB6886
:1028C800DB6A002B08D0FB681B681A68FB681B686A
:1028D80042F00E021A600FE0FB681B681A68FB687A
:1028E8001B6822F004021A60FB681B681A68FB6800
:1028F8001B6842F00A021A60FB681B681A68FB68CA
:102908001B6842F001021A6005E0FB68002283F8A8
:1029180020200223FB75FB7D18461837BD4680BD75
:1029280080B485B000AF78600023FB737B6893F8B0
:102938002130DBB2022B08D07B6804229A637B68C3
:10294800002283F82020012320E07B681B681A6896
:102958007B681B6822F00E021A607B681B681A6885
:102968007B681B6822F001021A607B681A6C7B681E
:10297800DB6B012101FA02F25A607B68012283F8BD
:1029880021207B68002283F82020FB7B184614371F
:10299800BD4680BC7047000080B584B000AF786049
:1029A8000023FB737B6893F82130DBB2022B05D040
:1029B8007B6804229A630123FB73D6E07B681B685B
:1029C8001A687B681B6822F00E021A607B681B6815
:1029D8001A687B681B6822F001021A607B681B6812
:1029E8001A46644B9A4258D97B681B68624A9342DC
:1029F8004FD07B681B68614A934248D07B681B684C
:102A08005F4A934240D07B681B685E4A934238D045
:102A18007B681B685C4A934230D07B681B685B4AC2
:102A2800934228D07B681B68524A934220D07B6827
:102A38001B68574A934219D07B681B68554A9342D2
:102A480012D07B681B68544A93420AD07B681B6883
:102A5800524A934202D14FF480531BE04FF4803323
:102A680018E04FF4807315E0102313E0012311E000
:102A78004FF080730EE04FF480130BE04FF4803377
:102A880008E04FF4805305E04FF4807302E0102310
:102A980000E00123424A536057E07B681B68364ACE
:102AA80093424FD07B681B68344A934248D07B6876
:102AB8001B68334A934240D07B681B68314A934273
:102AC80038D07B681B68304A934230D07B681B68DB
:102AD8002E4A934228D07B681B68264A934220D00E
:102AE8007B681B682A4A934219D07B681B68294A6D
:102AF800934212D07B681B68274A93420AD07B68AE
:102B08001B68264A934202D14FF480531BE04FF4CE
:102B1800803318E04FF4807315E0102313E001238D
:102B280011E04FF080730EE04FF480130BE04FF488
:102B3800803308E04FF4805305E04FF4807302E0DF
:102B4800102300E00123174A53607B68012283F8B1
:102B580021207B68002283F820207B685B6B002B98
:102B680003D07B685B6B78689847FB7B1846103707
:102B7800BD4680BD80000240080002401C000240A3
:102B88003000024044000240580002406C000240FD
:102B9800080402401C04024030040240440402407D
:102BA800000402400000024080B584B000AF7860A5
:102BB8007B68DB6B1B68FB607B681B681B68BB6002
:102BC8007B681B6C04229A40FB681340002B00F0C2
:102BD800F180BB6803F00403002B00F0EB807B68F6
:102BE8001B681B6803F02003002B07D17B681B6858
:102BF8001A687B681B6822F004021A607B681B68ED
:102C08001A465F4B9A4258D97B681B685D4A9342C3
:102C18004FD07B681B685C4A934248D07B681B682E
:102C28005A4A934240D07B681B68594A934238D02D
:102C38007B681B68574A934230D07B681B68564AAA
:102C4800934228D07B681B684D4A934220D07B680A
:102C58001B68524A934219D07B681B68504A9342BA
:102C680012D07B681B684F4A93420AD07B681B6866
:102C78004D4A934202D14FF480431BE04FF4802326
:102C880018E04FF4806315E0402313E0042311E0BB
:102C98004FF080630EE04FF480030BE04FF4802385
:102CA80008E04FF4804305E04FF4806302E04023DE
:102CB80000E004233D4A536057E07B681B68314AB3
:102CC80093424FD07B681B682F4A934248D07B6859
:102CD8001B682E4A934240D07B681B682C4A93425B
:102CE80038D07B681B682B4A934230D07B681B68BE
:102CF800294A934228D07B681B68214A934220D0F6
:102D08007B681B68254A934219D07B681B68244A54
:102D1800934212D07B681B68224A93420AD07B6890
:102D28001B68214A934202D14FF480431BE04FF4C1
:102D3800802318E04FF4806315E0402313E0042358
:102D480011E04FF080630EE04FF480030BE04FF486
:102D5800802308E04FF4804305E04FF4806302E0ED
:102D6800402300E00423124A53607B68DB6A002B8F
:102D780000F036817B68DB6A7868984730E100BFED
:102D880080000240080002401C000240300002405F
:102D980044000240580002406C000240080402400F
:102DA8001C04024030040240440402400004024073
:102DB800000002407B681B6C02229A40FB681340AB
:102DC800002B00F0DD80BB6803F00203002B00F04D
:102DD800D7807B681B681B6803F02003002B0BD18E
:102DE8007B681B681A687B681B6822F00A021A60F5
:102DF8007B68012283F821207B681B681A467B4B7D
:102E08009A4258D97B681B68794A93424FD07B68AD
:102E18001B68784A934248D07B681B68764A93427D
:102E280040D07B681B68754A934238D07B681B6822
:102E3800734A934230D07B681B68724A934228D009
:102E48007B681B68694A934220D07B681B686E4A7E
:102E5800934219D07B681B686C4A934212D07B68F6
:102E68001B686B4A93420AD07B681B68694A934285
:102E780002D14FF400531BE04FF4003318E04FF435
:102E8800007315E0202313E0022311E04FF00073D4
:102E98000EE04FF400130BE04FF4003308E04FF45A
:102EA800005305E04FF4007302E0202300E0022302
:102EB800594A536057E07B681B684D4A93424FD08C
:102EC8007B681B684B4A934248D07B681B684A4A18
:102ED800934240D07B681B68484A934238D07B684D
:102EE8001B68474A934230D07B681B68454A934227
:102EF80028D07B681B683D4A934220D07B681B68BA
:102F0800414A934219D07B681B68404A934212D0C9
:102F18007B681B683E4A93420AD07B681B683D4A1F
:102F2800934202D14FF400531BE04FF4003318E0F2
:102F38004FF4007315E0202313E0022311E04FF053
:102F480000730EE04FF400130BE04FF4003308E079
:102F58004FF4005305E04FF4007302E0202300E033
:102F680002232E4A53607B68002283F820207B6866
:102F78009B6A002B34D07B689B6A786898472FE05F
:102F88007B681B6C08229A40FB681340002B28D0F2
:102F9800BB6803F00803002B23D07B681B681A6802
:102FA8007B681B6822F00E021A607B681A6C7B68CB
:102FB800DB6B012101FA02F25A607B6801229A63F5
:102FC8007B68012283F821207B68002283F8202077
:102FD8007B681B6B002B04D07B681B6B7868984759
:102FE80000BF00BF1037BD4680BD00BF8000024053
:102FF800080002401C000240300002404400024029
:10300800580002406C000240080402401C040240C0
:103018003004024044040240000402400000024020
:1030280080B483B000AF78607B689B6B18460C3720
:10303800BD4680BC704780B485B000AFF860B96009
:103048007A603B60FB681A6CFB68DB6B012101FA54
:1030580002F25A60FB681B683A685A60FB685B6852
:10306800102B08D1FB681B687A689A60FB681B689C
:10307800BA68DA6007E0FB681B68BA689A60FB68A0
:103088001B687A68DA6000BF1437BD4680BC704799
:1030980080B485B000AF78607B6803F00703FB60FD
:1030A8000C4BDB68BB60BA684FF6FF031340BB608C
:1030B800FB681A02BB68134343F0BF6343F4003351
:1030C800BB60044ABB68D36000BF1437BD4680BCF0
:1030D800704700BF00ED00E080B400AF044BDB6830
:1030E8001B0A03F007031846BD4680BC704700BFA3
:1030F80000ED00E080B483B000AF0346FB7197F9A0
:103108000730002B0BDBFB7903F01F02064997F908
:1031180007305B09012000FA02F241F8232000BFC2
:103128000C37BD4680BC704700E100E080B483B036
:1031380000AF0346FB7197F90730002B12DBFB79D0
:1031480003F01F020A4997F907305B09012000FACA
:1031580002F2203341F82320BFF34F8F00BFBFF3A3
:103168006F8F00BF00BF0C37BD4680BC704700BFE3
:1031780000E100E080B483B000AF0346FB7197F92B
:103188000730002B0CDBFB7903F01F02074997F986
:1031980007305B09012000FA02F2603341F823206E
:1031A80000BF0C37BD4680BC704700BF00E100E09F
:1031B80080B483B000AF03463960FB7197F90730DC
:1031C800002B0ADB3B68DAB20C4997F90730120189
:1031D800D2B20B4483F800230AE03B68DAB208490C
:1031E800FB7903F00F03043B1201D2B20B441A76A9
:1031F80000BF0C37BD4680BC704700BF00E100E04F
:1032080000ED00E080B489B000AFF860B9607A6082
:10321800FB6803F00703FB61FB69C3F10703042B99
:1032280028BF0423BB61FB690433062B02D9FB6961
:10323800033B00E000237B614FF0FF32BB6902FAD9
:1032480003F3DA43BB681A407B699A404FF0FF31B9
:103258007B6901FA03F3D9437B680B401343184693
:103268002437BD4680BC704780B582B000AF786017
:103278007B68013BB3F1807F01D301230FE00A4A49
:103288007B68013B53600F214FF0FF30FFF790FF41
:10329800054B00229A60044B07221A600023184647
:1032A8000837BD4680BD00BF10E000E080B582B0A1
:1032B80000AF78607868FFF7EBFE00BF0837BD46BF
:1032C80080BD80B586B000AF0346B9607A60FB73F5
:1032D80000237B61FFF700FF78617A68B968786935
:1032E800FFF790FF024697F90F3011461846FFF78F
:1032F8005FFF00BF1837BD4680BD80B582B000AF04
:103308000346FB7197F907301846FFF7F3FE00BF35
:103318000837BD4680BD80B582B000AF0346FB715B
:1033280097F907301846FFF701FF00BF0837BD4679
:1033380080BD80B582B000AF78607868FFF794FFF1
:10334800034618460837BD4680BD80B582B000AF39
:103358000346FB7197F907301846FFF70BFF00BFCC
:103368000837BD4680BD000080B584B000AF7860E6
:103378007B68002B01D101232BE17B6893F83D305A
:10338800DBB2002B06D17B68002283F83C207868EA
:1033980001F0D4FE7B68242283F83D207B681B68FB
:1033A8001A687B681B6822F001021A607B681B6838
:1033B8001A687B681B6842F400421A607B681B68C5
:1033C8001A687B681B6822F400421A60FEF7C8FF7F
:1033D800F8607B685B68814A934207D8FB68804A3B
:1033E800934294BF01230023DBB206E0FB687D4AC9
:1033F800934294BF01230023DBB2002B01D00123A9
:10340800E7E0FB68784AA2FB03239B0CBB607B6860
:103418001B685B6823F03F017B681B68BA680A4336
:103428005A607B681B681B6A23F03F017B685B68F6
:103438006A4A934202D8BB68013309E0BB684FF47B
:10344800967202FB03F3694AA2FB03239B0901332B
:103458007A6812680B4313627B681B68DB6923F484
:103468004F4222F0FF027B685B685C498B4219D8A7
:10347800FB68591E7B685B685B00B1FBF3F3591C62
:1034880040F6FC730B40002B0AD0FB68591E7B6882
:103498005B685B00B1FBF3F30133C3F30B0351E04B
:1034A80004234FE07B689B68002B11D1FB68581EF2
:1034B8007B6859680B465B000B44B0FBF3F30133A0
:1034C800C3F30B03002B0CBF01230023DBB212E074
:1034D800FB68581E7B6859680B469B000B44990093
:1034E8000B44B0FBF3F30133C3F30B03002B0CBF06
:1034F80001230023DBB2002B01D0012322E07B68EB
:103508009B68002B0ED1FB68581E7B6859680B46D8
:103518005B000B44B0FBF3F30133C3F30B0343F439
:1035280000430FE0FB68581E7B6859680B469B00F8
:103538000B4499000B44B0FBF3F30133C3F30B03C3
:1035480043F44043796809681343CB617B681B687F
:103558001B6823F0C0017B68DA697B681B6A1A4321
:103568007B681B680A431A607B681B689B6823F4A6
:10357800034323F0FF037A6811697A68D26811431C
:103588007A6812680B4393607B681B68DB6823F0DA
:10359800FF017B685A697B689B691A437B681B68D3
:1035A8000A43DA607B681B681A687B681B6842F00C
:1035B80001021A607B6800221A647B68202283F863
:1035C8003D207B6800221A637B68002283F83E2036
:1035D800002318461037BD4680BD00BFA0860100F5
:1035E8007F841E00FF083D0083DE1B43D34D62101D
:1035F80080B588B002AFF8607A601A460B467B81C6
:1036080013463B81FEF7B4FA7861FB6893F83D30C6
:10361800DBB2202B40F0E0807B6900931923012264
:103628007049F86800F064F90346002B01D00223C2
:10363800D3E0FB6893F83C30012B01D10223CCE0A6
:10364800FB68012283F83C20FB681B681B6803F0B9
:103658000103012B07D0FB681B681A68FB681B680D
:1036680042F001021A60FB681B681A68FB681B6855
:1036780022F400621A60FB68212283F83D20FB686F
:10368800102283F83E20FB6800221A64FB687A68DF
:103698005A62FB683A895A85FB685B8D9AB2FB6867
:1036A8001A85FB68504ADA6279897B693A6AF86850
:1036B80000F09CF80346002B01D001238DE0002385
:1036C8003B61FB681B685B693B61FB681B689B6926
:1036D8003B613B6966E07A69396AF86800F022FA6A
:1036E8000346002B0DD0FB681B6C042B07D1FB682D
:1036F8001B681A68FB681B6842F400721A60012391
:103708006BE0FB685B6A1A78FB681B681A61FB68E8
:103718005B6A5A1CFB685A62FB685B8D9BB2013B73
:103728009AB2FB685A85FB681B8D013B9AB2FB680D
:103738001A85FB681B685B6903F00403042B1BD123
:10374800FB681B8D002B17D0FB685B6A1A78FB6837
:103758001B681A61FB685B6A5A1CFB685A62FB6843
:103768005B8D9BB2013B9AB2FB685A85FB681B8D47
:10377800013B9AB2FB681A857A69396AF86800F0E1
:1037880019FA0346002B0DD0FB681B6C042B07D1DC
:10379800FB681B681A68FB681B6842F400721A60B1
:1037A80001231AE0FB681B8D002B94D1FB681B6872
:1037B8001A68FB681B6842F400721A60FB682022D2
:1037C80083F83D20FB68002283F83E20FB68002236
:1037D80083F83C20002300E0022318461837BD4632
:1037E80080BD00BF020010000000FFFF80B588B058
:1037F80002AFF8607A603B600B467B81FB68DB6A4E
:103808007B617B69082B06D07B69012B03D07B6920
:1038180013F5803F08D1FB681B681A68FB681B68B2
:1038280042F480721A600BE0FB681B6B122B07D105
:10383800FB681B681A68FB681B6842F480721A6090
:103848003B6800937B6800224FF00111F86800F094
:103858004FF80346002B0DD0FB681B681B6803F468
:103868008073B3F5807F03D1FB684FF400721A644C
:10387800032335E0FB681B69B3F5804F08D17B89CA
:10388800DBB21A46FB681B6802F0FE021A611BE0F5
:103898007B89DB11DBB203F00603DBB263F00F03B5
:1038A800DAB2FB681B681A613B687A680E49F868E7
:1038B80000F098F80346002B01D0012310E07B8923
:1038C800DAB2FB681B681A613B687A680749F868CE
:1038D80000F088F80346002B01D0012300E0002304
:1038E80018461837BD4680BD0800010002000100D7
:1038F80080B584B000AFF860B9603B601346FB71D7
:1039080048E03B68B3F1FF3F44D0FEF731F9024687
:10391800BB69D31A3A689A4202D33B68002B39D163
:10392800BB681B0CDBB2012B0DD1FB681B685B6904
:10393800DA43BB6813409BB2002B0CBF0123002362
:10394800DBB21A460CE0FB681B689B69DA43BB686C
:1039580013409BB2002B0CBF01230023DBB21A4695
:10396800FB799A4216D1FB6800221A63FB68202271
:1039780083F83D20FB68002283F83E20FB681B6C1F
:1039880043F02002FB681A64FB68002283F83C209D
:10399800012323E0BB681B0CDBB2012B0DD1FB68B4
:1039A8001B685B69DA43BB6813409BB2002B0CBFF2
:1039B80001230023DBB21A460CE0FB681B689B69F5
:1039C800DA43BB6813409BB2002B0CBF01230023D2
:1039D800DBB21A46FB799A4293D000231846103777
:1039E800BD4680BD80B584B000AFF860B9607A602C
:1039F8003B6071E0FB681B685B6903F48063B3F5A7
:103A0800806F23D1FB681B681A68FB681B6842F447
:103A180000721A60FB681B686FF480625A61FB6869
:103A280000221A63FB68202283F83D20FB680022ED
:103A380083F83E20FB681B6C43F00402FB681A64A1
:103A4800FB68002283F83C20012367E07B68B3F120
:103A5800FF3F41D0FEF78CF802463B68D31A7A68DC
:103A68009A4202D37B68002B36D1BB681B0CDBB2B1
:103A7800012B0CD1FB681B685B69DA43BB681340F8
:103A88009BB2002B14BF01230023DBB20BE0FB68C1
:103A98001B689B69DA43BB6813409BB2002B14BFB9
:103AA80001230023DBB2002B16D0FB6800221A6327
:103AB800FB68202283F83D20FB68002283F83E2023
:103AC800FB681B6C43F02002FB681A64FB68002249
:103AD80083F83C20012321E0BB681B0CDBB2012BDF
:103AE8000CD1FB681B685B69DA43BB6813409BB267
:103AF800002B14BF01230023DBB20BE0FB681B681B
:103B08009B69DA43BB6813409BB2002B14BF0123A7
:103B18000023DBB2002B7FF46DAF0023184610376B
:103B2800BD4680BD80B584B000AFF860B9607A60EA
:103B380034E0F86800F086F80346002B01D0012332
:103B480034E0BB68B3F1FF3F28D0FEF711F8024616
:103B58007B68D31ABA689A4202D3BB68002B1DD17E
:103B6800FB681B685B6903F08003802B16D0FB6839
:103B780000221A63FB68202283F83D20FB6800229C
:103B880083F83E20FB681B6C43F02002FB681A6434
:103B9800FB68002283F83C20012307E0FB681B68D0
:103BA8005B6903F08003802BC3D1002318461037CC
:103BB800BD4680BD80B584B000AFF860B9607A605A
:103BC80034E0F86800F03EF80346002B01D00123EA
:103BD80034E0BB68B3F1FF3F28D0FDF7C9FF0246C8
:103BE8007B68D31ABA689A4202D3BB68002B1DD1EE
:103BF800FB681B685B6903F00403042B16D0FB68A1
:103C080000221A63FB68202283F83D20FB6800220B
:103C180083F83E20FB681B6C43F02002FB681A64A3
:103C2800FB68002283F83C20012307E0FB681B683F
:103C38005B6903F00403042BC3D100231846103733
:103C4800BD4680BD80B483B000AF78607B681B68D8
:103C58005B6903F48063B3F5806F1BD17B681B68D5
:103C68006FF480625A617B6800221A637B682022A5
:103C780083F83D207B68002283F83E207B681B6C1C
:103C880043F004027B681A647B68002283F83C20B6
:103C9800012300E0002318460C37BD4680BC70475E
:103CA80080B582B000AF78607B68002B01D101231A
:103CB80042E07B6893F84130DBB2002B06D17B6889
:103CC800002283F84020786801F064FB7B68242296
:103CD80083F841207B681B68DA687B681B6822F4DC
:103CE8000052DA60786801F01FF87B681B681A696F
:103CF8007B681B6822F490421A617B681B685A69CA
:103D08007B681B6822F02A025A617B681B68DA68A4
:103D18007B681B6842F40052DA607B6800225A64B0
:103D28007B68202283F841207B68202283F8422088
:103D38007B6800225A63002318460837BD4680BDB9
:103D480080B58AB002AFF860B9603B601346FB806B
:103D580000237B61FB6893F84130DBB2202B75D1DF
:103D6800BB68002B02D0FB88002B01D101236EE039
:103D7800FB6800225A64FB68212283F84120FDF782
:103D8800F7FE7861FB68FA889A84FB68FA88DA8417
:103D9800FB689B68B3F5805F08D1FB681B69002B43
:103DA80004D10023FB61BB68BB6103E0BB68FB6116
:103DB8000023BB612EE03B6800937B6900228021D1
:103DC800F86800F0FBFC0346002B05D0FB682022B6
:103DD80083F8412003233AE0FB69002B0BD1BB6930
:103DE8001B881A46FB681B68C2F308025A60BB6945
:103DF8000233BB6107E0FB691A78FB681B685A60ED
:103E0800FB690133FB61FB68DB8C9BB2013B9AB217
:103E1800FB68DA84FB68DB8C9BB2002BCBD13B6858
:103E280000937B6900224021F86800F0C7FC034634
:103E3800002B05D0FB68202283F84120032306E0ED
:103E4800FB68202283F84120002300E00223184663
:103E58002037BD4680BD80B58CB000AFF860B96032
:103E68001346FB80FB6893F84230DBB2202B46D127
:103E7800BB68002B02D0FB88002B01D101233FE057
:103E8800FB6801221A63FB6800225A63FB881A4602
:103E9800B968F86800F0ECFC034687F82F30FB6837
:103EA8001B6B012B25D100233B61FB681B681B683A
:103EB8003B61FB681B685B683B613B69FB681B688F
:103EC8000C33BB61BB6953E8003F7B617B6943F0FE
:103ED8001003BB62FB681B680C33BA6A7A623B62E8
:103EE800396A7A6A41E80023FB61FB69002BE5D156
:103EF80002E0012387F82F3097F82F3000E00223E3
:103F080018463037BD4680BD80B59AB000AF78609E
:103F18007B681B680C33BB64BB6C53E8003F7B6455
:103F28007B6C23F490737B667B681B680C337A6E1A
:103F38007A653B65396D7A6D41E80023FB64FB6C5B
:103F4800002BE5D17B681B6814337B637B6B53E8DC
:103F5800003F3B633B6B23F001033B667B681B68B8
:103F680014333A6E3A64FB63F96B3A6C41E8002308
:103F7800BB63BB6B002BE5D17B681B6B012B19D195
:103F88007B681B680C333B623B6A53E8003FFB616C
:103F9800FB6923F01003FB657B681B680C33FA6D23
:103FA800FA62BB62B96AFA6A41E800237B627B6AFB
:103FB800002BE5D17B681B685B6903F04003002B8D
:103FC80036D07B681B681433FB60FB6853E8003FFE
:103FD800BB60BB6823F04003BB657B681B68143378
:103FE800BA6DBA617B617969BA6941E800233B61BE
:103FF8003B69002BE5D17B68DB6B002B18D07B6815
:10400800DB6B00225A637B68DB6B1846FEF788FC83
:104018000346002B0CD07B68DB6B1846FFF700F8D3
:104028000346202B04D17B6810225A6403230AE03C
:104038007B680022DA857B68202283F842207B682F
:1040480000221A63002318466837BD4680BD000069
:1040580080B5BAB000AF78607B681B681B68C7F88A
:10406800E4307B681B68DB68C7F8E0307B681B6856
:104078005B69C7F8DC300023C7F8D8300023C7F8DD
:10408800D430D7F8E43003F00F03C7F8D830D7F8A6
:10409800D830002B0FD1D7F8E43003F02003002BE1
:1040A80009D0D7F8E03003F02003002B03D078685C
:1040B80000F07CFD5BE2D7F8D830002B00F0DE8002
:1040C800D7F8DC3003F00103002B06D1D7F8E03035
:1040D80003F49073002B00F0D180D7F8E43003F09C
:1040E8000103002B0BD0D7F8E03003F48073002BCA
:1040F80005D07B685B6C43F001027B685A64D7F893
:10410800E43003F00403002B0BD0D7F8DC3003F0C5
:104118000103002B05D07B685B6C43F002027B68CF
:104128005A64D7F8E43003F00203002B0BD0D7F819
:10413800DC3003F00103002B05D07B685B6C43F097
:1041480004027B685A64D7F8E43003F00803002BB4
:1041580011D0D7F8E03003F02003002B05D1D7F8B1
:10416800DC3003F00103002B05D07B685B6C43F067
:1041780008027B685A647B685B6C002B00F0F28154
:10418800D7F8E43003F02003002B08D0D7F8E0304C
:1041980003F02003002B02D0786800F007FD7B684D
:1041A8001B685B6903F04003002B14BF0123002345
:1041B800DBB2C7F8D4307B685B6C03F00803002BD4
:1041C80003D1D7F8D430002B4FD0786800F011FC19
:1041D8007B681B685B6903F04003002B41D07B6858
:1041E8001B681433C7F89C30D7F89C3053E8003F5D
:1041F800C7F89830D7F8983023F04003C7F8D03084
:104208007B681B681433D7F8D020C7F8A820C7F8F4
:10421800A430D7F8A410D7F8A82041E80023C7F89D
:10422800A030D7F8A030002BD9D17B68DB6B002BEE
:1042380013D07B68DB6B7E4A5A637B68DB6B18465E
:10424800FEF7AAFB0346002B16D07B68DB6B5B6B83
:104258007A68D26B104698470EE0786804F060F8E8
:104268000AE0786804F05CF806E0786804F058F82A
:104278007B6800225A6475E100BF73E17B681B6BA1
:10428800012B40F04F81D7F8E43003F01003002BE6
:1042980000F04881D7F8E03003F01003002B00F05D
:1042A80041810023BB607B681B681B68BB607B681F
:1042B8001B685B68BB60BB687B681B685B6903F055
:1042C8004003002B00F0B6807B68DB6B1B685B68E3
:1042D800A7F8BE30B7F8BE30002B00F045817B68E8
:1042E8009B8DB7F8BE209A4280F03E817B68B7F874
:1042F800BE20DA857B68DB6B9B69202B00F0888009
:104308007B681B680C33C7F88830D7F8883053E8C7
:10431800003FC7F88430D7F8843023F48073C7F897
:10432800B8307B681B680C33D7F8B820C7F89420DE
:10433800C7F89030D7F89010D7F8942041E80023B8
:10434800C7F88C30D7F88C30002BD9D17B681B6824
:1043580014337B677B6F53E8003F3B673B6F23F069
:104368000103C7F8B4307B681B681433D7F8B4204E
:10437800C7F88020FB67F96FD7F8802041E8002351
:10438800BB67BB6F002BE1D17B681B6814333B66AE
:104398003B6E53E8003FFB65FB6D23F04003C7F815
:1043A800B0307B681B681433D7F8B020FA66BB6658
:1043B800B96EFA6E41E800237B667B6E002BE3D171
:1043C8007B68202283F842207B6800221A637B687E
:1043D8001B680C33FB64FB6C53E8003FBB64BB6C8D
:1043E80023F01003C7F8AC307B681B680C33D7F890
:1043F800AC20BA657B65796DBA6D41E800233B65F1
:104408003B6D002BE3D17B68DB6B1846FEF788FA1F
:104418007B6802225A637B689A8D7B68DB8D9BB22E
:10442800D31A9BB21946786803F032FF9CE000BFAC
:10443800BF4A00087B689A8D7B68DB8D9BB2D31AD4
:10444800A7F8CE307B68DB8D9BB2002B00F08E8006
:10445800B7F8CE30002B00F089807B681B680C33DE
:10446800BB63BB6B53E8003F7B637B6B23F49073A8
:10447800C7F8C8307B681B680C33D7F8C8207A6443
:104488003B64396C7A6C41E80023FB63FB6B002BBF
:10449800E3D17B681B6814337B627B6A53E8003F77
:1044A8003B623B6A23F00103C7F8C4307B681B6892
:1044B8001433D7F8C4203A63FB62F96A3A6B41E8CF
:1044C8000023BB62BB6A002BE3D17B68202283F800
:1044D80042207B6800221A637B681B680C333B61AF
:1044E8003B6953E8003FFB60FB6823F01003C7F803
:1044F800C0307B681B680C33D7F8C020FA61BB61F9
:10450800B969FA6941E800237B617B69002BE3D133
:104518007B6802225A63B7F8CE301946786803F0F0
:10452800B7FE23E0D7F8E43003F08003002B09D06E
:10453800D7F8E03003F08003002B03D0786800F050
:10454800CEFA14E0D7F8E43003F04003002B0ED085
:10455800D7F8E03003F04003002B08D0786800F06B
:104568000DFB04E000BF02E000BF00E000BFE83739
:10457800BD4680BD80B483B000AF786000BF0C3703
:10458800BD4680BC704780B483B000AF786000BF80
:104598000C37BD4680BC704780B483B000AF7860EC
:1045A80000BF0C37BD4680BC704780B483B000AFF5
:1045B80078607B685B6C18460C37BD4680BC7047DA
:1045C80080B59CB000AF78607B685B6AFB667B68EF
:1045D8001B681B6803F02003002B72D1FB6E0022BE
:1045E800DA85FB6E1B680C33FB64FB6C53E8003FF9
:1045F800BB64BB6C23F48073BB66FB6E1B680C3317
:10460800BA6EBA657B65796DBA6D41E800233B6582
:104618003B6D002BE5D1FB6E1B681433BB63BB6B92
:1046280053E8003F7B637B6B23F001037B66FB6EE3
:104638001B6814337A6E7A643B64396C7A6C41E88F
:104648000023FB63FB6B002BE5D1FB6E1B68143367
:104658007B627B6A53E8003F3B623B6A23F040037E
:104668003B66FB6E1B6814333A6E3A63FB62F96A69
:104678003A6B41E80023BB62BB6A002BE5D1FB6EB5
:10468800202283F84220FB6E1B6B012B19D1FB6E95
:104698001B680C333B613B6953E8003FFB60FB68D8
:1046A80023F01003FB65FB6E1B680C33FA6DFA618F
:1046B800BB61B969FA6941E800237B617B69002B1A
:1046C800E5D1FB6E00225A63FB6E1B6B012B06D1F2
:1046D800FB6E9B8D1946F86E03F0DAFD02E0F86E6A
:1046E800FFF751FF00BF7037BD4680BD80B584B06D
:1046F80000AF78607B685B6AFB60FB6801225A63E5
:10470800FB681B6B012B08D1FB689B8D5B089BB278
:104718001946F86803F0BCFD02E0F868FFF73CFFB3
:1047280000BF1037BD4680BD80B584B000AF78604B
:104738000023FB607B685B6ABB60BB681B685B69C6
:1047480003F08003002B14BF01230023DBB2FB60BE
:10475800BB6893F84130DBB2212B08D1FB68002BF2
:1047680005D0BB680022DA84B86800F01BF9BB6882
:104778001B685B6903F04003002B14BF012300236F
:10478800DBB2FB60BB6893F84230DBB2222B08D166
:10479800FB68002B05D0BB680022DA85B86800F0FA
:1047A80028F9BB685B6C43F01002BB685A64B868B0
:1047B80003F0B6FD00BF1037BD4680BD80B586B09A
:1047C80000AFF860B9603B601346FB713BE03B6AA1
:1047D800B3F1FF3F37D0FDF7CBF902463B68D31A58
:1047E8003A6A9A4202D33B6A002B01D103233AE08A
:1047F800FB681B68DB6803F00403002B23D0BB684D
:10480800802B20D0BB68402B1DD0FB681B681B6821
:1048180003F00803082B16D100237B61FB681B6893
:104828001B687B61FB681B685B687B617B69F86858
:1048380000F0DFF8FB6808225A64FB68002283F85E
:10484800402001230FE0FB681B681A68BB6813400F
:10485800BA689A420CBF01230023DBB21A46FB79DF
:104868009A42B4D0002318461837BD4680BD0000D0
:1048780080B598B000AFF860B9601346FB80BA689D
:10488800FB689A62FB68FA889A85FB6800225A647A
:10489800FB68222283F84220FB68DB6B3E4A9A625F
:1048A800FB68DB6B3D4ADA62FB68DB6B3C4A1A63E8
:1048B800FB68DB6B00225A6307F10803FB65FB68A2
:1048C800D86BFB681B6804331946FB6D1A68FB88B4
:1048D800FDF7C6FF00233B61FB681B681B683B6153
:1048E800FB681B685B683B613B69FB681B69002BC5
:1048F80019D0FB681B680C333B643B6C53E8003FE2
:10490800FB63FB6B43F48073BB65FB681B680C336C
:10491800BA6DFA64BB64B96CFA6C41E800237B6435
:104928007B6C002BE5D1FB681B681433FB62FB6AC8
:1049380053E8003FBB62BB6A43F001037B65FB6839
:104948001B6814337A6DBA637B63796BBA6B41E881
:1049580000233B633B6B002BE5D1FB681B681433DA
:10496800BB61BB6953E8003F7B617B6943F040034F
:104978003B65FB681B6814333A6D7A623B62396A9F
:104988007A6A41E80023FB61FB69002BE5D100232B
:1049980018466037BD4680BDC9450008F546000881
:1049A8003147000880B489B000AF78607B681B6825
:1049B8000C33FB60FB6853E8003FBB60BB6823F027
:1049C800C003FB617B681B680C33FA69BA617B61C1
:1049D8007969BA6941E800233B613B69002BE5D15D
:1049E8007B68202283F8412000BF2437BD4680BC65
:1049F800704780B495B000AF78607B681B680C3353
:104A08007B637B6B53E8003F3B633B6B23F4907302
:104A1800FB647B681B680C33FA6C3A64FB63F96BC4
:104A28003A6C41E80023BB63BB6B002BE5D17B6884
:104A38001B6814333B623B6A53E8003FFB61FB6928
:104A480023F00103BB647B681B681433BA6CFA62F9
:104A5800BB62B96AFA6A41E800237B627B6A002B71
:104A6800E5D17B681B6B012B19D17B681B680C3364
:104A7800FB60FB6853E8003FBB60BB6823F0100392
:104A88007B647B681B680C337A6CBA617B617969DB
:104A9800BA6941E800233B613B69002BE5D17B689B
:104AA800202283F842207B6800221A6300BF543713
:104AB800BD4680BC704780B584B000AF78607B6825
:104AC8005B6AFB60FB680022DA85FB680022DA84F7
:104AD800F86803F025FC00BF1037BD4680BD80B4E0
:104AE80085B000AF78607B6893F84130DBB2212B4A
:104AF8003ED17B689B68B3F5805F14D17B681B69E6
:104B0800002B10D17B681B6AFB60FB681B881A4668
:104B18007B681B68C2F308025A607B681B6A9A1C90
:104B28007B681A6208E07B681B6A591C7A68116204
:104B38001A787B681B685A607B68DB8C9BB2013BE8
:104B48009BB27A681946D184002B0FD17B681B6809
:104B5800DA687B681B6822F08002DA607B681B6871
:104B6800DA687B681B6842F04002DA60002300E0E4
:104B7800022318461437BD4680BC704780B582B002
:104B880000AF78607B681B68DA687B681B6822F076
:104B98004002DA607B68202283F841207868FFF7BA
:104BA800E9FC002318460837BD4680BD80B58CB0A7
:104BB80000AF78607B6893F84230DBB2222B40F07C
:104BC800AE807B689B68B3F5805F17D17B681B69F3
:104BD800002B13D10023FB627B689B6ABB627B6856
:104BE8001B685B689BB2C3F308039AB2BB6A1A805E
:104BF8007B689B6A9A1C7B689A6226E07B689B6A42
:104C0800FB620023BB627B689B68B3F5805F07D0BB
:104C18007B689B68002B0AD17B681B69002B06D137
:104C28007B681B685B68DAB2FB6A1A7008E07B680D
:104C38001B685B68DBB203F07F03DAB2FB6A1A70A9
:104C48007B689B6A5A1C7B689A627B68DB8D9BB287
:104C5800013B9BB27A681946D185002B5DD17B68F0
:104C68001B68DA687B681B6822F02002DA607B68C0
:104C78001B68DA687B681B6822F48072DA607B68DC
:104C88001B685A697B681B6822F001025A617B68BD
:104C9800202283F842207B6800225A637B681B6BC2
:104CA800012B35D17B6800221A637B681B680C33A3
:104CB8007B617B6953E8003F3B613B6923F010034C
:104CC8007B627B681B680C337A6A3A62FB61F9691C
:104CD8003A6A41E80023BB61BB69002BE5D17B68D8
:104CE8001B681B6803F01003102B0AD10023FB601C
:104CF8007B681B681B68FB607B681B685B68FB60E4
:104D0800FB687B689B8D1946786803F0C1FA02E05E
:104D18007868FFF738FC002302E0002300E0022354
:104D280018463037BD4680BD80B584B000AF786086
:104D38007B681B681B6923F440517B68DA687B68D1
:104D48001B680A431A617B689A687B681B691A4367
:104D58007B685B691343BB607B681B68DB6823F473
:104D6800B05323F00C037A681268B9680B43D36018
:104D78007B681B685B6923F440717B689A697B6870
:104D88001B680A435A617B681B682C4A934203D10B
:104D9800FDF7FAFAF86002E0FDF7E2FAF860FA685F
:104DA80013469B0013449A001A447B685B689B0077
:104DB800B2FBF3F3224AA2FB03235B091901FA6849
:104DC80013469B0013449A001A447B685B689B0057
:104DD800B2FBF3F21A4BA3FB02035B09642000FB4E
:104DE80003F3D31A1B013233154AA2FB03235B09D1
:104DF80003F0F0031944FA6813469B0013449A0021
:104E08001A447B685B689B00B2FBF3F20C4BA3FB74
:104E180002035B09642000FB03F3D31A1B0132333E
:104E2800074AA2FB03235B0903F00F027B681B6898
:104E38000A449A6000BF1037BD4680BD0038014063
:104E48001F85EB5180B500AFFCF73AFE00F028F85B
:104E580000F08EF800F026F900F042F900F01CFA94
:104E680000F044FA00F06CFA00F0A6F90A4B1B684F
:104E780098680023022200210CF03CFC07480CF043
:104E880031FC02F0D5FF0AF0AFFA0AF0E1FA03F0BC
:104E980065FA00BFF9E700BF8C010020C044010893
:104EA80080B590B000AF07F11803282200211846FA
:104EB8000CF0E0FD3B1D00221A605A609A60DA602F
:104EC8001A610123BB614FF48033FB6100233B620D
:104ED8000123BB6202237B634FF48033BB634FF42F
:104EE800E013FB6307F118031846FCF76FFE03464F
:104EF800002B01D000F036F80F237B600223BB6043
:104F08000023FB604FF480633B6100237B613B1D02
:104F180002211846FDF7DCF80346002B01D000F00B
:104F280021F800BF4037BD4680BD000080B584B081
:104F380000AF78607B68DBB2FB7307F10F010A23CF
:104F480001220748FEF7FCFE0346002B01D17B68CF
:104F580001E04FF0FF3318461037BD4680BD00BF53
:104F68009802002080B400AF72B600BF00BFFDE712
:104F780080B588B000AF07F1100300221A605A60AC
:104F88009A60DA60434B9B69424A43F0200393617D
:104F9800404B9B6903F02003FB60FB683D4B9B691A
:104FA8003C4A43F0100393613A4B9B6903F01003AA
:104FB800BB60BB68374B9B69364A43F00403936177
:104FC800344B9B6903F004037B607B68314B9B691E
:104FD800304A43F0080393612E4B9B6903F00803A2
:104FE8003B603B68012202212B48FDF7AAFB002207
:104FF8004FF480512848FDF7A4FB01224FF480713B
:105008002648FDF79EFB2F233B6100237B6101238C
:10501800BB6107F1100319462148FDF7E7F90123A1
:105028003B6100237B610223BB6107F11003194632
:105038001A48FDF7DBF941F202033B6101237B616A
:105048000023BB610223FB6107F1100319461248D4
:10505800FDF7CCF94FF480733B6101237B6100239A
:10506800BB610223FB6107F1100319460B48FDF7EA
:10507800BDF94FF400433B6100237B610123BB6111
:1050880007F1100319460548FDF7B0F900BF2037AE
:10509800BD4680BD00100240000C014000080140E0
:1050A8000010014080B582B000AF0C4B5B690B4A21
:1050B80043F001035361094B5B6903F001037B6013
:1050C8007B68002205211020FEF7FBF81020FEF770
:1050D80014F900BF0837BD4680BD00BF001002406C
:1050E80080B500AF124B134A1A60114B124A5A602E
:1050F8000F4B00229A600E4B0022DA600C4B4FF4E3
:1051080080421A610A4B00225A61094B00229A61B7
:10511800074B0022DA61064B00221A620448FEF7A8
:1051280023F90346002B01D0FFF71CFF00BF80BD09
:10513800FC01002000540040801A060080B588B0A9
:1051480000AF786007F1100300221A605A609A6075
:10515800DA607B681B68154A934223D1144B9B691C
:10516800134A43F008039361114B9B6903F008034A
:10517800FB60FB68C0233B6112237B610323FB6157
:1051880007F1100319460B48FDF730F9084BDB69A6
:10519800074A43F40013D361054BDB6903F400139A
:1051A800BB60BB6800BF2037BD4680BD00540040CF
:1051B80000100240000C014080B586B000AF07F136
:1051C800080300221A605A609A60DA603B4600229F
:1051D8001A605A601D4B4FF080421A601B4B4722E1
:1051E8005A601A4B00229A60184B40F2E732DA6094
:1051F800164B00221A61154B80229A611348FCF75E
:1052080091F80346002B01D0FFF7ACFE4FF4805312
:10521800BB6007F1080319460C48FCF7C2F90346BE
:10522800002B01D0FFF79EFE00233B6000237B602C
:105238003B4619460548FCF7C5FB0346002B01D041
:10524800FFF790FE00BF1837BD4680BD5002002012
:1052580080B584B000AF78607B681B68B3F1804F7D
:1052680013D10C4BDB690B4A43F00103D361094BA3
:10527800DB6903F00103FB60FB68002205211C20A9
:10528800FEF71FF81C20FEF738F800BF1037BD46A0
:1052980080BD00BF0010024080B500AF114B124A1C
:1052A8001A60104B4FF4E1325A600E4B00229A609C
:1052B8000C4B0022DA600B4B00221A61094B0C22BE
:1052C8005A61084B00229A61064B0022DA610548B0
:1052D800FEF7E6FC0346002B01D0FFF743FE00BFB4
:1052E80080BD00BF980200200038014080B500AFA3
:1052F800114B124A1A60104B4FF4E1325A600E4BB0
:1053080000229A600C4B0022DA600B4B00221A61D3
:10531800094B0C225A61084B00229A61064B002265
:10532800DA610548FEF7BCFC0346002B01D0FFF705
:1053380019FE00BF80BD00BFE0020020004400400D
:1053480080B500AF114B124A1A60104B4FF4E1328E
:105358005A600E4B00229A600C4B0022DA600B4B0D
:1053680000221A61094B0C225A61084B00229A61EB
:10537800064B0022DA610548FEF792FC0346002B33
:1053880001D0FFF7EFFD00BF80BD00BF280300205C
:105398000048004080B58CB000AF786007F120036A
:1053A80000221A605A609A60DA607B681B686E4A4D
:1053B800934232D16D4B9B696C4A43F480439361AD
:1053C8006A4B9B6903F48043FB61FB69674B9B69EC
:1053D800664A43F004039361644B9B6903F004033A
:1053E800BB61BB694FF400733B6202237B620323FA
:1053F800FB6207F1200319465D48FCF7F7FF4FF4FD
:1054080080633B6200237B620023BB6207F12003B9
:1054180019465748FCF7EAFFA2E07B681B68554A23
:1054280093425ED1514BDB69504A43F40033D36158
:105438004E4BDB6903F400337B617B694B4B9B6903
:105448004A4A43F004039361484B9B6903F0040301
:105458003B613B6904233B6202237B620323FB62BB
:1054680007F1200319464248FCF7C0FF08233B62B6
:1054780000237B620023BB6207F1200319463C48E6
:10548800FCF7B4FF3C4B3D4A1A603B4B00225A6084
:10549800394B00229A60384B8022DA60364B002262
:1054A8001A61354B00225A61334B20229A61324BE4
:1054B8000022DA613048FDF75DF90346002B01D080
:1054C800FFF750FD7B682C4ADA632B4A7B685362EE
:1054D800002205212620FDF7F4FE2620FDF70DFF0A
:1054E8003EE07B681B68264A934239D11F4BDB6933
:1054F8001E4A43F48023D3611C4BDB6903F48023E9
:10550800FB60FB68194B9B69184A43F008039361D9
:10551800164B9B6903F00803BB60BB684FF48063BC
:105528003B6202237B620323FB6207F120031946D7
:105538001448FCF75BFF4FF400633B6200237B6277
:105548000023BB6207F1200319460E48FCF74EFF03
:10555800002205212720FDF7B4FE2720FDF7CDFE08
:1055680000BF3037BD4680BD003801400010024002
:105578000008014000440040700300206C00024015
:1055880000480040000C014080B400AF00BFFDE7B8
:1055980080B400AF00BFFDE780B400AF00BFFDE7F7
:1055A80080B400AF00BFFDE780B400AF00BFFDE7E7
:1055B80080B400AF00BFBD4680BC704780B400AF68
:1055C80000BFBD4680BC704780B400AF00BFBD4679
:1055D80080BC704780B500AFFCF7B8FA00BF80BD4B
:1055E80080B500AF0248FDF7DFFA00BF80BD00BFFD
:1055F8007003002080B500AF0248FBF7E2FE00BF51
:1056080080BD00BF5002002080B500AF0248FEF701
:105618001FFD00BF80BD00BFE002002080B500AFC5
:105628000248FEF715FD00BF80BD00BF280300201B
:1056380080B584B000AF184B9B69174A43F001034B
:105648009361154B9B6903F00103BB60BB68124B68
:10565800DB69114A43F08053D3610F4BDB6903F0D8
:1056680080537B607B6800220F216FF00100FDF7FB
:1056780028FE0A4B5B68FB60FB6823F0E063FB6075
:10568800FB6843F00073FB60044AFB68536000BF8B
:105698001037BD4680BD00BF001002400000014029
:1056A80080B586B000AF7860144A154BD31A7B6179
:1056B8007B693B61134B1B68002B02D1114B124ACB
:1056C8001A60104B1A687B6813443A699A4207D2E9
:1056D8000CF042FA03460C221A604FF0FF3309E03F
:1056E800084B1B68FB60074B1A687B681344054A24
:1056F8001360FB6818461837BD4680BD00C00020FF
:1057080000040000B4030020100E002080B400AF95
:1057180001231846BD4680BC704780B582B000AFF3
:10572800786039600CF018FA034616221A604FF0B8
:10573800FF3318460837BD4680BD80B582B000AF3C
:1057480078604FF0FF317868FFF7E7FF00BFFDE7AB
:1057580080B586B000AFF860B9607A6000237B61DD
:105768000AE0AFF300800146BB685A1CBA60CAB2AF
:105778001A707B6901337B617A697B689A42F0DB36
:105788007B6818461837BD4680BD80B586B000AF27
:10579800F860B9607A6000237B6109E0BB685A1C35
:1057A800BA601B781846FFF7C1FB7B6901337B6140
:1057B8007A697B689A42F1DB7B6818461837BD46E0
:1057C80080BD80B483B000AF78604FF0FF331846D7
:1057D8000C37BD4680BC704780B483B000AF78609A
:1057E80039603B684FF400525A60002318460C3762
:1057F800BD4680BC704780B483B000AF7860012399
:1058080018460C37BD4680BC704780B485B000AFE1
:10581800F860B9607A60002318461437BD4680BC2A
:1058280070470000FBF778FD0B480C490C4A002331
:1058380002E0D458C4500433C4188C42F9D3094A3E
:10584800094C002301E013600432A242FBD30CF0A0
:1058580089F9FFF7F7FA704700000020DC01002003
:1058680018850108DC010020100E0020FEE780B436
:1058780085B000AF78600B467B804FF6FF73FB81E5
:105888000023BB8126E0BB897A6813441B781A463B
:10589800FB895340FB810023FB7215E0FB8903F071
:1058A8000103002B0AD0FB895B08FB81FB8983F489
:1058B800BF4383F07E03DB43FB8102E0FB895B0887
:1058C800FB81FB7A0133FB72FB7A072BE6D9BB8994
:1058D8000133BB81BA897B889A42D4D3FB891846A5
:1058E8001437BD4680BC704780B483B000AF034610
:1058F800FB71FB79062B1FD801A252F823F000BFD9
:1059080025590008295900082D590008315900085F
:1059180035590008395900083D590008094B0CE071
:10592800094B0AE0094B08E0094B06E0094B04E083
:10593800094B02E0094B00E0094B18460C37BD46FD
:1059480080BC7047084501080C450108144501084A
:105958001C45010824450108304501083C4501085B
:105968004845010880B400AF024B1846BD4680BCCC
:10597800704700BF4C45010880B582B000AF0346B0
:105988003960FB71074AFB791376FCF7F1F8024698
:105998003B68D31A034A1361FB7918460837BD469A
:1059A80080BD00BFB803002080B582B000AF78602A
:1059B8000B467B8013463B805C22002117480CF085
:1059C80059F87B68002B1ED07B88002B1BD07B6886
:1059D8001A78124B1A707B88012B03D97B68013324
:1059E8001B7800E000230D4A53707B88202B28BFCA
:1059F80020239AB2094BDA80084BDB881A4679686B
:105A080007480CF0E4F8054A3B885381034B002211
:105A18001A7100BF0837BD4680BD00BFB80300201B
:105A2800D103002080B500AF2720FDF774FC2720A4
:105A3800FDF78BFC00BF80BD80B483B000AF074B7F
:105A48001B681B687B60054B1B685B683B607B6859
:105A58003B6800BF0C37BD4680BC70472803002058
:105A680080B485B000AF78600023FB607B6803F0EA
:105A78000103002B03D0FB6843F00103FB607B6844
:105A880003F00403002B03D0FB6843F00203FB6020
:105A98007B6803F00203002B03D0FB6843F0040388
:105AA800FB607B6803F00803002B03D0FB6843F01E
:105AB8000803FB60FB6818461437BD4680BC704776
:105AC80080B400AF0C4B1B685A690B4B1B6822F063
:105AD80040025A61094B1B68084A23F0010313600E
:105AE800074B4FF470625A60064B00221A7000BFD1
:105AF800BD4680BC704700BF28030020300002402C
:105B0800000002405404002080B582B000AF1F4B53
:105B18005B691E4A43F0010353611C4B5B6903F048
:105B280001037B607B68FFF7CBFF40220021184808
:105B38000BF0A0FF174B1B681A1D174B9A60164BEA
:105B4800134ADA60144B40225A60134B4FF4425206
:105B58001A60114B1B68104A43F0010313600D4B88
:105B68001B685A690B4B1B6842F040025A61094B8B
:105B78001B68DA68074B1B6842F00402DA60074BBF
:105B880001221A7000BF0837BD4680BD00100240D0
:105B98001404002028030020300002405404002090
:105BA80080B582B000AF2948FEF7AEF9FFF73AFF9B
:105BB800FFF786FF254B1B68DA68244B1B6822F029
:105BC8002002DA60214B1B68DA68204B1B6822F43C
:105BD8008072DA601D4B1B685A691C4B1B6822F0E7
:105BE80001025A61194B1B68DA68184B1B6822F0CE
:105BF8000402DA600023FB710CE0144B1B681B687D
:105C080003F02003202B09D1104B1B685B68FB793C
:105C18000133FB71FB791F2BEFD900E000BFFFF7C1
:105C28000BFF0A4B00225A64084B0022DA85074B07
:105C380000229A85054B202283F84220034B00223C
:105C48001A6300BF0837BD4680BD00BF2803002087
:105C580080B500AF174B1B68DA68164B1B6842F01B
:105C68000402DA60134B1B681B6803F00803082B57
:105C780014D0104B1B681B6803F00203022B0DD0D5
:105C88000C4B1B681B6803F00403042B06D0094B5C
:105C98001B681B6803F00103012B01D1FFF7CCFE41
:105CA800044B00225A64034B202283F8422000BF91
:105CB80080BD00BF2803002080B584B000AF7860A5
:105CC8000B467B807B68002B02D07B88042B01D895
:105CD800002320E07B88023B9BB219467868FFF7D7
:105CE800C6FD0346FB817B88023B7A6813441B7818
:105CF8001AB27B88013B79680B441B781BB21B02E4
:105D08001BB213431BB2BB81FA89BB899A4201D1EA
:105D1800012300E0002318461037BD4680BD00006F
:105D280080B483B000AF0A4B5B68FB80BFF35F8F22
:105D380000BFFB88402B01D94023FB80FB88C3F1BF
:105D480040039BB218460C37BD4680BC704700BF65
:105D58003000024080B584B000AF78600846114634
:105D68001A4603467B800B467B7013463B707B6864
:105D7800002B02D03B8B042B01D8002362E00023C8
:105D8800FB8159E0FB897A6813441B787A789A4238
:105D98004ED1FB8901337A6813441B787B733B78B7
:105DA80063F07F03DBB27A7B9A421DD17A88FB8944
:105DB800D31A9BB2042B3CD9FB897A68134405217A
:105DC8001846FFF779FF0346002B32D0FB69002BFA
:105DD80002D0FB69FA891A803B6A002B02D03B6A21
:105DE80005221A8001232DE07A7B3B789A4220D144
:105DF8007A88FB89D31A9BB23A8B9A4219D8FB89C5
:105E08007A6813443A8B11461846FFF755FF034644
:105E1800002B0ED0FB69002B02D0FB69FA891A808F
:105E28003B6A002B02D03B6A3A8B1A80012309E0B7
:105E380000BFFB890133FB81FB899A1C7B889A424E
:105E4800A0D9002318461037BD4680BD80B58CB058
:105E580004AF7860084611461A4603467B800B4615
:105E68007B7013463B70FBF783FE38610023FB838E
:105E78000023BB8100237B810023BB617B68002B4F
:105E880005D07B88002B02D07B88402B07D9BB6AC2
:105E9800002B02D0BB6A00221A800123DAE07B883B
:105EA8001A46002178680BF0E5FD6C4B00225A6415
:105EB8006A4A7B889385694A7B88D385674B222207
:105EC80083F84220664B1B78002B79D1634B1B6803
:105ED800DA68624B1B6822F00402DA6002E05F4B6A
:105EE8001B685B685D4B1B681B6803F02003202B55
:105EF800F5D0FFF7A1FDFFF707FE61E0FFF710FF00
:105F08000346FB81FA89FB8B9A420DD9FB89FB83F7
:105F18007A88FB8B9A4204D97A88FB8BD31A9BB276
:105F280000E000234D4AD38538787A78F98B07F159
:105F38000A03029307F10C0301937B88009303463D
:105F48004848FFF707FF0346002B2CD07B897A8847
:105F58009A4201D27B887B81404B1B681B6818469C
:105F6800FFF77EFD0246BB691343BB61BB891A4636
:105F78003C4B13447A89194678680BF028FEFFF7E2
:105F88009FFD364B0022DA85344B202283F84220CD
:105F9800BB6A002B02D07A89BB6A1A802F4ABB6978
:105FA8005364002356E02D4B1B681B681846FFF707
:105FB80057FD0246BB691343BB61FB8B3F2B08D8D7
:105FC800FBF7D6FD02463B69D31AB3F5C87F95D3D4
:105FD80000E000BFFFF7A4FE0346FB82FB8A402BCC
:105FE80001D94023FB82FFF76BFD1C4B1B68DA6865
:105FF8001A4B1B6822F00402DA60FA8A7B889A42FC
:1060080001D97B88FB82FB8A002B05D0FB8A1A46C4
:10601800144978680BF0DBFD104ABB695364BB690F
:10602800002B01D0FFF708FD7A88FB8AD31A9AB2B1
:106038000A4BDA85094B202283F84220BB6A002BE1
:1060480002D0BB6AFA8A1A80BB69002B01D00123EF
:1060580000E0032318462037BD4680BD28030020F2
:10606800540400201404002080B584B000AFF86008
:106078007B600B467B8113467B727B890022194625
:10608800F868FFF791FC7B7A002B01D1012200E030
:106098000022064B1A71054A7B7A1376034A7B68FD
:1060A800136100BF1037BD4680BD00BFB803002094
:1060B80080B586B000AFF860B9601346FB80FB6816
:1060C800002B01D0FB6800E0114B194611480BF07A
:1060D80099FA0023FB8212E0FB8ABA6813441B7802
:1060E80019460D480BF08EFAFB8A5A1CFB889A4217
:1060F80002D220200BF098FAFB8A0133FB82FA8A3D
:10610800FB889A42E8D300BF00BF1837BD4680BD60
:10611800584501085C45010860450108F0B58BB099
:1061280006AF78607B68002B01D07B6800E0314BBC
:10613800FB60314B1B7E1846FFF7D6FB02462E4B01
:106148001B781E462C4B5B7819462B4BDB88184670
:10615800294B1B891C46284B5B891D46264B1B690E
:10616800049303950294019000913346F9682348FB
:106178000BF048FA204B9B78002B05D01E4B9B78E0
:1061880019461F480BF03EFA1B4B9B89002B03D185
:10619800194BDB89002B08D0174B9B891946164BE6
:1061A800DB891A4617480BF02DFA134B5B69002B55
:1061B80005D0114B5B69194613480BF023FA1348B5
:1061C8000BF090FA0C4BDB881A4611491148FFF77F
:1061D8006FFF0E480BF086FA074B1B891A460E49CB
:1061E8000E48FFF765FF09480BF07CFA00BF14372B
:1061F800BD46F0BD68450108B80300207045010898
:10620800C4450108D8450108FC45010810460108A5
:10621800D103002014460108F10300201C460108A0
:1062280080B485B000AF03460A46FB711346BB71C4
:10623800FB79022B04D0FB79042B01D0012300E069
:106248000023FB73BB79012B01D1FB7B05E0FB7BB2
:10625800002B0CBF01230023DBB218461437BD46C0
:1062680080BC704780B59CB002AFF8607A601A466F
:106278000B467B8113463B81FBF77AFC7866FB680B
:10628800002B09D07B68002B06D07B890233402B7A
:1062980002D83B89202B0BD93A897B891946F868A3
:1062A800FFF782FB796E0520FFF766FB0346D4E112
:1062B8007A8907F11403F96818460BF088FC7A8983
:1062C80007F1140311461846FFF7D1FA0346A7F859
:1062D80062307B89B7F86220D2B268333B4403F856
:1062E800542CB7F862301B0A9AB27B890133D2B2B8
:1062F80068333B4403F8542C7B890233A7F8603099
:106308003A89B7F8601007F114031846FFF74CFBF9
:10631800FFF746FCFB6801331B78062B01D00123ED
:1063280000E0002387F85F3097F85F30002B01D03A
:10633800FFF7EAFBB7F8602007F114013223914810
:10634800FDF7FEFC034687F85E3097F85E30002BB9
:1063580010D0FFF7B5FBFFF77BFC97F85E30022BF8
:1063680001D1062300E00123796E1846FFF704FBEC
:10637800034672E1844B01221A713B891A460021B7
:1063880078680BF077FB00237B82FB681A78FB6840
:1063980001331878398907F11203009303467868A6
:1063A800FFF754FD034687F85D307B8A202B01D91F
:1063B80020237B827A8A744B1A817B8A002B05D032
:1063C8007B8A1A46796871480BF001FC6D4B5B6C4F
:1063D8006D4A536197F85D30002B12D07B8A3A8959
:1063E8009A420ED97B8A042B05D97B6801331B7826
:1063F8005BB2002B05DB796E0220FFF7BDFA03467E
:106408002BE1614B1B89A7F85A30B7F85A30002B9B
:1064180015D07B681A78FB681B789A420FD0B7F8BA
:106428005A203B899A4201D3012200E00022564BB0
:10643800DA70796E0520FFF79FFA03460DE1B7F889
:106448005A30012B22D97B6801331A78FB68013353
:106458001B7863F07F03DBB29A4217D07B68013365
:106468001A78FB6801331B789A420FD0B7F85A2084
:106478003B899A4201D3012200E00022424BDA70A4
:10648800796E0520FFF778FA0346E6E0B7F85A3048
:10649800012B3FD97B6801331B785BB2002B39DABB
:1064A800B7F85A30042B05D8796E0220FFF764FA42
:1064B8000346D2E0344B0122DA707B689A78324B7B
:1064C8009A7003217868FFF7D2F903461A462E4BD3
:1064D8009A817B6803331B781AB27B6804331B7874
:1064E8001BB21B021BB213431BB29AB2264BDA81B2
:1064F800254B9A89244BDB899A4205D0796E032073
:10650800FFF73AFA0346A8E0796E0420FFF734FA59
:106518000346A2E0B7F85A203B899A4205D2796E21
:106528000220FFF729FA034697E0174B0122DA7099
:106538003B89023B9BB219467868FFF798F90346F6
:106548001A46114B9A813B89023B7A6813441B789F
:106558001AB23B89013B79680B441B781BB21B02BA
:106568001BB213431BB29AB2074BDA81064B9A89C6
:10657800054BDB899A420BD0796E0320FFF7FCF9B3
:1065880003466AE028030020B8030020F103002036
:10659800FB6801331B78102B04D0FB6801331B7890
:1065A800062B25D17B6802331A78FB6802331B78E7
:1065B8009A4217D17B6803331A78FB6803331B7838
:1065C8009A420FD17B6804331A78FB6804331B782E
:1065D8009A4207D17B6805331A78FB6805331B7824
:1065E8009A4234D0796E0520FFF7C6F9034634E0A5
:1065F800FB6801331B78032B04D0FB6801331B783D
:10660800042B25D1FB6804331B781BB21B021AB27A
:10661800FB6805331B781BB213431BB2A7F858302D
:10662800B7F858305B00A7F85630B7F85630FF2B4C
:1066380007D87B6802331A78B7F85630DBB29A422B
:1066480006D0796E0520FFF797F9034605E000BFED
:10665800796E0020FFF790F9034618466837BD4663
:1066680080BD00BF80B588B000AF0346FB710B4604
:10667800BB7113467B71FB793B7410237B74002339
:10668800BB74E023FB7400233B7502237B75042352
:10669800BB75AB23FB75BB79002B14BF012300230B
:1066A800DBB23B767B79002B14BF01230023DBB2DE
:1066B8007B760023BB7607F1080207F11000082358
:1066C8000B21FFF7CFFD034618462037BD4680BD96
:1066D80080B58CB000AF3B600346FB710B46BB71C5
:1066E8001346BB803B68FB853B681B0CBB850023BE
:1066F80087F82B3097F82B305A1C87F82B2030332B
:106708003B44FA7903F8202C97F82B305A1C87F869
:106718002B2030333B44102203F8202C97F82B30E1
:106728005A1C87F82B2030333B44002203F8202CD6
:1067380097F82B305A1C87F82B2030333B44F02233
:1067480003F8202C97F82B305A1C87F82B2030336D
:106758003B44002203F8202C97F82B305A1C87F86A
:106768002B2030333B44052203F8202C97F82B309C
:106778005A1C87F82B2030333B440A2203F8202C7C
:1067880097F82B305A1C87F82B2030333B440022D3
:1067980003F8202C97F82B305A1C87F82B2030331D
:1067A8003B44BA7903F8202CBB881B0A9AB297F8A5
:1067B8002B30591C87F82B10D2B230333B4403F8E6
:1067C800202C97F82B305A1C87F82B20BA88D2B285
:1067D80030333B4403F8202CFB8D1B0A9AB297F800
:1067E8002B30591C87F82B10D2B230333B4403F8B6
:1067F800202C97F82B305A1C87F82B20FA8DD2B210
:1068080030333B4403F8202CBB8D1B0A9AB297F80F
:106818002B30591C87F82B10D2B230333B4403F885
:10682800202C97F82B305A1C87F82B20BA8DD2B21F
:1068380030333B4403F8202C97F82B305A1C87F848
:106848002B2030333B4497F8382003F8202C97F856
:106858002B305A1C87F82B2030333B4497F83C20C8
:1068680003F8202C97F82B3099B207F1080207F1AA
:1068780010000823FFF7F6FC034618463037BD46DC
:1068880080BD000080B584B000AFFBF771F9F860F7
:1068980000233B7006237B700023BB70FF23FB7033
:1068A80066233B7100237B713B4606211846FEF7A1
:1068B800DEFF03467B817B89DBB2BB717B891B0AC8
:1068C8009BB2DBB2FB71FFF76BF939463223082222
:1068D8001648FDF735FA03467B727B7A002B14D0F5
:1068E800FFF7B6F97B7A022B01D1062300E00123DA
:1068F8003B72FBF73DF90246FB68D31A3A7A3846F1
:106908000821FFF7B1FB3B7A0CE0FFF7A1F9FBF791
:106918002FF90246FB68D31A384600220821FFF7F0
:10692800A3FB002318461037BD4680BD280300206E
:1069380080B586B000AF03460A46FB711346BB71AB
:10694800FB793B7406237B740023BB74FE23FB7422
:1069580098233B75BB79002B14BF01230023DBB2BE
:106968007B7507F1080207F1100008230621FFF7DD
:1069780079FC034618461837BD4680BD80B586B0F9
:1069880000AF0346FB71FB793B7406237B7400233D
:10699800BB740A23FB7400233B7501237B7507F145
:1069A800080207F1100008230621FFF75BFC0346E5
:1069B80018461837BD4680BD80B58AB000AF03467B
:1069C8003960FB71FB793B7503237B750023BB752D
:1069D8004623FB7500233B7603237B7607F10802E9
:1069E80007F114000B230621FFF73CFC034687F848
:1069F800273097F82730002B02D097F8273029E066
:106A0800FB7A1BB21B021AB23B7B1BB213431BB2AD
:106A1800BB847B7B1BB21B021AB2BB7B1BB213432A
:106A28001BB27B84FB7B1BB21B021AB23B7C1BB2E2
:106A380013431BB23B843B8C1A047B8C1343FB61CE
:106A4800BB8C012B02D1FB695B4200E0FB693A6811
:106A58001360002318462837BD4680BD90B589B01D
:106A680000AFF860B9607A600023FB6147E0284A0C
:106A7800FB6952F82340274AFB6952F82330F9682A
:106A88001846F9F78FFD034619462046F9F788FDA1
:106A98000346BB61204AFB6952F823401F4AFB6941
:106AA80052F82330B9681846F9F77CFD03461946B1
:106AB8002046F9F775FD03467B61B969B869F9F7AE
:106AC80079FE03461C4679697869F9F773FE03462F
:106AD80019462046F9F766FD034611491846F9F7A5
:106AE80061FD03461946FB699B007A68D41808467D
:106AF80008F04AFF03462360FB690133FB61FB6929
:106B0800032BB4DD00BF00BF2437BD4690BD00BFD6
:106B18009C7D0108BC7D0108AC7D0108CC7D010885
:106B280000C8AF4380B582B000AF786039607B6839
:106B380023F000430C491846F9F7E4FF0346002BFD
:106B48000BD03B6823F0004307491846F9F7DAFFF2
:106B58000346002B01D0012300E00023DBB21846D6
:106B68000837BD4680BD00BF0000B04180B582B087
:106B780000AF78607B68002B07D07B68054A184611
:106B8800114670231A460BF022F800BF0837BD469D
:106B980080BD00BF8004002080B582B000AF012313
:106BA800FB710AE0FB7900211846FFF7C1FE0F20B0
:106BB800FAF7E8FFFB790133FB71FB79042BF1D974
:106BC80000BF00BF0837BD4680BD80B584B000AFA8
:106BD8007860FAF7CDFFF86004E001F0BFFB05200C
:106BE800FAF7D0FFFAF7C4FF0246FB68D31A7A68AF
:106BF8009A42F2D800BF00BF1037BD4680BD0000E2
:106C080080B483B000AF0346FB71FB79032B17D820
:106C180001A252F823F000BF316C0008376C00085D
:106C28003D6C0008436C00084FF07E530AE04FF0BB
:106C38007E5307E04FF07E5304E04FF07E5301E0AF
:106C48004FF07E5318460C37BD4680BC704700BFD6
:106C5800B0B586B002AF3B600346FB710B46BB7113
:106C68001346BB800223FB730023BB7345E0BA883D
:106C7800B979F8790123019397F8203000933B689C
:106C8800FFF726FD0346FB73FB7B002B12D1BB7B72
:106C9800002B0DD07B6A002B0AD07B6A1B78002B57
:106CA80006D0FA79BB7B0133796A1B480AF0AAFC43
:106CB80000232CE07B6A002B12D07B6A1B78002B08
:106CC8000ED0FC79BB7B5D1CFB7B1846FEF70CFEE7
:106CD800034600932B462246796A10480AF092FC34
:106CE800FB7B062B03D00E48FFF718FA08E05A2062
:106CF800FAF748FFBB7B0133BB73BB7B022BB6D9CA
:106D0800FB7B062B02D10748FFF708FAFB7B1846E6
:106D18001037BD46B0BD00BF2446010848460108EB
:106D2800684601087C46010880B582B000AF124B66
:106D38004FF000021A60114B4FF000021A60104A1F
:106D48004FF000014FF00000FFF788FE00237B6042
:106D58000AE00B4A7B6852F823200A497B6841F80D
:106D680023207B6801337B607B68032BF1DD00BF48
:106D780000BF0837BD4680BD580400205C040020D1
:106D8800600400207004002080B584B000AF034682
:106D9800FB710023FB730123BB7312E0F979BB7B02
:106DA80000221846FFF75EFC03467B737B7B002BB3
:106DB80001D07B7BFB731420FAF7E4FEBB7B013325
:106DC800BB73BB7B042BE9D9FB7B18461037BD4648
:106DD80080BD0000B0B582B000AF0123FB713BE07D
:106DE8000223BB7100237B711BE0FB791846FFF778
:106DF800C5FD0346BB71BB79002B16D0FC797B79A6
:106E08005D1CBB791846FEF76FFD03462A462146EE
:106E180025480AF0F7FB2820FAF7B4FE7B790133FE
:106E28007B717B79022BE0D900E000BFBB79002B96
:106E38000CD0FC79BB791846FEF756FD03461A4676
:106E480021461A480AF0DEFBBB7929E01420FAF73C
:106E580099FEFB790133FB71FB79042BC0D9144BE4
:106E68004FF000021A60134B4FF000021A60124AEA
:106E78004FF000014FF00000FFF7F0FD00233B60EA
:106E88000AE00D4A3B6852F823200C493B6841F858
:106E980023203B6801333B603B68032BF1DD002373
:106EA80018460837BD46B0BD90460108AC460108F3
:106EB800580400205C0400206004002070040020B6
:106EC80080B582B000AF0346FB71FB79022B02D17B
:106ED8007820FFF77AFE00BF0837BD4680BD80B531
:106EE80082B000AF0346FB71FB79022B02D1502020
:106EF800FFF76BFE00BF0837BD4680BD2DE9B04FD8
:106F0800D8B01CAFF865B9657A653B657022002179
:106F18009B480AF0AFFD9B4B1B680133994A1360ED
:106F2800984B1B68964A1360954AFB6D5360944AC8
:106F3800BB6D9360924A7B6DD360914A3B6D136140
:106F48008F4B052283F86920002387F8EF300BE088
:106F580097F8EF308A4A1344052283F8652097F89A
:106F6800EF30013387F8EF3097F8EF30032BEFD984
:106F7800D7F82C31002B06D0D7F82C311B78002BF2
:106F880001D0012300E0002387F8BF304FF0000153
:106F9800D7F81001F9F7B6FD0346002B03D04FF0E0
:106FA8007E53C7F810314FF00001D7F81401F9F7F4
:106FB800A9FD0346002B03D04FF07E53C7F81431C8
:106FC800B7F81831002B03D14FF49673A7F818318E
:106FD800B96DF86DFFF7A6FD0346002B06D0396D95
:106FE800786DFFF79FFD0346002B20D1F86DF9F768
:106FF8007BFA82468B46B86DF9F776FA04460D4659
:10700800786DF9F771FA80468946386DF9F76CFAA8
:1070180002460B46CDE90423CDE90289CDE90045B6
:1070280052465B4658480AF0EDFA0423CAE307F1D2
:1070380094031A46B96DF86DFFF710FD07F1840344
:107048001A46396D786DFFF709FD4FF00003C7F850
:10705800E8304FF00003C7F8E4304FF00003C7F8FA
:10706800E030002387F8BE300023C7F8DC306BE03F
:10707800D7F8DC309B00A03307F15002134453F8D3
:107088006C2CD7F8DC309B00A03307F150010B447F
:1070980053F85C3C19461046F9F782FA03461A463B
:1070A800D7F8DC309B00A03307F150010B4443F8BC
:1070B8007C2CD7F8DC309B00A03307F15002134436
:1070C80053F87C2C2E49D7F8DC3004339B000B4452
:1070D8005A60D7F8DC309B00A03307F15002134404
:1070E80053F87C3C23F00043C7F8A430D7F8E810E5
:1070F800D7F8A400F9F71AFD0346002B03D0D7F8F8
:10710800A430C7F8E830D7F8DC309B00A03307F18B
:107118005002134453F87C3C1946D7F8E000F9F7BD
:10712800E7FC0346002B0AD0D7F8DC309B00A033DD
:1071380007F15002134453F87C3CC7F8E030D7F805
:10714800DC300133C7F8DC30D7F8DC30032B8FDDB7
:107158000023C7F8D830B6E0D7F8D8309B00A03362
:1071680007F15002134453F87C3C4FF000011846D5
:10717800F9F7BEFC0346002B08D0D7F8103107E01A
:1071880080040020F004002020480108D7F81431BA
:10719800C7F8D430D7F8D8309B00A03307F1500295
:1071A800134453F87C3C23F00043C7F8A83097F801
:1071B800BE30002B3CD0D7F8D8309B00A03307F165
:1071C8005002134453F87C3C4FF000011846F9F77D
:1071D800ADFC0346002B2BD0AB49D7F8E000F9F7FC
:1071E800A5FC0346002B23D0D7F8D8309B00A0334A
:1071F80007F15002134453F87C4CA449D7F8E00037
:10720800F9F7D8FA034619462046F9F785FC0346EC
:10721800002BD7F8D830DBB21846FFF7F1FC03464D
:107228001946D7F8D400F9F7C5FA0346C7F8D43099
:10723800974AD7F8D8300C339B001344D7F8D4209A
:107248005A60D7F8D410D7F8A800F9F7B3FA03466C
:107258001A46D7F8D8309B00A03307F150010B44E9
:1072680043F88C2CD7F8D8309B00A03307F1500294
:10727800134453F88C2C8649D7F8D83008339B0030
:107288000B445A60D7F8D8309B00A03307F150025E
:10729800134453F88C3C1946D7F8E400F9F728FC56
:1072A8000346002B0AD0D7F8D8309B00A03307F14B
:1072B8005002134453F88C3CC7F8E430D7F8D83060
:1072C8000133C7F8D830D7F8D830032B7FF744AF4D
:1072D8006F4A97F8BE3082F8603097F8BF30002BBD
:1072E80000F08580F86DF9F7FFF8C7E91201B86D6D
:1072F800F9F7FAF8C7E91001786DF9F7F5F8C7E971
:107308000E01386DF9F7F0F8C7E90C017B6F1846E4
:10731800F9F7EAF8C7E90A01BB6F1846F9F7E4F884
:10732800C7E90801FB6F1846F9F7DEF8C7E9060157
:10733800D7F880301846F9F7D7F8C7E904017B6E0B
:107348001846F9F7D1F8C7E90201BB6E1846F9F7F4
:10735800CBF8C7E90001FB6E1846F9F7C5F8824675
:107368008B463B6F1846F9F7BFF880468946D7F831
:107378001001F9F7B9F804460D46D7F81401F9F7E2
:10738800B3F897F8BE301A93CDE91801CDE9164540
:10739800CDE91489CDE912ABD7E90034CDE9103431
:1073A800D7E90234CDE90E34D7E90434CDE90C34F9
:1073B800D7E90634CDE90A34D7E90834CDE90834E9
:1073C800D7E90A34CDE90634D7E90C34CDE90434D9
:1073D800D7E90E34CDE90234D7E91034CDE90034C9
:1073E800D7E91223D7F82C112A480AF00BF92649B5
:1073F800D7F8E800F9F77CFB0346002B07D12249B0
:10740800D7F8E400F9F774FB0346002B09D0204BAA
:10741800012283F863201E4B002283F86920002391
:10742800D0E1002387F8D33019E197F8D33087F8F3
:10743800D230D7F82C31002B0DD01749D7F82C01B2
:10744800F9F7DAFB0346002B05D197F8D330134A36
:10745800D35C87F8D23097F8D230013387F8B73049
:1074680097F8D2309B00A03307F15002134453F829
:107478007C3C4FF000011846F9F73AFB0346002B15
:107488000ED001220DE000BF0AD7233C3333333F2F
:107498008004002050480108BC480108DC7D010830
:1074A800002297F8B73011461846FEF7B9FE034692
:1074B80087F8B63097F8D2309B00A03307F1500216
:1074C800134453F88C3CC2491846F9F773F903463C
:1074D8004FF07C511846F9F765F803461846F9F756
:1074E8006BFB0346C7F8B03097F8D230B94A13445B
:1074F80097F8B62083F8442097F8D230B54912336C
:10750800D7F8B02041F8232097F8D2309B00A03359
:1075180007F15002134453F88C3CD7F8E41018468E
:10752800F9F7FCF90346C7F8CC30AB49D7F8CC00DB
:10753800F9F7DEFA0346002B02D0A74BC7F8CC3088
:10754800B7F818311846F9F7DDF80346D7F8CC1024
:107558001846F9F72FF903461846F9F72DFB0346A5
:10756800A7F8CA30B7F8CA30002B02D10123A7F810
:10757800CA3097F8D23097492C33B7F8CA2021F887
:10758800132097F8B7301846FFF79AFCB7F8CA20C7
:1075980097F8B61097F8B700904B01930223009321
:1075A800D7F8B030FFF754FB034687F8AF30894B64
:1075B80093F8612097F8D230012101FA03F3DBB286
:1075C8001343DAB2834B83F8612097F8D230814AAB
:1075D800134497F8AF2083F8652097F8AF30002B55
:1075E8000DD097F8B74097F8AF301846FEF77CF9FA
:1075F80003461A4621467A480AF004F810E097F83C
:10760800BF30002B0CD097F8B74097F8AF3018462A
:10761800FEF76AF903461A462146714809F0F2FF57
:1076280097F8AF30002B0CD06A4A97F8B73082F839
:1076380064306C480AF056F8FFF7AEFA97F8AF30A6
:10764800C0E0D7F82801FFF7C0FA97F8B730184616
:10765800FFF745FC97F8D330013387F8D33097F814
:10766800D330032B7FF6E1AEFFF70CF9034687F81A
:10767800BD30584B012283F86220564A97F8BD3036
:1076880082F8693097F8BD30002B0AD097F8BD30E2
:107698001846FEF729F903461946534809F0B2FF80
:1076A8000DE097F8BF30002B09D097F8BD30184689
:1076B800FEF71AF9034619464B4809F0A3FF97F855
:1076C800BD30002B07D04948FEF728FDFFF764FAC4
:1076D80097F8BD3076E03E49D7F8E400F9F76AF844
:1076E80003464FF07C511846F8F75CFF03461846EE
:1076F800F9F762FA0346C7F8B830D7F8B800F9F7CF
:1077080001F80446B7F818311846F8F7FBFF0346A6
:1077180037491846F9F74EF8034619462046F9F74F
:10772800FDF8034633491846F9F744F80346184666
:10773800F9F742FA0246D7F81C311344C7F8C430A7
:10774800D7F8C420D7F820319A4203D2D7F820318D
:10775800C7F8C430D7F8C420D7F824319A4203D9DF
:10776800D7F82431C7F8C4301A4AD7F8C430D366DA
:10777800D7F8C400FFF729FA1F4A7B6D13601F4A28
:107788003B6D13600023C7F8C03012E0D7F8C03053
:107798009B00A03307F15002134453F86C2C18498E
:1077A800D7F8C03041F82320D7F8C0300133C7F8E4
:1077B800C030D7F8C030032BE8DD064B012283F830
:1077C800632000231846F037BD46BDE8B08F00BFE0
:1077D800246B884480040020CDCC4C3DC44801086B
:1077E800CC480108E44801080C490108244901086B
:1077F8000000C04000007A44580400205C040020C7
:107808006004002080B58CB008AFF860B9607A6079
:107818003B603B6A0793A02306934FF4FA53059302
:107828004FF4FA7304934FF47A7303934FF49673F7
:107838000293FB690193BB6900933B687A68B96856
:10784800F868FFF75BFB034618461037BD4680BD56
:1078580080B588B004AFF860B9607A603B60094BC6
:1078680002934FF07E5301934FF07E5300933B6891
:107878007A68B968F868FFF7C5FF034618461037F5
:10788800BD4680BD3849010880B58CB008AFF860A6
:10789800B9607A603B600F4B0793A023069342F6CA
:1078A800E06305934FF42F7304934FF496630393A7
:1078B8004FF496730293FB690193BB6900933B688D
:1078C8007A68B968F868FFF719FB03461846103755
:1078D800BD4680BDBC48010890B5A3B002AFF860B2
:1078E800B9607A603B604FF00003FB674FF000031C
:1078F800BB67D7F89830002B03D0D7F89830002210
:107908001A604FF00001D7F89000F9F7FBF803462A
:10791800002B03D04FF07E53C7F890304FF0000192
:10792800D7F89400F9F7EEF80346002B03D04FF090
:107938007E53C7F89430B968F868FFF7F3F8034640
:10794800002B06D039687868FFF7ECF80346002B5F
:1079580001D104237AE107F140031A46B968F868AF
:10796800FFF77CF807F130031A4639687868FFF7A3
:1079780075F8002387F877307AE097F877309B001E
:1079880080333B4453F8502C97F877309B00803372
:107998003B4453F8403C97F8774019461046F8F7AF
:1079A800FFFD03461A46A30080333B4443F8602C8E
:1079B80097F877309B0080333B4453F8603C23F0C2
:1079C80000431946F86FF9F793F80346002B09D0DE
:1079D80097F877309B0080333B4453F8603C23F0A2
:1079E8000043FB6797F877309B0080333B4453F89C
:1079F800603C4FF000011846F9F77AF80346002B6F
:107A080002D0D7F8903001E0D7F894303B6597F86A
:107A180077309B0080333B4453F8603C23F00043AD
:107A280097F87740396D1846F8F7C4FE03461A46AA
:107A3800A30080333B4443F8702C97F877309B00C1
:107A480080333B4453F8703C1946B86FF9F750F847
:107A58000346002B07D097F877309B0080333B44D0
:107A680053F8703CBB6797F87730013387F8773065
:107A780097F87730032B80D97649F86FF9F738F8FB
:107A88000346002B06D17349B86FF9F731F803465E
:107A9800002B01D00023D9E0002387F8763089E055
:107AA80097F87630013387F85F3097F876309B0087
:107AB80080333B4453F8603C4FF000011846F9F717
:107AC80017F80346002B01D0012200E0002297F8A6
:107AD8005F3011461846FEF7A3FB034687F85E3071
:107AE80097F876309B0080333B4453F8703C5A49F2
:107AF8001846F8F75FFE03464FF07C511846F8F732
:107B080051FD03461846F9F757F80346BB6597F841
:107B180076309B0080333B4453F8703CB96F18466D
:107B2800F8F7FCFE03463B674C49386FF8F7E0FF6F
:107B38000346002B01D0494B3B674949386FF8F79A
:107B480039FE03461846F9F737F80346A7F86E30AA
:107B5800B7F86E30002B02D10123A7F86E3097F8E2
:107B68005F301846FFF7ACF9B7F86E2097F85E104B
:107B780097F85F003B4B019302230093BB6DFFF71F
:107B880067F8034687F8573097F85730002B04D02A
:107B9800FFF702F897F8573058E07820FFF715F804
:107BA80097F85F301846FFF79AF997F8763001335F
:107BB80087F8763097F87630032B7FF671AFFEF7AB
:107BC80061FE034687F867302349B86FF8F7F2FD7E
:107BD80003464FF07C511846F8F7E4FC0346184674
:107BE800F8F7EAFF03463B66386EF8F78BFD034665
:107BF8001D491846F8F792FE03461C491846F8F73F
:107C0800D9FD03461846F8F7D7FF03465033BB663D
:107C180097F86730002B04D0FEF7BEFF97F867305F
:107C280014E0BB6E772B01D87823BB66BB6EB3F527
:107C38007A6F02D94FF47A63BB66D7F89830002B75
:107C480003D0D7F89830BA6E1A60002318468437E4
:107C5800BD4690BD0AD7233C246B8844CDCC4C3D0F
:107C680000001644504901080000614500007A44AC
:107C780080B485B000AF786039600023FB730AE0F8
:107C8800FB7B3A681A44FB7B79680B4412781A70BC
:107C9800FB7B0133FB73FB7B3A6813441B78002B97
:107CA80002D0FB7B2E2BEBD9FB7B7A681344002296
:107CB8001A7000BF1437BD4680BC704780B582B0CB
:107CC80000AF03463960FB7139680848FFF7D0FFF9
:107CD800074AFB7982F88030054B1B6F0133044A51
:107CE800136700BF0837BD4680BD00BFAD06002042
:107CF8002C06002080B582B000AF7860796806480D
:107D0800FFF7B6FF054B5B6F0133044A536700BFAB
:107D18000837BD4680BD00BFDD0600202C060020C8
:107D280090B585B000AF786039600023BB607B6890
:107D3800002B03D07B681B78002B01D1002325E0A2
:107D480007F108031946786808F0D6FCF860BB68A4
:107D58007A689A4214D0BB681B78002B10D1FB6854
:107D680023F000440B492046F8F7EAFE0346002BAF
:107D780006D108492046F8F7D9FE0346002B01D062
:107D8800002303E03B68FA681A6001231846143799
:107D9800BD4690BDFFFF7F7F80B483B000AF7860A1
:107DA800064BDB6E0133054AD366044A7B681366CB
:107DB80000BF0C37BD4680BC704700BF2C060020B2
:107DC80080B582B000AF786014497868F8F714FF7E
:107DD8000346002B1BD012497868F8F70DFF0346BD
:107DE800002B14D00F497868F8F706FF0346002BDC
:107DF8000DD00D497868F8F7FFFE0346002B06D032
:107E08000A497868F8F7F8FE0346002B01D10123E8
:107E180000E0002318460837BD4680BD54490108D4
:107E28005C490108644901086C4901087449010862
:107E380080B582B000AFFC220021184809F01AFE74
:107E4800174B00221A80174B00221A70164B00227B
:107E58001A704FF4807215491548FBF7FCFF03466A
:107E6800FB710E4AFB7982F85630FB79002B11D151
:107E78000F4BDB6B002B0DD0084B012283F85520EC
:107E88000B4BDB6B1B681A68094BDB6B1B6822F01A
:107E980004021A6000BF0837BD4680BD2C060020CA
:107EA800F40500202806002029060020F4040020FC
:107EB800E002002080B596B000AF7860F9F758FE70
:107EC800386500233B61994A3B6DD365974B9B6EA0
:107ED8000133964A936607F1140379681846FFF749
:107EE800C7FE7B681B78002B06D107F114031946DF
:107EF8000120FFF7E3FE43E12C21786809F0C2FD79
:107F080078657B6D002B05D07B6D00221A707B6D28
:107F180001337B657B68FB648549F86CF8F76CFE78
:107F28000346002B36D17B6D002B03D07B6D1B786D
:107F3800002B06D107F1140319460520FFF7BEFEF2
:107F48001EE107F110030A221946786D08F0A6FC15
:107F580078643B697A6D9A4203D03B691B78002BA1
:107F680006D007F1140319460620FFF7A7FE07E11C
:107F78006E4A7B6C13656D4B012283F854206B4B62
:107F8800D3F8F8300133694AC2F8F830386DFFF792
:107F980003FFF5E06749F86CF8F72EFE0346002B5F
:107FA80020D0F86CFFF70CFF0346002B1AD162496A
:107FB800F86CF8F721FE0346002B13D05F49F86CE4
:107FC800F8F71AFE0346002B0CD05D49F86CF8F759
:107FD80013FE0346002B05D007F114031846FFF7DC
:107FE80089FECDE07B6D002B06D107F114031946FD
:107FF8000520FFF763FEC3E02C21786D09F042FDF0
:10800800B864BB6C002B06D107F114031946052090
:10801800FFF754FEB4E0BB6C00221A7007F10C03A2
:108028001946786DFFF77CFE0346002B0AD0BB6C1F
:10803800013307F1080211461846FFF771FE03469F
:10804800002B06D107F1140319460620FFF736FE68
:1080580096E03849F86CF8F7CFFD0346002B13D1AA
:10806800FB68324A1360BB68304A53602F4B0122C9
:108078001A722E4A3B6DD3602C4BD3F8E43001338F
:108088002A4AC2F8E43078E0F86CFFF799FE034614
:10809800002B13D0FB68254A1361BB68234A536140
:1080A800224B01221A76214A3B6DD3611F4BD3F82C
:1080B800E83001331D4AC2F8E8305EE01E49F86C2A
:1080C800F8F79AFD0346002B14D1FB68174A136290
:1080D800BB68164A5362154B012283F82820134ABD
:1080E8003B6DD362114BD3F8EC3001330F4AC2F821
:1080F800EC3042E01149F86CF8F77EFD0346002B9E
:1081080020D1FB68094A1363BB68084A5363074BCD
:10811800012283F83820054A3B6DD363034BD3F81B
:10812800F0300133014AC2F8F03026E02C06002076
:10813800784901087C490108844901088C490108EB
:10814800944901081049F86CF8F756FD0346002BCE
:1081580013D1FB680D4A1364BB680C4A53640B4B7C
:10816800012283F84820094A3B6DD364074BD3F8B2
:10817800F4300133054AC2F8F430386DFFF70CFECD
:108188005837BD4680BD00BF944901082C06002021
:1081980080B582B000AF0346FB71384B5B6E01338C
:1081A800364A5366F9F7E4FC0346344A9365FB798B
:1081B800242B18D1324B1B78002B0DD0314B1B7858
:1081C800002B09D02F4B1B781A462F4B00219954AE
:1081D8002D490320FFF772FD294B01221A70294B04
:1081E80000221A7047E0264B1B78002B07D1FB7939
:1081F800232B3DD125490220FFF760FD38E0FB79AC
:10820800232B0FD11F4B1B781A461F4B0021995463
:108218001D48FFF74FFE1A4B00221A70194B002217
:108228001A7028E0FB790D2B24D0FB790A2B21D07A
:10823800144B1B782E2B0AD8124B1B785A1CD1B220
:10824800104A11701946104AFB79535413E00D4B2C
:108258001B781A460C4B002199540B490420FFF750
:108268002DFD074B00221A70064B00221A7002E0FF
:1082780000BF00E000BF0837BD4680BD2C060020C7
:108288002906002028060020F80500209C4901083E
:1082980080B582B000AF78600B467B807B681B6836
:1082A8001C4A934232D17B88FF2B29D90BE01A4B09
:1082B8001B885A1C91B2184A11801A46174B9B5CAE
:1082C8001846FFF765FF144B1B88FF2BEFD9124B9D
:1082D80000221A801BE0104B1B881A460F4B9B5C30
:1082E8001846FFF755FF0C4B1B8801339AB20A4B0F
:1082F8001A80094B1B88FF2B02D9074B00221A80D2
:10830800054B1B887A889A42E5D100E000BF083700
:10831800BD4680BD00440040F4050020F404002060
:1083280080B582B000AF78607B681B68094A9342C9
:108338000BD17868FCF739F90346074AD367064B2F
:108348009B6F0133044A936700E000BF0837BD46BE
:1083580080BD00BF004400402C06002080B58CB0D2
:1083680000AF524B93F85430002B00F09B804F4BDA
:10837800002283F854200023FB62FB6A5A1CFA622D
:1083880030333B44242203F8242CFB6A5A1CFA623B
:1083980030333B44482203F8242CFB6A5A1CFA6207
:1083A80030333B44422203F8242CFB6A5A1CFA62FD
:1083B80030333B442C2203F8242C3C4B1B6DBB620E
:1083C80000237B62BB6A002B08D17B6A5A1C7A6245
:1083D80030333B44302203F8302C48E0BB6ADB0FD3
:1083E800DBB23B623B6A002B21D0BB6A5B42BB62BB
:1083F8001DE0BA6A2E4B83FB02139910D317C91AD2
:108408000B469B000B445B00D11ACAB27B6A591C0D
:1084180079623032D2B230333B4403F8302CBB6A35
:10842800234A82FB03129210DB17D31ABB62BB6A82
:10843800002B02DD7B6A0A2BDBDD3B6A002B16D0A2
:108448007B6A5A1C7A6230333B442D2203F8302C65
:108458000DE07B6A013B7B62FB6A5A1CFA62394673
:108468007A6A0A44127830333B4403F8242C7B6A36
:10847800002BEEDCFB6A5A1CFA6230333B442322A1
:1084880003F8242CFB6A5A1CFA6230333B440A2254
:1084980003F8242CFB6A9AB207F10C01142305484F
:1084A800FBF74EFC00BF3037BD4680BD2C060020D0
:1084B80067666666E002002080B58AB000AF786023
:1084C8007B68002B03D07B681B78002B01D100232D
:1084D8001DE007F10C007B680F4A182109F0BEF96E
:1084E80078627B6A002B02DD7B6A172B01DD002393
:1084F8000DE07B6A9AB207F10C011E230748FBF7CF
:108508001FFC0346002B01D1012300E0002318467D
:108518002837BD4680BD00BFA0490108E002002001
:1085280080B582B000AF78600A4B1B6E002B01D17A
:1085380000230BE0F9F71CFB0246064B1B6ED31A0F
:108548007A689A422CBF01230023DBB21846083709
:10855800BD4680BD2C060020B0B584B000AF786061
:1085680039607B681A683B681B6819461046F8F73B
:1085780017F80346FB6001231C464FF00001F8681A
:10858800F8F7D4FA0346002B01D100231C46E3B2C6
:108598001C4601231D464FF00001F868F8F7A8FAB9
:1085A8000346002B01D100231D46EBB2E31A1846FF
:1085B8001037BD46B0BD80B483B000AF7860396075
:1085C8007A683B689A4203D37A683B68D31A02E018
:1085D8003A687B68D31A18460C37BD4680BC70478A
:1085E80090B59FB000AFF860B9607A603B60002337
:1085F80087F8773000233B670023FB66F9F7B8FA62
:10860800B86663E0694BD3F8E4307B66674BD3F810
:10861800F0303B667B6E002B53D03B6E002B50D066
:108628007A6E3B6F9A424ED03A6EFB6E9A424AD0AF
:108638005E4BDB685D4AD26B11461846FFF7BBFFFD
:108648000346502B41D8594B1B68584A126B97F870
:10865800774011461846F7F7A3FF03461A46A300CA
:1086680078333B4443F82C2C504B5B684F4A526B91
:1086780097F8774011461846F7F792FF03461A46CF
:10868800A30078333B4443F8402C97F87730474AA7
:10869800126B9B0078333B4443F8542C97F877309F
:1086A800424A526B9B0078333B4443F8682C97F856
:1086B8007730013387F877307B6E3B673B6EFB661C
:1086C80004E000BF02E000BF00E000BF97F8773089
:1086D800042B07D8F9F74CFA0246BB6ED31AB3F548
:1086E800617F8FD397F87730022B01D8002358E0A9
:1086F80097F8771007F14C002D4B042208F011F978
:1087080097F8771007F13800294B042208F009F987
:1087180097F8771007F12400254B042208F001F997
:1087280097F8771007F11000214B042208F0F9F8A8
:10873800FB68002B0AD097F877305B08DBB29B0008
:1087480078333B4453F82C2CFB681A60BB68002B29
:108758000AD097F877305B08DBB29B0078333B444C
:1087680053F8402CBB681A607B68002B0AD097F836
:1087780077305B08DBB29B0078333B4453F8542CCA
:108788007B681A603B68002B0AD097F877305B0843
:10879800DBB29B0078333B4453F8682C3B681A6083
:1087A800012318467C37BD4690BD00BF2C0600202B
:1087B8006185000880B58EB000AF7860396000230D
:1087C80087F83730F9F7D4F938631DE02D4B1B7E55
:1087D800002B19D02B4B00221A7697F83730294AEC
:1087E80012699B0038333B4443F81C2C97F8373008
:1087F800244A52699B0038333B4443F8302C97F89D
:108808003730013387F8373097F83730042B07D8DB
:10881800F9F7AEF902463B6BD31AB3F5617FD5D3AE
:1088280097F83730022B01D8002326E097F8371045
:1088380007F11C00144B042208F073F897F837105E
:1088480007F10800104B042208F06BF897F837304E
:108858005B08DBB29B0038333B4453F81C2C7B6825
:108868001A6097F837305B08DBB29B0038333B441B
:1088780053F8302C3B681A60012318463837BD4638
:1088880080BD00BF2C0600206185000880B500AFC0
:1088980020210548F9F73EFF0346002B01D10123AB
:1088A80000E00023184680BD0010014080B582B06A
:1088B80000AFFFF7EBFF0346FB71FB79002B05D0F8
:1088C800074B1B78002B01D1012300E00023BB716B
:1088D800034AFB791370BB7918460837BD4680BD3B
:1088E8003007002080B483B000AF786039607A68C0
:1088F8003B689A4203D37A683B68D31A00E00023A6
:1089080018460C37BD4680BC70470000B0B584B02F
:1089180000AF03463960FB710023FB731EE0FB794F
:1089280039681846FEF748F80346BB73BB7B002B33
:1089380001D1012316E0FC79FB7B5D1CBB7B18464B
:10894800FCF7D2FF03462A462146084808F05AFE9B
:108958002820F9F717F9FB7B0133FB73FB7B022B0C
:10896800DDD9002318461037BD46B0BD1C4A0108A2
:1089780080B483B000AF78607B68002BB8BF5B42DF
:1089880018460C37BD4680BC704780B582B000AF32
:108998000346FB71FB79022B02D1782006F04AFBD3
:1089A80000BF0837BD4680BD80B582B000AF034622
:1089B800FB71FB79022B02D1502006F03BFB00BF74
:1089C8000837BD4680BD0000F0B587B002AF3B60F8
:1089D8000346FB710B46BB711346BB800223FB7336
:1089E8000023BB734AE0FB791846FFF7CEFFBA882D
:1089F800B979F8790123019397F8283000933B68F7
:108A0800FDF766FE0346FB73FB7B002B14D1BB7B93
:108A1800002B0BD0FB6A002B01D0F96A00E01E493D
:108A2800FA79BB7B01331D4808F0ECFDFB79184649
:108A3800FFF7BAFF00232BE0FB6A002B01D0FC6A8A
:108A480000E0154CFD79BB7B5E1CFB7B1846FCF7F0
:108A58004BFF0346009333462A462146104808F048
:108A6800D1FDFB7B062B03D00E48FDF757FB08E032
:108A78005A20F9F787F8BB7B0133BB73BB7B022B0A
:108A8800B1D9FB7B062B02D10748FDF747FBFB7BDF
:108A980018461437BD46F0BD3C4A0108444A01084F
:108AA800684A0108884A0108A04A010880B483B0CE
:108AB80000AF78600B46FB707B685B78FA789A4267
:108AC8000AD17B689B78022B0CD87B689B78013392
:108AD800DAB27B689A7005E07B6800229A707B683E
:108AE800FA785A707B689B78012B07D97B681B78CA
:108AF800FA789A4202D07B68FA781A7000BF0C376D
:108B0800BD4680BC704780B483B000AF78607B6896
:108B18001B78002B01D0012300E0002318460C37F6
:108B2800BD4680BC7047000080B500AF032200211D
:108B3800314808F09FFF03220021304808F09AFFCF
:108B4800032200212E4808F095FF032200212D481A
:108B580008F090FF032200212B4808F08BFF032226
:108B680000212A4808F086FF294B00221A70294B59
:108B780000221A70284B00221A70284B00221A7003
:108B8800274B00221A70274B00221A70F8F7F0FFC3
:108B98000346254A1360244B1B68244A1360224B62
:108BA8001B68234A1360204B1B68224A1360224B20
:108BB80000221A601C4B1B68204A1360204B0022BD
:108BC8001A70204B00221A701F4B4FF000021A60D7
:108BD8001E4B4FF000021A601D4B4FF000021A6046
:108BE8001C4B4FF000021A601B4B00221A7000F059
:108BF8006FFA00BF80BD00BFB0070020B407002097
:108C0800B8070020BC070020C0070020C4070020C8
:108C1800C7070020C8070020C9070020CA0700208E
:108C2800CB070020CC0700207C070020800700200D
:108C380084070020880700208C0700209007002068
:108C480098070020990700209C070020A007002013
:108C5800A4070020A8070020AC07002080B582B038
:108C680000AFF8F785FF7860314B1B687A68D31A34
:108C7800092B58D92E4A7B68136001212D48F9F732
:108C880049FD0346002B01D1012300E000231946CA
:108C98002948FFF70BFF02212648F9F73BFD034659
:108CA800002B01D1012300E0002319462348FFF7D8
:108CB800FDFE04211F48F9F72DFD0346002B01D1C5
:108CC800012300E0002319461D48FFF7EFFE0821A5
:108CD8001848F9F71FFD0346002B01D1012300E0D6
:108CE800002319461748FFF7E1FE01211648F9F756
:108CF80011FD0346012B01D1012300E00023194691
:108D08001248FFF7D3FE4FF400410F48F9F702FD70
:108D18000346002B01D1012300E0002319460C482B
:108D2800FFF7C4FE00E000BF0837BD4680BD00BFA6
:108D38007C07002000100140B0070020B407002085
:108D4800B8070020BC07002000080140C007002029
:108D5800C407002080B582B000AF0C48FFF7D3FEEF
:108D68000346FB71FB79002B05D0094B1B78002BC0
:108D780001D1012300E00023BB71054AFB79137080
:108D8800BB7918460837BD4680BD00BFC007002024
:108D9800C707002080B584B000AF786039607B6871
:108DA800002B02D03B68002B01D1002313E0786828
:108DB800FFF7A9FE0346FB73FB7B002B05D03B683E
:108DC8001B78002B01D1012300E00023BB733B6813
:108DD800FA7B1A70BB7B18461037BD4680BD000071
:108DE80080B500AF03490448FFF7D4FF034618468F
:108DF80080BD00BFC8070020C407002080B400AFB2
:108E080004231846BD4680BC7047000080B584B076
:108E180000AF0346FB71FFF7F1FF0346BB73BB7B53
:108E2800002B01D1002318E0FB79032B01D9002383
:108E3800FB71FB790B4AD35CFB73FA7BBB7B9A42D1
:108E480007D3FB79BA7BB3FBF2F101FB02F29B1A61
:108E5800FB73FB7B1B01044A134418461037BD46BD
:108E680080BD00BF10000020E07E010880B58AB0F8
:108E780002AFF8607A601A460B46FB721346BB7263
:108E88000023FB777B68002B59D0BB7A002B56D088
:108E98007B6800221A700023BB7748E0FB68002B30
:108EA80004D0BB7FFA6813441B7802E0BB7F274AD3
:108EB800D35CFB75264BBB61FFF7A0FF03461A4640
:108EC800FB7D934205D2FB7D224A1B0113441B689C
:108ED800BB61FB7F7A68D018BA7AFB7FD31A194630
:108EE800BB7F002B01D11C4A00E01C4ABB690093E0
:108EF80013461B4A08F0B2FC38613B69002B20DDA1
:108F08003B69DAB2B97AFB7FCB1ADBB29A4206D355
:108F1800BB7A013B7A68134400221A7012E03B695D
:108F2800DAB2FB7F1344FB77BB7F0133BB77BA7F91
:108F3800FB7A9A4206D2BB7F032BAFD902E000BF6F
:108F480000E000BF2037BD4680BD00BF10000020F4
:108F5800B44A0108E07E0108B84A0108BC4A010881
:108F6800C04A010880B485B000AF03460A46FB71C9
:108F78001346BB710023FB730AE0FB7B0B4AD35CEF
:108F8800FA799A4201D101230AE0FB7B0133FB7392
:108F9800FA7BBB799A4202D2FB7B032BEDD90023E3
:108FA80018461437BD4680BC704700BF0C0000202F
:108FB80080B584B000AF0346FB71FFF71FFF03467F
:108FC800BB73BB7B002B01D1002320E00123FB7383
:108FD80018E0FA79FB7B1344BA7B93FBF2F101FBAF
:108FE80002F29B1A7B730C4B1A787B7B114618464E
:108FF800FFF7B8FF0346002B01D17B7B07E0FB7B23
:109008000133FB73FA7BBB7B9A42E2D9FB791846A2
:109018001037BD4680BD00BFCE07002080B584B0A4
:1090280000AF0346FB71FFF7E9FE0346BB73BB7B4A
:10903800002B01D1002322E00123FB731AE0FA7907
:10904800BB7B1A44FB7BD31ABA7B93FBF2F101FB7F
:1090580002F29B1A7B730C4B1A787B7B11461846DD
:10906800FFF780FF0346002B01D17B7B07E0FB7BEA
:109078000133FB73FA7BBB7B9A42E0D9FB79184634
:109088001037BD4680BD00BFCE07002080B483B036
:1090980000AF0023FB7106E0FB790A4AFF21D15497
:1090A800FB790133FB71FB79032BF5D9064B0022C1
:1090B8001A70064B00221A7000BF0C37BD4680BCE0
:1090C800704700BF0C000020CE070020CF0700200B
:1090D80080B582B000AFFFF791FE0346BB71002355
:1090E800FB710CE0FA79BB799A4201D2FA7900E077
:1090F8000022FB790849CA54FB790133FB71FB79DB
:10910800032BEFD9FFF7C2FF044B00221A7000BFF0
:109118000837BD4680BD00BF10000020CD070020E5
:1091280080B500AF1248FFF7EEFC03461A46114B14
:109138001A701148FFF7E7FC03461A460F4B1A70DE
:109148000F48FFF7E0FC03461A460E4B1A700E480C
:10915800FFF7D9FC03461A460C4B1A700C48FFF768
:10916800D2FC03461A460B4B1A7000BF80BD00BFE5
:10917800B0070020C9070020B4070020CA07002054
:10918800B8070020CB070020BC070020CC07002030
:10919800C0070020C707002080B582B000AF034693
:1091A800FB71FB79FF2B01D1094B0DE0FFF726FE80
:1091B80003461A46FB79934205D2FB79054A1B01FF
:1091C80013441B6800E0044B18460837BD4680BDB1
:1091D800C84A0108E07E0108B44A010880B582B097
:1091E80000AFFFF70BFE03467B717B79002B02D1A2
:1091F800FFF74CFF23E00023FB7116E0FB79114ACF
:10920800D35CBB71BA797B799A4207D3FB797A79B7
:10921800B3FBF2F101FB02F29B1ABB71FB790A491D
:10922800BA79CA54FB790133FB71FB79032BE5D971
:10923800064B04221A70044B1A78054B1A7008372B
:10924800BD4680BD100000200C000020CE07002085
:10925800CF07002090B58BB002AF4A4B1B78032B89
:1092680001D9012300E00023FB7606F0F1FA464914
:10927800002006F074FBFB7E002B04D0434901203C
:1092880006F06DFB22E0424BFB61FFF7B7FD03469A
:109298001A46404B1B789A4206D93E4B1B783E4AE9
:1092A8001B0113441B68FB61364B1B785A1C38465C
:1092B800FB690193042300931346384A182108F0E8
:1092C800CDFA3B461946012006F049FB344B1B7882
:1092D8001846FFF761FF0446314B5B781846FFF7E5
:1092E8005BFF03463846009323462E4A182108F0B0
:1092F800B5FA3B461946022006F031FB284B9B780D
:109308001846FFF749FF0446254BDB781846FFF758
:1093180043FF0346384600932346234A182108F0A2
:109328009DFA3B461946032006F019FBFB7E002BED
:109338000CD01E49042006F012FB1D49052006F03A
:109348000EFB1C49062006F00AFB0FE01A49042010
:1093580006F005FB1949052006F001FB184906200F
:1093680006F0FDFA1349072006F0F9FA06F07CFA30
:10937800F8F7FEFB0346134A136000BF2437BD46C7
:1093880090BD00BFCE070020CC4A0108D84A01088A
:10939800B44A0108CF070020E07E0108E84A010826
:1093A8000C000020FC4A0108084B0108144B010876
:1093B800244B0108304B01083C4B0108504B010875
:1093C800604B01089007002090B587B000AF464B6E
:1093D8001B78032B03D9454808F084F981E0444BF6
:1093E8001B78414A127811461846FFF7BBFD034621
:1093F800002B20D0FFF702FD03461A463C4B1B7892
:109408009A4206D93A4B1B783A4A1B011344196809
:1094180000E03949344B1B785A1C0423374808F0BC
:10942800F1F8334B1B781846FFF7C2FD03461A467E
:109438002F4B1A7055E02C4B1B781A462C4B197879
:109448002F4B9954284B1B785C1CFFF7D7FC03461D
:109458001A46274B1B789A4206D9254B1B78254A72
:109468001B0113441B6800E0234B042221462548B6
:1094780008F0C8F81C4B1B780133DAB21A4B1A7083
:10948800194B1B78032B23D90023FB7508E0FA7DC1
:10949800FB7D1B49895C1C4AD154FB7D0133FB755C
:1094A800FB7D032BF3D93A46162304211648FFF710
:1094B800DDFC3B461946154808F0A4F8012005F0E4
:1094C800DBFC3C2005F0B6FD002005F0D5FC08E0EB
:1094D800074B1B781846FFF76BFD03461A46044BEB
:1094E8001A701C37BD4690BDCE070020704B01088E
:1094F800CF070020E07E0108B44A0108C04B0108EC
:109508000C000020044C010810000020344C010815
:1095180098B500AF1B4B1B78002B06D11A4B0022C5
:109528001A701A4808F0DEF82AE0164B1B78013B3F
:10953800DAB2144B1A70134B1B781A46144B9A5C08
:10954800114B1A700F4B1B781A46114BFF21995477
:109558000C4B1B785C1CFFF751FC03461A460A4B60
:109568001B789A4206D9084B1B780A4A1B011344F8
:109578001B6800E0084B04222146084808F042F81E
:1095880098BD00BFCE070020CF070020584C010827
:109598000C000020E07E0108B44A01088C4C010848
:1095A80080B586B000AF114B1B78002B05D0104852
:1095B80008F098F800F02CF915E001F033F9FFF7FE
:1095C8000DFEFFF7ADFD0B4B01221A703A4616232C
:1095D80004210948FFF74AFC3B461946074808F0AA
:1095E80011F8FFF737FE1837BD4680BDAD070020DC
:1095F800C04C0108CD070020100000200C4D0108C8
:1096080080B586B000AF0A4B00221A703A4616237E
:1096180004210848FFF72AFC3B461946064807F08C
:10962800F1FF00F0F5F800BF1837BD4680BD00BF58
:10963800CD07002010000020884D010880B500AF3C
:109648004F4B1B78002B01D1002396E04D494E4823
:10965800FFF7A0FB0346002B29D04C4B1B78032BAC
:1096680003D94B4808F03EF81FE04A4B1B781846D0
:10967800FFF7D4FC03461A46464B1A70FFF7BEFBA9
:1096880003461A46434B1B789A4206D9414B1B782E
:10969800414A1B011344196800E040493B4B1B78C1
:1096A8005A1C04233E4807F0ADFFFFF7D3FD3D49A0
:1096B8003D48FFF76FFB0346002B29D0334B1B783F
:1096C800032B03D9394808F00DF81FE0314B1B78FC
:1096D8001846FFF76DFC03461A462E4B1A70FFF723
:1096E8008DFB03461A462B4B1B789A4206D9294B09
:1096F8001B78294A1B011344196800E02749234BAA
:109708001B785A1C04232A4807F07CFFFFF7A2FDA8
:1097180028492948FFF73EFB0346002B03D0FFF7F3
:1097280053FEFFF797FD25492548FFF733FB03460E
:10973800002B03D0FFF7ECFEFFF78CFDFFF70AFBC9
:109748000346002B18D0114B1B78032B07D90C4B61
:1097580000221A701B4807F0C5FF01230DE00B4BD0
:109768001B7804221946184807F04CFF17490520B2
:1097780006F0F5F806F078F80023184680BD00BF1B
:10978800CD070020C9070020B0070020CE07002021
:10979800AC4D0108CF070020E07E0108B44A01085B
:1097A800F44D0108CA070020B4070020244E010820
:1097B8006C4E0108CB070020B8070020CC0700201A
:1097C800BC070020A04E0108C04E0108FC4E01084D
:1097D80080B500AF06F03CF80949002006F0BFF854
:1097E8000849022006F0BBF80749042006F0B7F83C
:1097F8000649062006F0B3F806F036F800BF80BD2B
:10980800104F0108204F0108304F0108444F01084C
:10981800B0B58AB004AF06F01BF8324B1B78002BAA
:1098280017D03149002006F09AF83049022006F096
:1098380096F82F49042006F092F82E49062006F0E3
:109848008EF806F011F8F8F793F903462A4A1360E0
:1098580045E02A49002006F082F8294B1B68184683
:10986800F6F742FE04460D46264B1B681846F6F7E7
:109878003BFE02460B463846CDE90223CDE90045BA
:10988800214A162107F0EAFF3B461946012006F057
:1098980066F81E49022006F062F81D49032006F00A
:1098A8005EF81C49042006F05AF81B49052006F00A
:1098B80056F81A49062006F052F83A4616230421AB
:1098C8001748FFF7D3FA3B461946072006F047F832
:1098D80005F0CAFFF8F74CF90346074A1360183732
:1098E800BD46B0BDAD070020544F0108644F0108C4
:1098F800744F0108844F010890070020944F010815
:109908007407002078070020A04F0108B04F010815
:10991800C44F0108D84F0108E44F0108F44F01086B
:109928001000002080B582B000AFF8F721F9786008
:10993800054B1B687A68D31AC72B01D9FFF768FF54
:1099480000BF0837BD4680BD900700202DE9F043D1
:1099580089B004AF7860F8F70BF9F8607B68002BE2
:1099680001D07B6800E0784BBB60784B1B68FA68D5
:10997800D31AB3F5FA7FC0F0E280744AFB6813602B
:10998800B968734807F03EFE724BD3F8E830002BF5
:1099980020D0704BD3F8E8606E4B1B691846F6F779
:1099A800A3FD804689466B4B5B691846F6F79CFD1C
:1099B80004460D46674BDB691946F868FEF792FFC7
:1099C80003460293CDE9004542464B46314662487C
:1099D80007F018FE5F4BD3F8E430002B20D05D4B26
:1099E800D3F8E4605B4B1B681846F6F77DFD8046AC
:1099F8008946584B5B681846F6F776FD04460D46CF
:109A0800544BDB681946F868FEF76CFF034602936F
:109A1800CDE9004542464B463146504807F0F2FD35
:109A28004C4BD3F8F030002B20D04A4BD3F8F060E1
:109A3800484B1B6B1846F6F757FD80468946454B41
:109A48005B6B1846F6F750FD04460D46414BDB6B41
:109A58001946F868FEF746FF03460293CDE900452C
:109A680042464B4631463E4807F0CCFD394BD3F8C9
:109A7800F430002B20D0374BD3F8F460354B1B6CF7
:109A88001846F6F731FD80468946324B5B6C18461E
:109A9800F6F72AFD04460D462E4BDB6C1946F8688E
:109AA800FEF720FF03460293CDE9004542464B46A8
:109AB80031462C4807F0A6FD264BD3F8E430002B9E
:109AC80027D0244BD3F8F030002B22D0214B1B6831
:109AD800204A126B11461846F6F762FD03461846EF
:109AE800F6F702FD04460D461A4B5B68194A526B9D
:109AF80011461846F6F754FD03461846F6F7F4FCE7
:109B080002460B46CDE9002322462B46164807F0AD
:109B180079FD164B1B681846F6F7E6FC04460D4619
:109B2800134B1B681846F6F7DFFC02460B46CDE9D7
:109B3800002322462B460F4807F064FD00E000BFD3
:109B48001437BD46BDE8F08304500108940700208F
:109B58000C5001082C060020245001084C50010824
:109B6800745001089C500108C45001087407002073
:109B780078070020D8500108B0B584B002AF3C2265
:109B88002821494807F03EFD0123FB7154E0FB7989
:109B980001211846FCF744FB0346FB70F978F87975
:109BA800424B01930223009328233C22FEF70CFF2B
:109BB8000346BB70BB78002B25D0FC79FB78002BC3
:109BC80001D13B4D00E03B4DBB781846FBF78CFEBE
:109BD8000346009328232A462146374807F012FDFA
:109BE8000123BB710AE0BB7900211846FCF7A0FEEF
:109BF8000F20F7F7C7FFBB790133BB71BB79042B83
:109C0800F1D9BB784CE0FC79FB78002B01D1284DC9
:109C180000E0284DBB781846FBF766FE0346009324
:109C280028232A462146244807F0ECFC1920F7F798
:109C3800A9FFFB790133FB71FB79042BA7D9FCF74A
:109C480021FE03463B713B79002B1BD03B7918461C
:109C5800FBF74AFE03461946184807F0D3FC0123D0
:109C68007B710AE07B7900211846FCF761FE0F2022
:109C7800F7F788FF7B7901337B717B79042BF1D966
:109C88003B790DE03B791846FBF72EFE0346194653
:109C98000A4807F0B7FC4FF4967005F0CBF900239B
:109CA80018460837BD46B0BDEC50010820510108E0
:109CB800285101082C510108305101085851010858
:109CC8002DE9F0438DB004AF0023FB77C3E04FF0DC
:109CD80000037B604FF000033B603A463B1D114692
:109CE800184605F017FA0346002B04D1604807F020
:109CF800F9FC0023B7E07B687A6811461846F6F746
:109D080059FD03461C463B683A6811461846F6F763
:109D180051FD034619462046F6F744FC034618460B
:109D280005F032FEB861FE7F7B681846F6F7DCFB6B
:109D3800804689463B681846F6F7D6FB04460D462A
:109D4800B869F6F7D1FB02460B46CDE90223CDE907
:109D5800004542464B463146464807F053FC4649C3
:109D6800B869F6F7CFFE0346002B01D001237AE04D
:109D78007B683A6811461846FCF7D4FE0346002B68
:109D880004D13E4807F0AEFC00236CE03C49B869BA
:109D9800F6F7AEFE0346002B01D0BB6900E0384B56
:109DA8007B617C687B68B9691846F6F7B7FD03469E
:109DB80079691846F6F7FEFC034619462046F6F779
:109DC800EFFB03463B613C683B68B9691846F6F708
:109DD800A5FD034679691846F6F7ECFC03461946D3
:109DE8002046F6F7DDFB0346FB60FE7F3869F6F791
:109DF8007BFB80468946F868F6F776FB04460D46F5
:109E08007869F6F771FB02460B46CDE90223CDE9E6
:109E1800004542464B4631461A4807F0F3FB78683E
:109E28003968FB683A69FDF713FD0346FB72FB7A54
:109E3800002B0AD0FB7A1846FBF756FD0346194655
:109E4800114807F0DFFB00230DE0FA2005F0F2F8D7
:109E5800FB7F0133FB77FB7F072B7FF638AF0B487F
:109E680007F040FC002318462437BD46BDE8F083C0
:109E780070510108A85101089A99193FDC5101084D
:109E88003333B33E1052010850520108785201088A
:109E98002DE9F04395B004AF0346FB71002387F822
:109EA8003F30B84B1B7887F83630B748FEF704FBCD
:109EB8000346002B03D1B54807F014FC02E0B44870
:109EC80007F010FC4FF4AF7005F0B4F805F0C0FCD3
:109ED800B049002005F043FDAF49022005F03FFDE1
:109EE80005F0C2FCC82005F0A5F84FF4FA70FEF79B
:109EF80017FB0346002B10D105F0AAFCA749002048
:109F080005F02DFDA649022005F029FD05F0ACFC61
:109F1800A44807F0E7FB002363E2002387F83E30FC
:109F280065E14FF00003FB604FF00003BB6007F1F1
:109F3800080207F10C031146184605F0EBF8034632
:109F4800002B10D105F084FC9749002005F007FD8F
:109F58009649022005F003FD05F086FC944807F0B9
:109F6800C1FB00233DE2FB68FA6811461846F6F784
:109F780021FC03461C46BB68BA6811461846F6F72A
:109F880019FC034619462046F6F70CFB034618460B
:109F980005F0FAFC386397F83E60FB681846F6F758
:109FA800A3FA80468946BB681846F6F79DFA044628
:109FB8000D46386BF6F798FA02460B46CDE90223B0
:109FC800CDE9004542464B4631467A4807F01AFB30
:109FD800386BF6F789FA02460B4697F83E1007F1F8
:109FE80010000291CDE90023734A162107F036FCD0
:109FF80007F110031946022005F0B1FC05F034FC06
:10A008006E49386BF6F77EFD0346002B03D001231B
:10A0180087F83F30F0E04FF08341386BF6F786FD64
:10A028000346002B08D1FB68BA6811461846FCF7AE
:10A0380079FD0346002B1AD105F00AFC604900207F
:10A0480005F08DFC5949022005F089FC05F00CFC4F
:10A05800386BF6F749FA02460B464FF000005949AB
:10A06800CDE90001584807F0CDFA0023B9E1574976
:10A07800386BF6F75BFD0346002B11D05349386B5C
:10A08800F6F78EFA0346BB634FF08041B86BF6F7DC
:10A098004DFD0346002B10D04FF08043BB630CE00E
:10A0A8004FF07C51386BF6F723FD0346002B01D0A7
:10A0B8003B6B01E04FF07C53BB63FC68FB68396B7A
:10A0C8001846F6F72BFC0346B96B1846F6F772FBF1
:10A0D800034619462046F6F763FA0346FB62BC6856
:10A0E800BB68396B1846F6F719FC0346B96B184676
:10A0F800F6F760FB034619462046F6F751FA034681
:10A10800BB6297F83E60F86AF6F7EEF98046894632
:10A11800B86AF6F7E9F904460D46B86BF6F7E4F9BC
:10A1280002460B46CDE90223CDE9004542464B469F
:10A138003146274807F066FAF868B968BB6AFA6AD0
:10A14800FDF786FB034687F8273097F82730002B62
:10A1580044D097F827301846FBF7C6FB0346194644
:10A168001C4807F04FFA05F073FB1B49002005F067
:10A17800F6FB0B49022005F0F2FB05F075FB002306
:10A188002FE100BFAD070020B8520108C0520108F6
:10A19800F4520108205301083053010840530108C4
:10A1A8004C5301085853010880530108204F0108F7
:10A1B80094530108C4530108F45301089A99193FAC
:10A1C80004540108000030400C54010800004040CD
:10A1D8005454010894540108DC5401084FF4967053
:10A1E80004F028FF97F83E30013387F83E3097F89F
:10A1F8003E301D2B7FF695AE97F83F30002B10D1DF
:10A2080005F026FB7949002005F0A9FB78490220D2
:10A2180005F0A5FB05F028FB764807F063FA002354
:10A22800DFE0FB79002B4ED005F012FB72490020CD
:10A2380005F095FB7149022005F091FB05F014FB30
:10A24800FFF79AFC034687F8263097F82630002B4C
:10A2580017D005F0FDFA6A49002005F080FB69492E
:10A26800022005F07CFB05F0FFFA97F82630184627
:10A27800FBF73AFB03461946634807F0C3F9002386
:10A28800AFE005F0E5FA6149002005F068FB604998
:10A29800022005F064FB05F0E7FAFFF711FD03461D
:10A2A800002B10D105F0D4FA5A49002005F057FBCD
:10A2B8005949022005F053FB05F0D6FA574807F034
:10A2C80011FA00238DE0FCF785FD0346002B10D022
:10A2D80005F0BEFA5249002005F041FB5149022021
:10A2E80005F03DFB05F0C0FA4F4807F0FBF90023E5
:10A2F80077E0002387F837300AE097F837304B4A81
:10A30800002142F8231097F83730013387F83730A7
:10A3180097F83730032BF0D9454B01221A70454B7B
:10A328004FF000021A60444B4FF000021A60FCF72D
:10A33800FBFC424B00221A70414B00221A70F7F7BF
:10A3480017FC03463F4A13603E4B1B683E4A1360A6
:10A358003C4B1B683D4A13603D4B00221A603D4B45
:10A368004FF000021A603C4B4FF000021A603B4B62
:10A378004FF000021A603A4B4FF000021A60394B56
:10A3880000221A70384B00221A70384B00221A70BB
:10A3980005F05EFA3649002005F0E1FA3549022059
:10A3A80005F0DDFA3449042005F0D9FA33490520CF
:10A3B80005F0D5FA3249062005F0D1FA05F054FA2D
:10A3C80097F83630002B02D02E4807F08BF92E482C
:10A3D80007F088F94FF4FA7004F02CFEFFF718FA2A
:10A3E800012318464437BD46BDE8F083EC54010804
:10A3F800F854010808550108305501083C55010872
:10A408004C5501085C55010868550108A05501081C
:10A41800B0550108C05501084C530108D055010832
:10A428000856010814560108245601086007002040
:10A438007007002074070020780700209907002083
:10A448009807002080070020840700208807002044
:10A458008C0700209C070020A0070020A4070020EC
:10A46800A8070020AC070020AD070020AE07002099
:10A47800944F010850560108E44F0108D84F0108CD
:10A488005C56010868560108A456010880B483B0D8
:10A4980000AF0346FB71FB79013B032B12D801A2E5
:10A4A80052F823F0BDA40008C1A40008C5A4000800
:10A4B800C9A40008064B06E0064B04E0064B02E080
:10A4C800064B00E0064B18460C37BD4680BC70476B
:10A4D800CC560108D0560108D8560108E0560108A4
:10A4E800E856010880B582B000AF1648FEF70BFBAE
:10A4F8000346FB711448FEF706FB0346BB7113487D
:10A50800FEF701FB03467B711148FEF7FCFA034690
:10A518003B71FB79002B01D001230FE0BB79002BA5
:10A5280001D002230AE07B79002B01D0032305E048
:10A538003B79002B01D0042300E00023184608379C
:10A54800BD4680BDB0070020B4070020B807002032
:10A55800BC07002080B582B000AF786039607B68A6
:10A568001B6819491846F6F7E1FA0346002B02D092
:10A578007B68154A1A607B681B6814491846F6F709
:10A58800B7FA0346002B02D07B68104A1A603B6872
:10A598001B680D491846F6F7C9FA0346002B02D086
:10A5A8003B68094A1A603B681B6808491846F6F771
:10A5B8009FFA0346002B00D102E03B68034A1A6069
:10A5C80000BF0837BD4680BD0000A0410000A0C103
:10A5D80080B400AF4FF081431846BD4680BC704739
:10A5E80090B585B000AF78600023FB730123BB737F
:10A5F80011E0BB7B00211846FCF79AF903467B73F0
:10A608007B7B002B01D07B7BFB730F20F7F7BAFA1B
:10A61800BB7B0133BB73BB7B042BEAD97B68002B64
:10A6280005D07B681B78002B01D07C6800E00B4CC0
:10A63800FB7B1846FBF758F903461A46214608489B
:10A6480006F0E0FFFB7B002B02D00648FBF766FD17
:10A65800FB7B18461437BD4690BD00BFF056010875
:10A66800F85601080C57010890B583B000AF786020
:10A678000B46FB70164B01221A70164B01221A70FA
:10A6880005F0E6F81449002005F069F9134902209D
:10A6980005F065F91249042005F061F91149062011
:10A6A80005F05DF905F0E0F87B68002B01D07C68C7
:10A6B80000E00D4CFB781846FBF716F903461A46DE
:10A6C80021460A4806F09EFF00BF0C37BD4690BDE4
:10A6D800AD070020AE070020544F0108644F010861
:10A6E800744F0108844F01081C57010824570108BA
:10A6F80080B584B000AF3C4B1B78002B03D13B4B9B
:10A708001B78002B45D00023FB73F7F731FAB860AC
:10A71800354B1B78002B39D0354B1B68BA68D31AD8
:10A72800002B33DA0123BB7311E0BB7B00211846F1
:10A73800FCF7FEF80346FB71FB79002B01D0FB798F
:10A74800FB730C20F7F71EFABB7B0133BB73BB7B93
:10A75800042BEAD9FB7B002B0ED0FB7B1846FBF7BA
:10A76800C3F803461946234806F04CFFFB7B1946FD
:10A778002148FFF779FF0CE0FB7B1846FBF7B4F89C
:10A78800034619461B4806F03DFF02E01B4806F049
:10A79800A9FF154B00221A70144B00221A70F7F704
:10A7A800E7F90346164A1360154B1B68104A1360F5
:10A7B800134B1B68134A1360134B00221A60134B88
:10A7C8001B68134A1360134B1B68134A13600F4B23
:10A7D8001B68124A13600F4B1B68114A136000BFB5
:10A7E8001037BD4680BD00BF99070020980700209C
:10A7F80084070020745701088C57010894570108F2
:10A8080080070020880700208C070020740700209C
:10A818009C07002078070020A0070020A40700203C
:10A82800A807002080B582B000AF2E4B1B78002B04
:10A8380003D12D4B1B78002B2AD00023FB71012359
:10A84800BB7111E0BB7900211846FCF771F803468B
:10A858007B717B79002B01D07B79FB710C20F7F79A
:10A8680091F9BB790133BB71BB79042BEAD9FB7928
:10A878001846FBF739F8034619461C4806F0C2FE8D
:10A88800FB79002B04D0FB7919461948FFF7ECFE39
:10A89800144B00221A70144B00221A70F7F768F94B
:10A8A8000346144A1360134B1B68134A1360114B79
:10A8B8001B68124A1360124B00221A60114B1B6866
:10A8C800114A1360114B1B68114A13600D4B1B682A
:10A8D800104A13600D4B1B680F4A136000BF0837FE
:10A8E800BD4680BD9907002098070020B857010889
:10A8F800D45701088007002084070020880700201B
:10A908008C070020740700209C070020780700208F
:10A91800A0070020A4070020A807002090B587B052
:10A9280000AF7860374B1B78002B67D0364B1B681D
:10A93800002B63D0354B1B687A68D31A7B61324B86
:10A948001B687A699A420AD3314B1B68314A1360F3
:10A95800314B1B68314A1360FEF7E4FF4FE078691A
:10A96800F5F7D0FE0446284B1B681846F5F7CAFED3
:10A97800034619462046F5F7D1FF03463B61244BB1
:10A988001B68274A126811461846F5F709FE034660
:10A9980039691846F5F70EFF03461A46204B1B681F
:10A9A80019461046F5F7FEFD0346FB601A4B1B6877
:10A9B8001C4A126811461846F5F7F2FD0346396934
:10A9C8001846F5F7F7FE03461A46164B1B68194654
:10A9D8001046F5F7E7FD0346BB6007F1080207F1EB
:10A9E8000C0311461846FFF7B5FDFB68094A1360CA
:10A9F800BB680A4A1360FEF795FF00E000BF1C37EA
:10AA0800BD4690BD990700208C07002088070020CC
:10AA1800A407002074070020A8070020780700205A
:10AA28009C070020A00700202DE9F04FA7B010AF29
:10AA380003460A4687F82730134687F82630F7F783
:10AA480097F838658F4B1B68BB638F4B1B687B631C
:10AA58008C4B1B683B638C4B1B68FB62FFF7B8FD94
:10AA680078650023BB6297F82730002B06D1FFF7E3
:10AA78003FFE864B00221A70012302E3844B1B78A9
:10AA8800002B1FD0834B1B78002B19D1814B01223F
:10AA98001A7004F0DDFE8049002004F060FF7F4951
:10AAA800022004F05CFF7E49042004F058FF7D4931
:10AAB800062004F054FF04F0D7FE7B4806F012FE8F
:10AAC8000023DEE2714B1B7897F827209A4201D1C8
:10AAD8000123D6E297F82630002B11D1734B1B784F
:10AAE800002B0DD0724B1B7897F827209A4207D17C
:10AAF800704B1B683A6DD31A002B01DA0123C0E2B0
:10AB080097F82630002B11D0684B1B78002B0DD0FE
:10AB1800674B1B7897F827209A4207D0FFF782FEE9
:10AB28005B4B1B78002B01D00023AAE297F8273053
:10AB3800013B032B6AD801A252F823F055AB000859
:10AB480085AB0008B5AB0008E5AB00084E4B1B68A9
:10AB580019465948F5F724FD03461946786DF5F767
:10AB6800E5FF0346002B00D152E0474B1B6819460E
:10AB78005148F5F715FD03467B6549E0424B1B68D4
:10AB88004D491846F5F70EFD03461946786DF5F759
:10AB9800CDFF0346002B00D13AE03B4B1B684649EA
:10ABA8001846F5F7FFFC03467B6531E0354B1B681B
:10ABB80041491846F5F7F6FC03461946786DF5F74E
:10ABC800B5FF0346002B00D122E02E4B1B683A4903
:10ABD8001846F5F7E7FC03467B6519E0294B1B6827
:10ABE80019463548F5F7DCFC03461946786DF5F744
:10ABF8009DFF0346002B00D10AE0224B1B68194633
:10AC08002D48F5F7CDFC03467B6501E0012338E2CA
:10AC18004FF00001786DF5F76BFF0346002B02D06B
:10AC28004FF000037B6597F82730013B032B7DD855
:10AC380001A252F823F000BF51AC00086FAC000825
:10AC4800C5AC0008FDAC00087B6B796D1846F5F7BC
:10AC5800A9FC03467B63FB6A796D1846F5F7A2FCED
:10AC68000346FB6264E07B6B796D1846F5F798FC48
:10AC780003467B63FB6A796D1846F5F791FC03463A
:10AC8800FB6255E07407002078070020AC0700201D
:10AC9800AD070020AE070020544F0108644F01089B
:10ACA800744F0108844F0108E057010899070020F4
:10ACB80098070020840700200000A041BB6B796D35
:10ACC8001846F5F76DFC0346BB634B49786DF5F7FD
:10ACD80071FD03461A467B6B19461046F5F762FC70
:10ACE80003467B633B6B796D1846F5F759FC0346C1
:10ACF8003B631DE0BB6B796D1846F5F753FC0346C3
:10AD0800BB633D49786DF5F755FD03461A467B6BE5
:10AD180019461046F5F746FC03467B633B6B796D95
:10AD28001846F5F73FFC03463B6301E00123A8E121
:10AD38003B6BFB64FB6ABB64BB6B7B647B6B3B64F8
:10AD480007F12C0207F1300311461846FFF702FC01
:10AD580007F1340207F1380311461846FFF7FAFBEA
:10AD68003B6B264A126811461846F5F719FC03464C
:10AD780023F0004322491846F5F7BAFE0346002B94
:10AD880048D0FB6A1F4A126811461846F5F708FCB6
:10AD9800034623F000431A491846F5F7A9FE03466F
:10ADA800002B37D097F827301846FFF76FFB064679
:10ADB800124B1B681846F5F797FB04460D46114BD6
:10ADC8001B681846F5F790FB02460B464FF000004B
:10ADD8000D49CDE90201CDE9002322462B46314633
:10ADE8000A4806F00FFC0A4A97F827301370FFF755
:10ADF8007FFC012345E100BF3D0AD73E74070020D0
:10AE08000AD7233C78070020000034402058010866
:10AE1800AC0700203B6B1946F86CF5F7C1FB0346FD
:10AE280023F000439C491846F5F780FE0346002BA3
:10AE38002CD1FB6A1946B86CF5F7B2FB034623F030
:10AE4800004395491846F5F771FE0346002B1DD1BE
:10AE5800BB6B1946786CF5F7A3FB034623F0004358
:10AE68008D491846F5F762FE0346002B0ED17B6B21
:10AE78001946386CF5F794FB034623F000438649DE
:10AE88001846F5F753FE0346002B4ED097F82730A7
:10AE98001846FFF7FBFA0646F86CF5F725FBC7E9F5
:10AEA8000601B86CF5F720FB82468B463B6B1846CB
:10AEB800F5F71AFBC7E90401FB6A1846F5F714FB16
:10AEC800C7E90201786CF5F70FFBC7E90001386C98
:10AED800F5F70AFB80468946BB6B1846F5F704FB75
:10AEE80004460D467B6B1846F5F7FEFA4FF0000254
:10AEF8006A4BCDE90E23CDE90C01CDE90A45CDE930
:10AF08000889D7E90034CDE90634D7E90234CDE918
:10AF18000434D7E90434CDE90234CDE900ABD7E9EC
:10AF2800062331465E4806F06DFB5E4B18685E4BA3
:10AF38001968BA6B7C6B07F1280302934FF07E53B4
:10AF480001934FF07E5300932346FCF7C5FC03465C
:10AF580087F83F3097F83F30002B2ED004F078FC6C
:10AF68005249002004F0FBFC5149022004F0F7FC90
:10AF780004F07AFC97F827301846FFF787FA04465A
:10AF880097F83F301846FAF7AFFC03461A462146B1
:10AF9800484806F037FB484B00221A70474B0022FE
:10AFA8001A70474A97F82730137097F83F301946B8
:10AFB8004448FFF759FB002363E0BB6A4F2B01D8D5
:10AFC8005023BB6297F82630002B09D13A4B1B78E7
:10AFD800002B05D0394B1B7897F827209A4222D0AE
:10AFE80097F827301846FFF751FA0446786DF5F7B9
:10AFF8007BFA02460B464FF000002849CDE90601CE
:10B0080023A1D1E90001CDE904014FF000002E4948
:10B01800CDE902014FF000002B49CDE9000121469E
:10B028002A4806F0EFFA244B01221A70234A97F8AF
:10B0380027301370F6F79CFD0346254A1360244B0E
:10B048001B68244A1360BB6A234A1360154B1B68AC
:10B05800224A1360144B1B68214A13603B6B214A38
:10B068001360FB6A204A1360194B1A68BB6A1344C1
:10B0780014331E4A1360124B00221A70FEF752FC5A
:10B08800012318465C37BD46BDE8F08FAFF300805A
:10B09800000000A047E1DA3F6F12833A0000344015
:10B0A8005C5801087407002078070020BC58010884
:10B0B800C8580108DC5801089907002098070020A3
:10B0C800AC070020005901080000F03F0C590108A6
:10B0D80080070020880700208C0700209C0700209C
:10B0E800A0070020A4070020A8070020840700204C
:10B0F80090B589B002AF78607B68002B05D07B687B
:10B108001B78002B01D07B6800E02E4B3B610123AC
:10B11800FB752FE0F87D3B69019302230093002320
:10B1280001220021FDF750FC0346BB73BB7B002BBB
:10B138000FD0FC7DBB7B1846FAF7D6FB03462246A8
:10B148003969214806F05EFA2048FFF749FABB7BC7
:10B1580034E0FC7DBB7B1846FAF7C6FB0346224663
:10B168003969194806F04EFA2820F6F70BFDFB7DE1
:10B178000133FB75FB7D042BCCD9FBF783FB03461E
:10B18800FB73FB7B002B0BD0FB7B1846FAF7ACFB61
:10B1980003461A4639690E4806F034FAFB7B0DE07F
:10B1A800FB7B1846FAF7A0FB03461A46396908489C
:10B1B80006F028FA782003F03DFF002318461C37D4
:10B1C800BD4690BD5C590108645901087C590108C5
:10B1D80090590108F0B58FB002AF78600023FB6288
:10B1E800002387F82B3015E097F82B309B007A68FE
:10B1F80013441B681846FDF7BBFB0346FB60FA685F
:10B20800FB6A9A4201D9FB68FB6297F82B3001333D
:10B2180087F82B3097F82B30032BE5D9FB6A142BD2
:10B228000DD88A4B1B78002B07D0894806F05AFAAC
:10B238008848FFF75DFF034604E1002302E17B68CD
:10B2480019687B68043318687B6808331C687B6856
:10B258000C331B68FA6A01920093234602467E4823
:10B2680006F0D0F9002387F82A30A4E097F82A30AE
:10B278000133BB7697F82A309B007A6813441B6821
:10B288001846FDF775FB03467B6197F82A309B004B
:10B298007A6813441B68DB0FDBB2FB74FB6A002B74
:10B2A8000DD07869F5F72EFA0446F86AF5F72AFA08
:10B2B800034619462046F5F731FB034601E04FF0F7
:10B2C80000037B627B69002B02D1644B7B6208E040
:10B2D8006249786AF5F70CFC0346002B01D05F4BF6
:10B2E8007B625F49786AF5F765FA03461846F5F711
:10B2F80063FC03467B847B8C002B01D101237B8478
:10B308007A8CF97CB87E574B0193022300937B69B2
:10B31800FDF75AFB0346BB74BB7C002B2DD0BC7ECB
:10B32800FB7C002B01D1504D00E0504D7E8CBB7C46
:10B338001846FAF7D9FA034601937B690093334616
:10B348002A4621464A4806F05DF9012387F821304C
:10B358000DE097F8213000211846FBF7E9FA0F2095
:10B36800F6F710FC97F82130013387F8213097F869
:10B378002130042BEDD9BB7C64E0BC7EFB7C002B28
:10B3880001D1394D00E0394D7E8CBB7C1846FAF767
:10B39800ABFA034601937B69009333462A4621465C
:10B3A800334806F02FF92820F6F7ECFB97F82A30F7
:10B3B800013387F82A3097F82A30032B7FF656AFE7
:10B3C800FBF760FA0346FB76FB7E002B0AD0FB7E78
:10B3D8001846FAF789FA03461946264806F012F97C
:10B3E800FB7E2FE0FB7E1846FAF77EFA03461946E5
:10B3F800204806F007F9F86AF5F784F903461E496C
:10B408001846F5F78BFA03461C491846F5F7D2F9A2
:10B4180003461846F5F7D0FB034603F5FA73FB61BC
:10B42800FB69B3F5C87F02D24FF4C873FB61FB69AF
:10B43800B3F5FA5F02D94FF4FA53FB61F86903F0E8
:10B44800F9FD002318463437BD46F0BDAD0700208E
:10B45800A4590108F4590108045A0108CDCC4C3DFF
:10B4680000001644345A0108285101082C510108DB
:10B478003C5A01086C5A01080000614500007A44F2
:10B488002DE9F04397B006AF07F1240300221A60B4
:10B498005A609A60DA6007F1140300221A605A6051
:10B4A8009A60DA600023FB63B74B1B78002B04D14A
:10B4B800B64806F017F90023EAE1B54B00221A70E6
:10B4C800FFF7B0F904F0C4F9B249002004F047FAD4
:10B4D80004F0CAF9012387F83B3061E097F83B3064
:10B4E800013B07F124029B001A4497F83B301146B0
:10B4F8001846FDF70BFA0346002B0DD104F0A8F906
:10B50800A549002004F02BFAA449022004F027FAE8
:10B5180004F0AAF90023BBE197F83B30013BA04AAD
:10B5280052F8231097F83B30013B9B00383307F162
:10B538000802134453F81C2C97F83B30013B8A1A35
:10B548009B00383307F108010B4443F82C2C97F87B
:10B558003B30013B9B00383307F10802134453F892
:10B568002C3C1846FDF704FA03461A46FB6B934237
:10B578000ED297F83B30013B9B00383307F10802A5
:10B58800134453F82C3C1846FDF7F2F90346FB63C5
:10B598001420F6F7F7FA97F83B30013387F83B3079
:10B5A80097F83B30042B99D97D6ABE6AFB6A7B60A9
:10B5B8003B6B7B4A12687A49496879488068784CBD
:10B5C800E468049403900291019200937B683246E8
:10B5D8002946744806F016F8FB6B142B2FD87248CE
:10B5E80006F080F8714B1B78002B16D07048FFF7D7
:10B5F8007FFD0346002B10D004F02AF96D49002086
:10B6080004F0ADF96C49022004F0A9F904F02CF912
:10B618006A4806F067F800233AE15D4B01221A7088
:10B62800674B4FF000021A60664B4FF000021A6039
:10B63800FBF77AFB0020FEF72BFC034628E1FB6BA7
:10B6480041F2873293427FD94FF000033B614FF0BC
:10B658000003FB6007F10C0207F1100311461846BE
:10B6680003F058FD0346002B6AD03B693A6911463E
:10B678001846F5F79FF803461C46FB68FA6811461A
:10B688001846F5F797F8034619462046F4F78AFF57
:10B698000346184604F078F978633B691846F4F7CE
:10B6A80023FF80468946FB681846F4F71DFF0446C9
:10B6B8000D46786BF4F718FF02460B46CDE90223D6
:10B6C800CDE9004542464B46F96B3F4805F09AFFE5
:10B6D8004FF08241786BF5F715FA0346002B33D00B
:10B6E8003A4805F0FFFF314B1B78002B16D0304845
:10B6F800FFF7FEFC0346002B10D004F0A9F82D49F3
:10B70800002004F02CF92C49022004F028F904F058
:10B71800ABF82A4805F0E6FF0023B9E01C4B0122EC
:10B728001A70274B4FF000021A60264B4FF00002A8
:10B738001A60FBF7F9FA0120FEF7AAFB0346A7E017
:10B74800F96B234805F05EFF4FF41672F96B214838
:10B7580005F058FF07F114031846FFF73BFD0346B1
:10B76800002B0DD004F074F81B49002004F0F7F802
:10B778001A49022004F0F3F804F076F8002387E071
:10B78800012387F83A3057E070070020845A0108EF
:10B79800D0070020AC5A0108BC5A01081456010809
:10B7A80060070020D05A0108145B0108AD0700208B
:10B7B800F4590108585B01085C550108685B0108E9
:10B7C8007407002078070020A05B0108E45B0108EB
:10B7D800285C0108645C0108945C0108C8580108E9
:10B7E8000023BB6007F1080297F83A301146184663
:10B7F800FDF78CF80346002B16D097F83A10B86876
:10B8080097F83A30013B254A52F82340BA6897F82E
:10B818003A30013B214D55F82330D31A0093234683
:10B8280002461F4805F0EEFE1420F6F7ABF997F82C
:10B838003A30013387F83A3097F83A30042BCFD9A9
:10B84800184B4FF000021A60174B4FF000021A60B5
:10B85800FBF76AFA03F0FCFF1449002004F07FF8B4
:10B868001349022004F07BF803F0FEFF114805F0AD
:10B8780039FF0120FEF70CFB0346002B04D10E48CC
:10B8880005F030FF002303E00C4805F02BFF0123EF
:10B8980018464437BD46BDE8F08300BF6007002066
:10B8A800A85C01087407002078070020D85C01080C
:10B8B800E85C0108F85C0108345D01085C5D01087A
:10B8C80080B483B000AF0346FB71FB79013B032BC7
:10B8D80012D801A252F823F0F1B80008F5B8000810
:10B8E800F9B80008FDB80008064B06E0064B04E06E
:10B8F800064B02E0064B00E0064B18460C37BD46E7
:10B9080080BC7047C4490108E0490108FC490108A6
:10B91800184A0108C84A010880B487B000AFF86027
:10B928007A603B600B46FB720023FB757B68002B3B
:10B9380026D03B68002B23D07B68144A1A603B68EA
:10B94800134A1A60FB7A042B02D10123FB750DE020
:10B95800FB68002B0AD0FB681B784C2B06D1FB68D0
:10B9680001331B78422B01D10123FB75FB7D002B92
:10B9780007D07B68074A1A603B68044A1A6000E0EF
:10B9880000BF1C37BD4680BC704700BFA4707D3F18
:10B99800AE47813F5C8F823FB0B58EB004AFF86090
:10B9A8007B600B46FB721346BB7203F051FF1F49C5
:10B9B800002003F0D4FFFB68002B01D0FB6800E0F7
:10B9C8001B4BFA7AB97A07F1100001910092194AD3
:10B9D800162105F043FF07F110031946012003F073
:10B9E800BEFF7868F4F780FD04460D46B86BF4F79F
:10B9F8007BFD02460B4607F11000CDE90223CDE995
:10BA080000450D4A162105F029FF07F110031946D4
:10BA1800032003F0A4FF0949062003F0A0FF03F068
:10BA280023FF00BF2837BD46B0BD00BF885D0108B1
:10BA3800945D01089C5D0108A04F0108AC5D0108F8
:10BA480080B588B000AFF860B9607A603B604FF0AD
:10BA58008043FB61FB6823F000427B6823F00043CE
:10BA68001946104603F0AEFFB861BB6823F00042E8
:10BA78003B6823F000431946104603F0A3FF7861A2
:10BA88001749B868F5F752F80346002B08D014494F
:10BA98003868F5F74BF80346002B01D0114BFB61D2
:10BAA80097F82830002B0DD10F49B869F5F73EF803
:10BAB8000346002B0FD00C497869F5F737F8034691
:10BAC800002B08D00949F869F5F730F80346002B30
:10BAD80001D0064BFB61FB6918462037BD4680BD87
:10BAE800000020419A99993F000050413333B33FF9
:10BAF80080B58EB000AFF860B9607A603B60B96815
:10BB0800F868FBF70FF80346002B06D03968786809
:10BB1800FBF708F80346002B01D1002341E007F1A9
:10BB280020031A46B968F868FAF798FF07F1100376
:10BB38001A4639687868FAF791FF002387F8373092
:10BB48002AE097F837309B0038333B4453F8282CC9
:10BB580097F837309B0038333B4453F8183C194664
:10BB68001046F4F71DFD03463B63396C386BF4F758
:10BB7800DDFF0346002B01D0002312E00B49386B90
:10BB8800F4F7B6FF0346002B01D0002309E097F82D
:10BB98003730013387F8373097F83730032BD0D94F
:10BBA800012318463837BD4680BD00BFCDCC4CC0F8
:10BBB80090B593B002AFF860B9607A603B60F968FD
:10BBC8007868F4F7EDFC0346BB63B9683868F4F7A6
:10BBD800E7FC03467B63B96BB86BF4F7EBFD0346F0
:10BBE8001C46796B786BF4F7E5FD03461946204649
:10BBF800F4F7D8FC0346184603F0C6FE38634FF046
:10BC08008041386BF4F78AFE03461846F4F7D4FFF0
:10BC1800034687F83F3097F83F301846F4F772FD2F
:10BC2800034619461846F4F7BDFC03461946386B17
:10BC3800F4F77CFF0346002B04D097F83F3001331C
:10BC480087F83F3097F83F30002B40F08C80012375
:10BC580087F83F3087E0012387F83E30002387F8D4
:10BC68003D306EE097F83D301846F4F74BFD04463A
:10BC780097F83F301846F4F745FD03461946204625
:10BC8800F4F74CFE0346FB6297F83D300133184643
:10BC9800F4F738FD044697F83F301846F4F732FDBC
:10BCA800034619462046F4F739FE0346BB62F96A93
:10BCB800B86BF4F77FFD03461946F868F4F772FC91
:10BCC80003467B62F96A786BF4F774FD03461946FC
:10BCD800B868F4F767FC03463B62B96AB86BF4F7D7
:10BCE80069FD03461946F868F4F75CFC0346FB61F6
:10BCF800B96A786BF4F75EFD03461946B868F4F73D
:10BD080051FC0346BB6197F850300093BB69FA6950
:10BD1800396A786AFFF794FE78617B690093BB699A
:10BD2800FA69396A786AFFF7E3FE0346002B03D104
:10BD3800002387F83E300AE097F83D30013387F852
:10BD48003D3097F83D2097F83F309A428AD397F8CC
:10BD58003E30002B02D097F83F300EE097F83F3086
:10BD6800013387F83F3097F83F30172B7FF673AFD2
:10BD78001821044805F046FC182318464437BD46E8
:10BD880090BD00BFB85D01082DE9F04F97B008AF2E
:10BD98000346FB734FF00003BB624FF000037B6266
:10BDA8004FF000033B624FF00003FB614FF00003CC
:10BDB800BB614FF000037B61F5F7DAFE7863FB7B2C
:10BDC800002B02D0FB7B042B01D9002301E1FB7B74
:10BDD800013B87F833304FF4FA70FCF7A1FB0346B8
:10BDE800002B0CD007F11C0307F1200207F12401F6
:10BDF80007F12800FCF7F4FB0346002B0AD1FB7B74
:10BE08001846FFF75DFD03461946744805F0FAFB2E
:10BE18000023DEE0386AF96907F1140307F1180214
:10BE280003F024F90346002B27D0BA6997F833307A
:10BE38006B4951F8233019461046F4F7B1FB034615
:10BE480023F0004367491846F4F770FE0346002BB9
:10BE580013D17A6997F83330634951F8233019467A
:10BE68001046F4F79DFB034623F000435D4918464E
:10BE7800F4F75CFE0346002B2AD0FB7B1846FFF73D
:10BE88001FFD06463B6A1846F4F72EFB82468B4692
:10BE9800FB691846F4F728FB04460D46BB6A1846AA
:10BEA800F4F722FB804689467B6A1846F4F71CFBA8
:10BEB80002460B46CDE90423CDE90289CDE90045C8
:10BEC80052465B463146494805F09CFB002380E01A
:10BED800BB6ABA6A11461846F4F76CFC03461C465E
:10BEE8007B6A7A6A11461846F4F764FC03461946D9
:10BEF8002046F4F757FB0346184603F045FDF86261
:10BF0800FB7B1846FFF7DCFC0646BB691846F4F7CE
:10BF1800EBFAC7E900017B691846F4F7E5FA04462D
:10BF28000D46BB6A1846F4F7DFFA804689467B6AF5
:10BF38001846F4F7D9FA82468B46F86AF4F7D4FA29
:10BF480002460B46CDE90623CDE904ABCDE90289CB
:10BF5800CDE90045D7E900233146254805F052FBD5
:10BF6800244BD3F8F430002B1CD0224B1B6C184602
:10BF7800F4F7BAFA804689461E4B5B6C1846F4F70C
:10BF8800B3FA04460D461B4BDB6C1946786BFCF77D
:10BF9800A9FC03460293CDE9004542464B461648A4
:10BFA80005F030FB154805F09DFB1549F86AF4F7D4
:10BFB800A9FD0346002B0BD0FB7B1846FFF780FC3E
:10BFC8000146BA6A7B6AF87B00F076F8012300E044
:10BFD800002318463C37BD46BDE8F08FF05D0108E8
:10BFE800207F0108CDCCCC3D307F0108205E0108C0
:10BFF800645E01082C0600209C5E0108B85E0108FA
:10C00800CDCC4C3FF0B589B002AF0346B9607A6039
:10C01800FB73FB7B002B08D0FB7B042B05D8BB688C
:10C02800002B02D07B68002B01D100233CE0FB7B76
:10C038002C2202FB03F31E4A13447B617B691B78A5
:10C04800002B30D07B695A687B699B68194610467B
:10C05800FAF768FD0346002B1BD1FB7B1846FFF758
:10C068002FFC06467B695B681846F4F73DFA0446E0
:10C078000D467B699B681846F4F736FA02460B466C
:10C08800CDE9002322462B4631460A4805F0BAFA84
:10C0980009E07B695A68BB681A607B699A687B68A3
:10C0A8001A60012300E0002318461C37BD46F0BD86
:10C0B800D4070020BC5E01082DE9F04F9FB00CAFFB
:10C0C800B9617A613B610346FB7707F120030022DF
:10C0D8001A605A609A60DA60012387F847300023B3
:10C0E80087F84530FB7F002B00F03182FB7F042B63
:10C0F80000F22D82FB7F2C2202FB03F3894A1344B2
:10C10800FB63BB69002B05D1FB7F1846FFF7D8FB03
:10C11800034600E0BB69BB63FB6B1B7887F84630BE
:10C1280097F846301D2B04D897F84630013387F826
:10C13800463097F84630002B02D1012387F8463065
:10C1480097F846301846F4F7DDFA03467B63FB6B35
:10C158005C68754B1A68FB6B5B6819461046F4F708
:10C168001FFA0346796B1846F4F7D8FB03461946BD
:10C178002046F4F717FA03461A46FB6B5A60FB6B26
:10C188009C686A4B1A68FB6B9B6819461046F4F763
:10C1980007FA0346796B1846F4F7C0FB03461946BD
:10C1A8002046F4F7FFF903461A46FB6B9A60FB6BCF
:10C1B800DC68FB6BDB6819467869F4F7F1F903462C
:10C1C800796B1846F4F7AAFB034619462046F4F79C
:10C1D800E9F903461A46FB6BDA60FB6B1C69FB6BDB
:10C1E8001B6919463869F4F7DBF90346796B184679
:10C1F800F4F794FB034619462046F4F7D3F90346AF
:10C208001A46FB6B1A61FB6B97F846201A70484B6D
:10C21800D3F8F430002B3FD0F5F7AAFC0246444B84
:10C22800DB6C19461046FCF75DFB0346B3F5FA7F55
:10C2380032D8012387F84530FB6B5C693C4B1A6C9C
:10C24800FB6B5B6919461046F4F7AAF90346796B4C
:10C258001846F4F763FB034619462046F4F7A2F99B
:10C2680003461A46FB6B5A61FB6B9C69304B5A6C50
:10C27800FB6B9B6919461046F4F792F90346796BF4
:10C288001846F4F74BFB034619462046F4F78AF99B
:10C2980003461A46FB6B9A61012387F844301AE07B
:10C2A80097F84430013B07F120029B001A4497F8A5
:10C2B800443011461846FCF729FB0346002B02D1EF
:10C2C800002387F847301420F5F75CFC97F84430D2
:10C2D800013387F8443097F84430042BE0D997F8B5
:10C2E8004730002B63D0FB6B5B7887F8433097F8B7
:10C2F80043301D2B04D897F84330013387F8433077
:10C3080097F84330002B02D1012387F8433097F880
:10C3180043301846F4F7F6F903463B63002387F8E1
:10C3280042303CE0D4070020740700207807002042
:10C338002C06002097F84230FA6B06339B00134412
:10C348005D6897F842309B00383307F110021344B8
:10C3580053F8283C1846F4F7D9F997F84230FA6BA5
:10C3680006339B0013445B681946F4F719F9034632
:10C37800396B1846F4F7D2FA034697F84240194643
:10C388002846F4F70FF903461946FA6BA31D9B00DC
:10C398001344596097F84230013387F8423097F8D0
:10C3A8004230032BC6D9FB6B97F843205A70FB6BBE
:10C3B8001B781E46684B1B681846F4F795F8044628
:10C3C8000D46664B1B681846F4F78EF8804689467A
:10C3D8007869F4F789F882468B463869F4F784F867
:10C3E80002460B46CDE90623CDE904ABCDE9028927
:10C3F800CDE900453246B96B594805F003F997F87D
:10C408004530002B15D0574B1B6C1846F4F76CF8C9
:10C4180004460D46534B5B6C1846F4F765F8024624
:10C428000B46CDE9002322462B464F4805F0EAF893
:10C4380002E04E4805F0E6F897F84730002B0DD09B
:10C44800396A786ABC6AFB6AFA6B5278019200937F
:10C4580023460246464805F0D5F805E0FB6B5B78B5
:10C468001946444805F0CEF8434805F03BF9FB6B04
:10C478001B781E46FB6B5B681846F4F735F80446D4
:10C488000D46FB6B9B681846F4F72EF880468946E4
:10C49800FB6BDB681846F4F727F882468B46FB6B84
:10C4A8001B691846F4F720F8C7E90201FB6B5B69C2
:10C4B8001846F4F719F8C7E90001FB6B9B691846A1
:10C4C800F4F712F802460B46CDE90A23D7E9002310
:10C4D800CDE90823D7E90223CDE90623CDE904AB4A
:10C4E800CDE90289CDE900453246B96B234805F00C
:10C4F80089F8FB6B5B78002B22D0FB6BDB69184655
:10C5080002F094FC0446FB6B1B6A184602F08EFC92
:10C518000546FB6B5B6A184602F088FC0646FB6B17
:10C528009B6A184602F082FC0246FB6B5B7801931B
:10C53800009233462A462146114805F063F802E086
:10C54800104805F05FF80C4805F0CCF800E000BF93
:10C558004C37BD46BDE8F08F7407002078070020EF
:10C56800005F01082C060020345F0108485F0108BD
:10C57800545F0108745F0108B85E01088C5F010808
:10C58800D45F0108F85F01082DE9F04F95B00CAFB2
:10C598004C4805F0A7F80123FB7786E0FB7F2C22A7
:10C5A80002FB03F3484A1344BB61FB7F1846FFF7BD
:10C5B80087F97861BB691B78002B04D179694348F6
:10C5C80005F020F86EE0BB691B781E46BB695B6806
:10C5D8001846F3F789FF04460D46BB699B68184661
:10C5E800F3F782FF80468946BB69DB681846F3F794
:10C5F8007BFF82468B46BB691B691846F3F774FFBD
:10C60800C7E90201BB695B691846F3F76DFFC7E923
:10C618000001BB699B691846F3F766FF02460B46A3
:10C62800CDE90A23D7E90023CDE90823D7E9022376
:10C63800CDE90623CDE904ABCDE90289CDE9004572
:10C6480032467969224804F0DDFFBB695B78002B2C
:10C6580022D0BB69DB69184602F0E8FB0446BB69D7
:10C668001B6A184602F0E2FB0546BB695B6A18467E
:10C6780002F0DCFB0646BB699B6A184602F0D6FB53
:10C688000246BB695B780193009233462A462146ED
:10C69800104804F0B7FF02E00F4804F0B3FF0F485A
:10C6A80005F020F8FB7F0133FB77FB7F042B7FF637
:10C6B80075AF0B4805F016F800BF2437BD46BDE836
:10C6C800F08F00BF0C600108D40700202460010827
:10C6D80040600108D45F0108F85F0108B85E0108EE
:10C6E800986001082DE9F04393B006AF78600846DA
:10C6F80011461A460346FB700B46BB7013467B7007
:10C708007B68002B01D07B6800E0AD4B3B62F5F7FE
:10C718002FFAF86107F1080300221A605A609A603C
:10C72800DA60012387F82F300023FB76A54BBB6224
:10C73800A54B1B780F2B19D1002387F8273010E061
:10C7480097F8272097F82730A04951F822209B0016
:10C7580030333B4443F8282C97F82730013387F8C7
:10C76800273097F82730032BEAD944E0984BBB626F
:10C77800012387F826301AE097F82630013B07F1A5
:10C7880008029B001A4497F8263011461846FCF711
:10C79800BDF80346002B02D1002387F82F30142060
:10C7A800F5F7F0F997F82630013387F8263097F82F
:10C7B8002630042BE0D997F82F30002B1BD000230C
:10C7C80087F8253010E097F8253097F825209B004A
:10C7D80030333B4453F8283C7C4941F8223097F8E1
:10C7E8002530013387F8253097F82530032BEAD90F
:10C7F800754B0F221A7097F8038097F802907E788D
:10C80800744B1B681846F3F76FFE04460D46724BCF
:10C818001B681846F3F768FE02460B46CDE9042369
:10C82800CDE9024500964B464246396A6B4804F00A
:10C83800E9FE6B4BD3F8E430002B1DD0684B1B6826
:10C848001846F3F751FE80468946654B5B681846E3
:10C85800F3F74AFE04460D46614BDB681946F86952
:10C86800FCF740F803460293CDE9004542464B46A3
:10C878005C4804F0C7FE02E05B4804F0C3FE584B76
:10C88800D3F8F030002B1DD0554B1B6B1846F3F72F
:10C898002BFE80468946524B5B6B1846F3F724FE05
:10C8A80004460D464E4BDB6B1946F869FCF71AF83F
:10C8B80003460293CDE9004542464B464B4804F0F7
:10C8C800A1FE02E04A4804F09DFE454BD3F8E4304F
:10C8D800002B28D0424BD3F8F030002B23D0404B0C
:10C8E8001B683F4A126B11461846F3F759FE034678
:10C8F8001846F3F7F9FD04460D46394B5B68384A8C
:10C90800526B11461846F3F74BFE03461846F3F7E9
:10C91800EBFD02460B46CDE9002322462B4635485F
:10C9280004F070FE02E0344804F06CFE2C4BD3F89F
:10C93800F430002B1DD02A4B1B6C1846F3F7D4FD9E
:10C9480080468946264B5B6C1846F3F7CDFD0446B6
:10C958000D46234BDB6C1946F869FBF7C3FF03460A
:10C968000293CDE9004542464B46244804F04AFE6E
:10C9780002E0234804F046FEFB7E002B03D021484A
:10C9880004F040FE13E097F82F30002B0CD0B96864
:10C99800F8683C697B69BA6A0192009323460246AB
:10C9A800194804F02FFE02E0184804F02BFE18483E
:10C9B80004F098FE00BF3437BD46BDE8F08300BFE1
:10C9C800B0600108B8600108C0080020B008002065
:10C9D800BC6001087407002078070020C4600108C3
:10C9E8002C060020006101081C610108286101086B
:10C9F80044610108C45001085061010858610108E8
:10CA0800485F01087061010888610108AC6101088C
:10CA1800B85E010880B586B000AFF860B96013460B
:10CA2800FB71FB68002B01D0FB6800E0194B19462D
:10CA3800194804F0E7FD0023FB751FE0FB7D002B80
:10CA480002D02C2004F0F0FDFB7D012202FA03F352
:10CA5800DAB2FB791340DBB2002B09D0FB7D9B00D7
:10CA6800BA6813441B6819460C4804F0CBFD02E071
:10CA78000B4804F0C7FDFB7D0133FB75FB7D032BE1
:10CA8800DCD9FB791946074804F0BCFD00BF18370C
:10CA9800BD4680BDBC610108C0610108C8610108CC
:10CAA800CC610108D061010890B585B000AF78600D
:10CAB80039600023FB737B68002B01D1002341E020
:10CAC8000023BB733AE0BB7B9B007A6813440022C7
:10CAD8001A60BB7B0133D8B2BB7B9B007A681344D6
:10CAE8001946F9F769FF03467B733B68002B04D0AE
:10CAF800BB7B3A6813447A7B1A707B7B002B08D186
:10CB0800BB7B012202FA03F3DAB2FB7B1343FB730C
:10CB18000EE0BB7B5C1C7B7B1846F8F7E5FE034602
:10CB28001A462146094804F06DFD0948F9F7F6FA56
:10CB38005020F5F727F8BB7B0133BB73BB7B032B76
:10CB4800C1D9FB7B18461437BD4690BDE06101088A
:10CB580000620108F0B589B002AF3B1D00221A60DF
:10CB68005A609A60DA604A4B1B683B600023FB7589
:10CB78000023BB7548E000237B753CE0BB7D013397
:10CB8800D8B2BB7D3A1D9B001344BC7D1946F9F70A
:10CB980013FF03461A4604F118033B4403F8182C04
:10CBA800BB7D18333B4413F8183C002B08D1BB7DE0
:10CBB800012202FA03F3DAB2FB7D1343FB751DE091
:10CBC800BB7D5C1C7B7D5D1CBB7D18333B4413F82F
:10CBD800183C1846F8F788FE03462A4621462D4891
:10CBE80004F010FD2C48F9F799FA2820F4F7CAFF49
:10CBF8007B7D01337B757B7D022BBFD95020F4F7F9
:10CC0800C1FFBB7D0133BB75BB7D032BB3D9234A61
:10CC1800FB7D137000233B750CE03B7D3A7D9B0048
:10CC280018333B4453F8143C1D4941F822303B7DEE
:10CC380001333B753B7D032BEFD91A4804F0E2FC26
:10CC4800164B1B781A4616491748FFF7E3FE3B7840
:10CC58001846F8F749FE04467B781846F8F744FE6C
:10CC68000546BB781846F8F73FFE0646FB78184697
:10CC7800F8F73AFE0346009333462A4621460B4806
:10CC880004F0C0FC7820F4F77DFF1C37BD46F0BDEA
:10CC980078620108106201083C620108C00800209F
:10CCA800B00800204C620108BC61010860620108FC
:10CCB8002DE9F04186B002AF78600B46FB70134651
:10CCC800BB700023FB730023BB7334E0FBF746FB08
:10CCD800F4F74EFFB860314BD3F8E430002B0BD09B
:10CCE8002E4BDB681946B868FBF7FCFD0346B3F525
:10CCF800FA7F01D801234BE0BB7B002B11D1FB7BD2
:10CD0800002B0ED12648FBF7D7FB0346002B03D098
:10CD1800244804F0E7FC02E0234804F0E3FC012384
:10CD2800FB73BB7B0133022B02D8782002F082F917
:10CD3800BB7B0133BB73BB7B022BC7D97B68002B42
:10CD480001D07C6800E0194CFE7897F80280134BFC
:10CD5800D3F8E450F4F70CFF0246104BDB68194691
:10CD68001046FBF7BFFD0346019300954346324644
:10CD780021460F4804F046FC7B68002B01D07968F7
:10CD880000E00A49FA78BB780A4804F03BFC002323
:10CD980018461037BD46BDE8F08100BF2C060020BC
:10CDA8007C62010884620108B0620108B44A010883
:10CDB800E46201082C6301082DE9F04FFFB02AAFA7
:10CDC800C7F89400084611461A46034687F8933078
:10CDD8000B4687F89230134687F8913007F1BC0369
:10CDE80000221A605A609A60DA6007F1AC030022E8
:10CDF8001A605A609A60DA6007F19C0300221A6090
:10CE08005A609A60DA60814B1B68C7F89830804B8B
:10CE18001B7887F84531002387F84431002387F8C9
:10CE28004F31002387F8433107F1CC031846F9F74F
:10CE38009DFE002387F8473112E097F8472197F8BD
:10CE48004731744951F822209B00C03307F1900103
:10CE58000B4443F8942C97F84731013387F847314E
:10CE680097F84731032BE8D907F1980207F1AC038B
:10CE780011461846FFF718FE034687F84431012388
:10CE880087F84331F4F774FEC7F83C0197F843314B
:10CE9800002B65D0002387F8463159E097F84631D2
:10CEA800012202FA03F3DAB2594B1B781340DBB2C2
:10CEB800002B2ED097F84631012202FA03F3DAB29A
:10CEC80097F844311340DBB2002B22D097F8463153
:10CED8009B00C03307F19002134453F8A41C97F841
:10CEE80046314C4A52F8232097F846318A1A9B005B
:10CEF800C03307F190010B4443F8B42C97F846313E
:10CF0800012202FA03F3DAB297F84F31134387F894
:10CF18004F3197F84631012202FA03F3DAB297F853
:10CF280044311340DBB2002B0DD097F8463197F807
:10CF380046219B00C03307F190010B4453F8A43CF1
:10CF4800344941F8223097F84631013387F84631A1
:10CF580097F84631032BA1D92D4A97F8443113701D
:10CF680097F88431002B03D197F82F31002B03D188
:10CF7800294BC7F848313EE097F84331002B07D0DA
:10CF880097F844310F2B03D0244BC7F8483132E0CF
:10CF9800234BD3F8E430002B0AD0214BDB68194629
:10CFA800D7F83C01FBF79EFC0346B3F5FA7F03D99B
:10CFB8001C4BC7F848311EE0194BD3F8F030002B52
:10CFC8000AD0174BDB6B1946D7F83C01FBF78AFCF4
:10CFD8000346B3F5FA7F03D9134BC7F848310AE083
:10CFE80097F84331002B03D1104BC7F8483102E0C2
:10CFF8000F4BC7F84831D7F8CC30C7F88C30D7F882
:10D008009430002B16D0D7F8946014E078620108A9
:10D01800C0080020B00800206C630108786301088C
:10D028002C0600208463010894630108A4630108A6
:10D03800C8630108A94E97F89330C7F8883097F865
:10D048009220C7F8842097F89110C7F8801097F8B5
:10D058007801F86797F87C41BC6797F884311846DF
:10D06800F8F742FC786797F82F313B67D7F83851C3
:10D07800FD6697F82C31BB66D7F88001F3F734FAD0
:10D08800C7E91801D7F8D0301846F3F72DFAC7E9E1
:10D098001601D7F8D4301846F3F726FAC7E9140171
:10D0A800D7F8D8301846F3F71FFAC7E91201D7F8AE
:10D0B800DC301846F3F718FAC7E91001D7F8E03062
:10D0C8001846F3F711FAC7E90E01D7F8E430184605
:10D0D800F3F70AFAC7E90C01D7F8E8301846F3F76E
:10D0E80003FAC7E90A01D7F8EC301846F3F7FCF958
:10D0F800C7E90801D7F8F0301846F3F7F5F9C7E99A
:10D108000601D7F8F4301846F3F7EEF9C7E9040139
:10D11800D7F8F8301846F3F7E7F9C7E90201D7F866
:10D12800FC301846F3F7E0F9C7E90001D7F80031F9
:10D138001846F3F7D9F982468B46D7F804311846D2
:10D14800F3F7D2F980468946D7F808311846F3F73D
:10D15800CBF904460D46D7F80C311846F3F7C4F955
:10D1680002460B46CDE92823CDE92645CDE9248999
:10D17800CDE922ABD7E90023CDE92023D7E9022363
:10D18800CDE91E23D7E90423CDE91C23D7E90623DB
:10D19800CDE91A23D7E90823CDE91823D7E90A23CB
:10D1A800CDE91623D7E90C23CDE91423D7E90E23BB
:10D1B800CDE91223D7E91023CDE91023D7E91223AB
:10D1C800CDE90E23D7E91423CDE90C23D7E916239B
:10D1D800CDE90A23D7E91823CDE90823D7F868C091
:10D1E800CDF81CC0FD6E06953D6F05957D6F0495C5
:10D1F800BC6F0394F86F0290D7F880100191D7F8AC
:10D2080084200092D7F888303246D7F88C103448FA
:10D2180004F0F8F9D7F8CC30C7F8883097F810310F
:10D22800984697F81131994697F81231C7F8843023
:10D2380097F81331C7F88030D7F81431FB67D7F85F
:10D248001831BB67D7F81C317B67D7F820313B67AB
:10D25800B7F82431FB66B7F82631BB66B7F8283132
:10D268003B66B7F82A31BB6597F82D3103F0010307
:10D27800002B07D097F831311846F8F735FBC7F877
:10D288008C0002E0174BC7F88C3097F82D3103F06B
:10D298000203002B06D097F832311846F8F724FB22
:10D2A800064600E00F4E97F82D3103F00403002BDB
:10D2B80006D097F833311846F8F716FB054600E014
:10D2C800084D97F82D3103F00803002B0CD097F880
:10D2D80034311846F8F708FB044606E0B44A01085A
:10D2E800D0630108B0640108A54C97F83531184699
:10D2F800F8F7FAFA014697F82E31184697F82D31C3
:10D308001A4697F83031119310920F900E910D94A0
:10D318000C950B96D7F88C300A93BB6D09933B6E2E
:10D328000893BB6E0793FB6E06933B6F05937B6F69
:10D338000493BB6F0393FB6F0293D7F8803001937C
:10D34800D7F8843000934B464246D7F888108D486A
:10D3580004F058F9D7F8CC30D7F83C2119468A4858
:10D3680004F050F997F84331002B3DD097F8452148
:10D3780007F1BC0319468548FFF74CFB202004F051
:10D3880053F997F8442107F1AC0319468048FFF791
:10D3980041FB202004F048F997F84F2107F19C033E
:10D3A80019467C48FFF736FB97F898301846F8F787
:10D3B8009BFA044697F899301846F8F795FA054607
:10D3C80097F89A301846F8F78FFA064697F89B3080
:10D3D8001846F8F789FA0346009333462A46214649
:10D3E8006D4804F00FF902E06C4804F00BF96C4B3F
:10D3F800D3F8E430002B22D0694B1B681846F3F7AA
:10D4080073F880468946664B5B681846F3F76CF8F4
:10D4180004460D46624BDB681946D7F83C01FBF71A
:10D4280061FA02465E4BD3F8E43003930292CDE9E9
:10D43800004542464B465B4804F0E4F802E05A488F
:10D4480004F0E0F8564BD3F8F030002B22D0544BC0
:10D458001B6B1846F3F748F880468946504B5B6BC0
:10D468001846F3F741F804460D464D4BDB6B194659
:10D47800D7F83C01FBF736FA0246494BD3F8F030AF
:10D4880003930292CDE9004542464B46474804F0D3
:10D49800B9F802E0464804F0B5F8414BD3F8E43057
:10D4A800002B28D03E4BD3F8F030002B23D03C4B38
:10D4B8001B683B4A126B11461846F3F771F803468E
:10D4C8001846F3F711F804460D46354B5B68344AA5
:10D4D800526B11461846F3F763F803461846F3F7FC
:10D4E80003F802460B46CDE9002322462B46314875
:10D4F80004F088F802E0304804F084F8284BD3F8A8
:10D50800F430002B22D0264B1B6C1846F2F7ECFFA8
:10D5180080468946224B5B6C1846F2F7E5FF0446C5
:10D528000D461F4BDB6C1946D7F83C01FBF7DAF9BF
:10D5380002461B4BD3F8F43003930292CDE9004521
:10D5480042464B461D4804F05DF802E01C4804F0D2
:10D5580059F8D7F848111B4804F054F897F8843163
:10D56800002B06D197F84331002B02D07820F4F72E
:10D5780009FB00BF07F5AA77BD46BDE8F08F00BFDD
:10D58800B0640108B8640108606501088465010891
:10D59800906501089C650108A4650108C06501083B
:10D5A8002C060020E06501081C61010804660108DA
:10D5B80044610108C4500108506101082866010847
:10D5C800485F0108486601082DE9F04FAFB00CAF7D
:10D5D8000346FB770B46BB7713467B77FB7F002B15
:10D5E80002D0FB7F042B01D900237CE3FB7F013BA6
:10D5F80087F87A30FB7F1846FEF762F907F13C039B
:10D6080007F14002F97FFEF787F9B44BC7F8843079
:10D61800002387F883305CE34FF00003BB634FF0CF
:10D6280000037B634FF000033B634FF00003FB6292
:10D638004FF00003BB624FF000037B62FB7F18468C
:10D64800FEF73EF9BB7F00221946FFF731FB034680
:10D65800002B0CD1FB7F1846FEF732F9014697F8EC
:10D6680083301A469E4803F0CDFF00233BE3B420E5
:10D6780001F0E0FC4FF4FA70FAF752FF0346002B72
:10D688000CD007F12C0307F1300207F1340107F140
:10D698003800FAF7A5FF0346002B0ED1FB7F18468A
:10D6A800FEF70EF9014697F883301A468D4803F0C5
:10D6B800A9FFFA2001F0BEFC06E3386BF96A07F10E
:10D6C800240307F1280201F0D1FC0346002B27D0E0
:10D6D800BA6A97F87A30844951F8233019461046C7
:10D6E800F2F75EFF034623F0004380491846F3F73C
:10D6F8001DFA0346002B13D17A6A97F87A307C49D1
:10D7080051F8233019461046F2F74AFF034623F032
:10D71800004376491846F3F709FA0346002B2CD044
:10D72800FB7F1846FEF7CCF806463B6B1846F2F727
:10D73800DBFE82468B46FB6A1846F2F7D5FE0446A6
:10D748000D46BB6B1846F2F7CFFE804689467B6BC9
:10D758001846F2F7C9FE02460B46CDE90423CDE987
:10D768000289CDE9004552465B463146614803F0DF
:10D7780049FFFA2001F05EFCA6E2BB6BBA6B1146CA
:10D788001846F3F717F803461C467B6B7A6B11466D
:10D798001846F3F70FF8034619462046F2F702FF3A
:10D7A8000346184602F0F0F87867FB7F1846FEF744
:10D7B80087F8B86197F88360BB6B1846F2F794FE58
:10D7C80004460D467B6B1846F2F78EFE8046894666
:10D7D800786FF2F789FE82468B46474B1B681846DE
:10D7E800F2F782FEC7E90401444B1B681846F2F7BA
:10D7F8007BFE02460B46CDE90823D7E90423CDE991
:10D808000623CDE904ABCDE90289CDE900453246CE
:10D81800B9693B4803F0F6FE3A49786FF3F772F9B5
:10D828000346002B0BD0FB7F1846FEF749F801464C
:10D83800BA6B7B6BF87FFEF73FFC012353E24FF096
:10D848000001D7F88400F3F767F90346002B39D0B5
:10D858004FF08041D7F88400F2F7A4FE034619463A
:10D86800786FF3F763F90346002B2BD0FB7F18463C
:10D87800FEF726F80646D7F88400F2F735FE82460A
:10D888008B46786FF2F730FE04460D461A4B1B683C
:10D898001846F2F729FE80468946184B1B68184639
:10D8A800F2F722FE02460B46CDE90423CDE90289B0
:10D8B800CDE9004552465B463146134803F0A2FEC7
:10D8C800002310E27B6FC7F884301049786FF3F7B4
:10D8D8000FF90346002B1BD07B6F1AE0000080BFB6
:10D8E8005866010884660108407F0108CDCCCC3D0C
:10D8F800507F0108B46601087407002078070020EB
:10D90800FC660108CDCC4C3F3C6701086666E63EE4
:10D91800864BFB67864BD3F8F430002B4BD0F4F7DB
:10D9280027F90246824BDB6C19461046FAF7DAFFF4
:10D938000346B3F5FA7F3ED87D4B1B6C23F00043BA
:10D948007C491846F3F7E8F80346002B0AD1784BD0
:10D958005B6C23F0004377491846F3F7DDF803467C
:10D96800002B28D04FF07C51F86FF2F723FF0346C5
:10D97800FB67FB7F1846FDF7A3FF06466C4B1B6C45
:10D988001846F2F7B1FD80468946694B5B6C18462C
:10D99800F2F7AAFD04460D46F86FF2F7A5FD024618
:10D9A8000B46CDE90223CDE9004542464B463146B8
:10D9B800614803F027FEBB6B796F1846F2F7AEFF9C
:10D9C800034683F000431946F86FF2F7F3FE034667
:10D9D8003B677B6B796F1846F2F7A0FF034683F02D
:10D9E80000431946F86FF2F7E5FE0346FB66534B12
:10D9F8001B681946386FF2F7D5FD0346BB66504BD6
:10DA08001B681946F86EF2F7CDFD03467B66796E02
:10DA1800B86EF9F787F80346002B18D1FB7F184634
:10DA2800FDF74EFF0646B86EF2F75EFD04460D465A
:10DA3800786EF2F759FD02460B46CDE900232246DF
:10DA48002B4631463F4803F0DDFD00234BE13B4BBD
:10DA580018683B4B1968FB7F00937B6EBA6EFEF724
:10DA6800A7F8034687F86330344B1B68FB65344BD3
:10DA78001B68BB65002387F87B301EE197F87B3075
:10DA880001331846F2F73EFE044697F8633018460D
:10DA9800F2F738FE034619462046F2F73FFF0346E1
:10DAA8007B65F96DB86EF2F77BFD0346796D184614
:10DAB800F2F780FE03461946F86DF2F773FD034648
:10DAC8003B65B96D786EF2F76BFD0346796D1846C4
:10DAD800F2F770FE03461946B86DF2F763FD034688
:10DAE800FB64164B1868164B1968FB7F0093FB6C98
:10DAF8003A6DFDF7A5FFB864FB7F1846FDF7E0FE19
:10DB080097F87B300133DAB2BB7F1946FFF7D0F8BC
:10DB18000346002B1AD1FB7F1846FDF7D1FE0346BA
:10DB28001946094803F06EFD0023DCE06666E63E10
:10DB38002C060020CDCC4C3F8867010874070020D4
:10DB480078070020C0670108EC670108FB7F1846CA
:10DB5800FDF7B6FEB86197F87B305E1C97F8633026
:10DB68003B61634B1B681846F2F7BEFC804689464A
:10DB7800604B1B681846F2F7B7FC82468B46386D37
:10DB8800F2F7B2FCC7E90201F86CF2F7ADFCC7E99D
:10DB980000013B6C1846F2F7A7FC04460D46FB6BE8
:10DBA8001846F2F7A1FC02460B46CDE90A23CDE957
:10DBB8000845D7E90023CDE90623D7E90223CDE9B3
:10DBC8000423CDE902ABCDE900893B693246B96946
:10DBD800494803F017FD464B1868464B19683B6CDB
:10DBE800FA6B01920093FB6C3A6DF9F74DFE034610
:10DBF80087F8473097F84730002B34D03F4A97F8DA
:10DC080047301370FB7F1846FDF75AFE044697F815
:10DC180047301846F7F768FE03461A462146384843
:10DC280003F0F0FCFB7F1846FDF74AFE044697F820
:10DC38007B300133D8B27A7FB97F97F847300393A6
:10DC4800BB6C02930123019397F86330009303465A
:10DC58002046FFF7B1F897F8473019462948FCF7EE
:10DC680003FD00233FE0224A3B6D1360214AFB6C11
:10DC780013602448FBF76AFE4FF4967001F0DAF956
:10DC8800FB7F1846FDF71CFE044697F87B300133EE
:10DC9800D8B27A7FB97F00230393BB6C0293012328
:10DCA800019397F86330009303462046FFF784F802
:10DCB80097F87B30013387F87B3097F87B2097F80B
:10DCC80063309A42FFF4DAAE97F88330013387F86D
:10DCD800833097F883300B2B7FF69EACFB7F18467A
:10DCE800FEF752F8034618468C37BD46BDE8F08F5C
:10DCF800740700207807002020680108C308002066
:10DD080074680108946801082DE9F04FADB010AFB0
:10DD1800F8620B4687F82B30134687F82A30904B69
:10DD280000221A70FB6A002B01D10023D1E2FB6AA2
:10DD38009868FB6A197B07F1300307F13402FDF795
:10DD4800EBFDFB6A1B68FB63FB6A5B68BB63FB6AF2
:10DD58001B7B002B45D0FB6A1B7B07F1380207F1C0
:10DD68003C011846FEF74EF9034687F86E3097F8DF
:10DD78006E30012B35D1FB6A1B7B1846FDF7A0FDE1
:10DD88000646FB6A1B681846F2F7AEFB82468B46CE
:10DD9800FB6A5B681846F2F7A7FB04460D46FB6B67
:10DDA8001846F2F7A1FB80468946BB6B1846F2F786
:10DDB8009BFB02460B46F96A097B8C4669482C2175
:10DDC80001FB0CF1014409780691CDE90423CDE962
:10DDD8000289CDE9004552465B463146624803F068
:10DDE80011FCFB6BBA6B11461846F8F79BFE03460D
:10DDF800002B1DD1FB6A9B68002B02D0FB6A9E6832
:10DE080000E05A4EFB6B1846F2F76EFB04460D46CF
:10DE1800BB6B1846F2F768FB02460B46CDE90023B8
:10DE280022462B463146524803F0ECFB002350E2D1
:10DE3800504B1B68BB66504B1B687B66FB6BB96E0F
:10DE48001846F2F7ADFB03463B66BB6B796E184686
:10DE5800F2F7A6FB0346FB65396E386EF2F7AAFCAB
:10DE680003461C46F96DF86DF2F7A4FC0346194603
:10DE78002046F2F797FB0346184601F085FDB86582
:10DE88003E49B86DF2F734FE0346002B0FD0FB6A0B
:10DE98009868384B1C68384B1B6897F82A2097F805
:10DEA8002B1000932346FDF777FD012311E2FA6B4F
:10DEB800B96BFB6A1B7B00930B46796EB86EFDF756
:10DEC80077FE034687F85730002387F86F3065E1FF
:10DED80097F86F3001331846F2F714FC044697F8A8
:10DEE80057301846F2F70EFC034619462046F2F75B
:10DEF80015FD03463B65396D386EF2F75BFC03464A
:10DF08001946B86EF2F74EFB0346FB64396DF86D9F
:10DF1800F2F750FC03461946786EF2F743FB0346C6
:10DF2800BB64144B1868144B1968FB6A1B7B00937D
:10DF3800BB6CFA6CFDF784FD7864FB6A986897F807
:10DF48002A2097F82B10BB6C0093FB6CFDF724FD7F
:10DF5800FB6A9B68002B13D0FB6A9E6811E000BF28
:10DF6800C3080020D4070020A0680108B44A0108AB
:10DF7800E46801087407002078070020CDCC4C3DE8
:10DF8800A74E97F82B307B6297F82A10396297F8DA
:10DF98006F30591CF96197F85700B861A14B1B689D
:10DFA8001846F2F7A1FAC7E904019F4B1B68184607
:10DFB800F2F79AFAC7E90201F86CF2F795FAC7E99D
:10DFC8000001B86CF2F790FA82468B467B6B1846D4
:10DFD800F2F78AFA804689463B6B1846F2F784FACC
:10DFE80004460D46786CF2F77FFA02460B46CDE9F7
:10DFF8000E23CDE90C45CDE90A89CDE908ABD7E96F
:10E008000045CDE90645D7E90245CDE90445D7E9FC
:10E018000401CDE90201B8690190F86900903B6AF2
:10E028007A6A3146814803F0EDFAFB6A986897F8F6
:10E038006F300133DAB297F82B301946FEF738FE05
:10E048000346002B11D1FB6A9B68002B02D0FB6AA8
:10E05800996800E0724997F86F305A1C97F8573062
:10E06800734803F0CFFA002333E16E4B18686E4B08
:10E0780019687B6B3A6B01920093BB6CFA6CF9F7E9
:10E0880003FC034687F8433097F84330002B48D009
:10E09800684A97F84330137001F0DAFB66490020AC
:10E0A80001F05DFC6549022001F059FC01F0DCFB40
:10E0B800FB6A9B68002B02D0FB6A9C6800E0584C06
:10E0C80097F86F305D1C97F8576097F843301846FB
:10E0D800F7F70AFC0346009333462A462146584878
:10E0E80003F090FAFB6A986897F86F300133DCB256
:10E0F80097F82A2097F82B1097F8433003937B6CF6
:10E1080002930023019397F8573000932346FEF7B4
:10E1180053FE97F8433019464A48FCF7A5FA0023FE
:10E12800D7E0404AFB6C13603F4ABB6C136046481B
:10E13800FBF70CFC4FF4967000F07CFFFB6A9868C4
:10E1480097F86F300133DCB297F82A2097F82B1034
:10E15800002303937B6C02930023019397F85730B5
:10E1680000932346FEF728FEFAF790FB0346002BA0
:10E178000FD0FCF757FBFB6A9B68002B02D0FB6AA9
:10E188009B6800E0264B1946304803F03BFA002311
:10E198009FE097F86F30013387F86F3097F86F205A
:10E1A80097F857309A42FFF493AEFB6A9868FB6A77
:10E1B8001B7B97F82A2097F82B10FEF793FAFB6A37
:10E1C8001B7B002B00F08480FB6A1B7B97F82A20BE
:10E1D80097F82B101846FFF7F7F9034687F85630DB
:10E1E80097F85630002B39D0FB6A1B7B013B012284
:10E1F80002FA03F3DAB2164B1B781343DAB2144B64
:10E208001A701449052001F0AAFBFB6A1B7B18460B
:10E21800FDF756FB034619460F4803F0F3F948E0AB
:10E22800B44A010874070020780700201C69010817
:10E2380080690108C3080020B4690108C8580108AA
:10E24800C8690108F0690108FC690108046A010845
:10E25800C1080020246A0108306A01081F4B1B7896
:10E26800002B0BD0FB6A1B7B1846FDF729FB0346E6
:10E2780019461B4803F0C6F900232AE0FB6A1B7BFA
:10E28800013B012202FA03F3DAB2164B1B7813435F
:10E29800DAB2144B1A701449052001F060FBFB6ACE
:10E2A8001B7B1846FDF70CFB034619460F4803F085
:10E2B800A9F901F0D9FA012000F0DEFD502000F0A4
:10E2C800B9FE002000F0D8FD4FF42F7000F0B2FE28
:10E2D800012318467437BD46BDE8F08FAD0700200E
:10E2E8004C6A0108C2080020AC6A0108B86A010833
:10E2F80080B500AF01F0ACFA3849002001F02FFBDF
:10E308003749022001F02BFB01F0AEFA354B1B78A0
:10E31800002B25D1344B1B6823F0004333491846A2
:10E32800F2F7F0FB0346002B1AD0314B1B6823F0A1
:10E3380000432E491846F2F7E5FB0346002B0FD0A1
:10E348002C4803F0CFF90120FBF7A2FD0346002B70
:10E3580004D1294803F0C6F900233CE001233AE040
:10E3680001F076FA1D49002001F0F9FA234902204C
:10E3780001F0F5FA01F078FA214803F0B3F9FDF756
:10E388007FF80346002B04D11E4803F0ABF90023A5
:10E3980021E01D4B1B78002B19D001F059FA0F49C9
:10E3A800002001F0DCFA0E49022001F0D8FA01F051
:10E3B8005BFA164803F096F90120FBF769FD03465E
:10E3C800002B07D10C4803F08DF9002303E0104817
:10E3D80003F088F90123184680BD00BF006B0108CF
:10E3E800E85C0108AD070020740700209A99193FDE
:10E3F80078070020106B01084C6B0108806B01083E
:10E40800906B0108B86B0108D0070020E86B010881
:10E41800286C010880B586B002AF78607B68002B55
:10E4280005D07B681B78002B01D07B6800E0214B6E
:10E43800BB60FFF75DFF0346002B01D0012334E0EA
:10E448000023FB7329E0FB7B591C4FF448730093AE
:10E45800BB680322184803F0D5F801F0F9F9174909
:10E46800002001F07CFA1649022001F078FA01F048
:10E47800FBF9FCF7D7F94FF4487000F0DBFDFCF727
:10E48800FFFF0346002B05D0B9680E4803F0BAF821
:10E4980001230AE0FB7B0133FB73FB7B022BD2D900
:10E4A800B968094803F0AEF8002318461037BD468E
:10E4B80080BD00BF646C0108706C0108CC6C010859
:10E4C800DC6C0108EC6C0108146D0108B0B586B06D
:10E4D80002AF7860084611461A460346FB700B46A1
:10E4E800BB7013467B707B68002B05D07B681B785C
:10E4F800002B01D07B6800E0294BFB60FC78BD78DD
:10E508007B781846F7F7F0F903464FF44872019202
:10E5180000932B462246F968224803F073F801F06D
:10E5280097F92149002001F01AFA2049022001F048
:10E5380016FA1F49052001F012FA01F095F91D4855
:10E54800FCF74EF84FF4487000F074FDFCF798FFA4
:10E558000346002B05D1F968174803F053F8002348
:10E5680019E01648F9F7A8FF0346002B03D1144811
:10E5780003F0B8F802E0134803F0B4F84FF49670CB
:10E5880000F058FDFEF7E6FAFA78BB78F9680E480D
:10E5980003F038F8012318461037BD46B0BD00BF58
:10E5A800B44A0108406D0108CC6C0108C06D01082F
:10E5B800D06D0108DC6D0108EC6D01087C62010872
:10E5C800246E0108606E0108946E01082DE9F0417F
:10E5D8008CB004AFF8600B46FB721346BB72FB6845
:10E5E800002B07D0FB689B68002B03D0FB681B7BC4
:10E5F800002B04D1694803F075F80023C8E0002314
:10E60800FB77C0E00123BB77FB7F002B08D1FB68B9
:10E618001968FB681B7B1A46614802F0F3FF06E0A5
:10E62800FB681968FA7F03235E4802F0EBFF0023BA
:10E638007B777DE0FA7A7B7F13443B77FB689A68A7
:10E648007B7F1B011344BB61BA7A3B7F1946B869CB
:10E65800FFF75AFB0346002B67D10023BB77524BC9
:10E668001B78002B02D0FB7F022B1FD9FB681E688A
:10E67800BB699B68002B02D0BB699C6800E04B4CCF
:10E6880097F81C80BD7A4A4B1B781846F7F72CF987
:10E698000346454A12780292019300954346224662
:10E6A8003146444802F0AEFF002371E0FB681B6866
:10E6B8007B60BB699B68002B02D0BB699C6800E04B
:10E6C8003A4C97F81C80BD7AFB7F5E1C384B1B7850
:10E6D8001846F7F709F903460393032302930196B3
:10E6E8000095434622467968334802F08BFFBB69A0
:10E6F80098682F4B1B78BA7A397FFFF7E7FE0346F5
:10E70800002B1CD1FB681968BB699B68002B02D0E1
:10E71800BB699A6800E0254A387FBB7A00930346B4
:10E72800264802F06FFF002332E07B7F01337B77BE
:10E73800FB681B7B7A7F9A42FFF47CAF00E000BF46
:10E74800BB7F002B1CD0FB681B79013B012202FA1E
:10E7580003F3FB751A4B1A78FB7D1340DBB2002BD1
:10E7680006D0FB681B681946164802F04BFF05E007
:10E77800FB681B681946144802F044FF012307E0B0
:10E78800FB7F0133FB77FB7F032B7FF63BAF002337
:10E7980018462037BD46BDE8F08100BFC06E0108AD
:10E7A800E86E0108206F0108AD070020B44A01088F
:10E7B800C30800205C6F0108AC6F010824700108D1
:10E7C800C108002068700108B470010880B588B0DD
:10E7D80002AF78600B46FB701346BB707B68002B5A
:10E7E80006D07B681B68002B02D07B681B6800E0A2
:10E7F800314B3B610023FB757B68002B19D07B688C
:10E808001B79002B15D07B681B79042B11D87B68EA
:10E818001B79013B012202FA03F3FB73274B1A7899
:10E82800FB7B1340DBB2002B01D0012300E0002367
:10E83800FB75FA78B978FB7D00930B463969204857
:10E8480002F0E0FE01F004F81E49002001F087F80C
:10E858001D49022001F083F83969052001F07FF88D
:10E8680001F002F83869FFF7D5FD0346002B05D102
:10E878003969164802F0C6FE002319E01448F9F772
:10E888001BFE0346002B04D13969124802F0BAFE78
:10E8980003E03969104802F0B5FE4FF4967000F0B5
:10E8A800C9FBFEF757F939690C4802F0ABFE0123A2
:10E8B80018461837BD4680BDB44A0108C108002073
:10E8C8000C71010844710108507101086071010858
:10E8D8007C62010890710108C8710108F87101088B
:10E8E80080B58EB004AF042387F82330002387F85F
:10E8F8002730012387F82630002387F825301CE0CD
:10E9080097F825301846FAF781FAB861BB69002BE9
:10E9180007D197F8253019469B4802F073FE00236B
:10E9280023E1BB691A7B97F82730134487F827300F
:10E9380097F82530013387F8253097F8252097F880
:10E9480023309A42DCD3914B1B78002B04D190489A
:10E9580002F0C8FE002308E13A46162304218D4838
:10E96800FAF784FAF6F7FEFF034639468A4A029216
:10E978008A4A019200934FF00002894B894802F0BD
:10E9880041FE7DA3D3E90023CDE902237CA3D3E98B
:10E998000023CDE90023844B4FF496724FF496710F
:10E9A800824802F02FFE824B00221A70814B00220F
:10E9B8001A70814B00221A7000F04AFF7F4900202C
:10E9C80000F0CDFF7E49022000F0C9FF00F04CFFA7
:10E9D8007C48FFF71FFD0346002B04D17A4802F05C
:10E9E80081FE0023C1E07948F9F766FD0346002B54
:10E9F80003D1774802F076FE02E0764802F072FE14
:10EA08004FF4967000F016FBFEF7A4F8002387F881
:10EA1800243048E097F824301846FAF7F7F9F861F7
:10EA2800FB69002B09D197F824301946564802F0A3
:10EA3800E9FDFDF7A9FD002397E097F8272097F84F
:10EA480026301946F869FFF7C1FD0346002B0DD1A2
:10EA5800FB69196897F824305A1C97F823305E48E8
:10EA680002F0D0FDFDF790FD00237EE097F82430FA
:10EA78000133DBB297F823201946F869FFF7A6FEA1
:10EA88000346002B03D1FDF77FFD00236DE0FB69F2
:10EA98001A7B97F82630134487F8263097F82430E5
:10EAA800013387F8243097F8242097F823309A42C6
:10EAB800B0D34A4802F016FE00F0CAFE48490020CA
:10EAC80000F04DFF4749022000F049FF00F0CCFE5E
:10EAD8004548FFF79FFC0346002B06D1434802F048
:10EAE80001FEFDF751FD00233FE0FDF74DFD314BE1
:10EAF8001B781946304B1B781A463D4802F082FDB8
:10EB08002C4B1B780F2B18D000F0A2FE394900209F
:10EB180000F025FF3849022000F021FF3749052081
:10EB280000F01DFF00F0A0FE354802F0DBFD4FF4B9
:10EB38002F7000F07FFA002317E000F089FE3149BA
:10EB4800002000F00CFF3049022000F008FF2B499C
:10EB5800052000F004FF00F087FE2C4802F0C2FDFB
:10EB68004FF42F7000F066FA012318462837BD4687
:10EB780080BD00BFAFF300800000008014AEEF3FFF
:10EB880000000080EB51F03F14720108700700206C
:10EB98004472010810000020A4720108AC72010838
:10EBA8000000304068720108B4720108C0720108A0
:10EBB800C0080020C1080020C20800200073010816
:10EBC800507101080C7301081C7301087C6201086C
:10EBD8004C7301087473010894730108BC7301082D
:10EBE800F0730108007401080C7401081C74010812
:10EBF8003874010874740108847401089474010855
:10EC0800A074010808750108147501082075010829
:10EC180080B582B000AFFAF721F8794B1B78032B47
:10EC280002D0042B1DD0DDE0F9F740FE0346002B8F
:10EC380000F0DE800120FBF72BF90346002B03D000
:10EC48006F4B04221A7005E04FF4487000F0F2F997
:10EC5800FAF7BEFDF9F71AFE03461A46694B1A7011
:10EC6800C6E0F2F785FF78607868FBF757FE6648DC
:10EC7800FAF76CFEF9F71AFE0346002B23D0FBF7D0
:10EC8800D1FDF9F703FE03461A465E4B1A705F4B37
:10EC98001B78002B02D05D4B00221A70FCF7F0FBAA
:10ECA8000346002B05D0564B04221A70FAF7B0FD24
:10ECB800A1E0534B03221A704FF4487000F0BAF9E0
:10ECC800FAF786FD97E0FAF78BF80346002B09D090
:10ECD8004E4B1B78002B02D0FAF792FC8BE0FAF728
:10ECE8005FFC88E0494B1B78002B28D0FAF7A6FC7C
:10ECF8000346002B7ED0FBF795FDF9F7C7FD0346C9
:10ED08001A46404B1A70FFF7EBFD0346002B05D05F
:10ED18003B4B04221A70FAF77BFD08E0384B0422BB
:10ED28001A704FF4487000F085F9FAF771FD384809
:10ED3800F9F7E9FE03461A46364B1A705AE0FAF715
:10ED480009F80346002B2AD0FBF76CFDF9F79EFD66
:10ED580003461A462B4B1A702F4B1B78002B02D0F8
:10ED68002E4802F0BFFCFFF7BBFD0346002B05D081
:10ED7800234B04221A70FAF74BFD08E0204B0422BB
:10ED88001A704FF4487000F055F9FAF741FD204821
:10ED9800F9F7B9FE03461A461E4B1A702BE0FBF72B
:10EDA800A1FB0346FB70FB78002B05D11C4B00220E
:10EDB8001A70FBF79DFC1EE01A4B1B78FA789A42F2
:10EDC80003D1194B1B78002B06D1FB78012118467B
:10EDD800FBF72AFE00BF0EE0FB7800211846FBF780
:10EDE80023FE08E0064B03221A70FAF7F1FC02E052
:10EDF80000BF00E000BF00BF0837BD4680BD00BFB0
:10EE0800280700203007002060750108CD07002082
:10EE1800C0070020C7070020AD070020647501085F
:10EE2800AC070020980700209907002080B582B021
:10EE380000AF78604FF000017868F1F76DFE034687
:10EE4800002B0AD04FF07C517868F1F7ABFB0346F2
:10EE58001846F1F78BFE034609E04FF07C517868BD
:10EE6800F1F79EFB03461846F1F780FE0346184665
:10EE78000837BD4680BD000080B582B000AF0346AC
:10EE8800FB71FB79002B0CBF01230023DBB21A4670
:10EE980002210348F3F755FC00BF0837BD4680BD83
:10EEA800000C0140B0B588B004AF786039601A4BE7
:10EEB8001B781B01194A1344FB60FB6801221A7076
:10EEC800FB687A685A60FB683A689A60F2F750FE05
:10EED8000246FB68DA60104B1B780133DBB203F0A3
:10EEE8000103DAB20C4B1A707868F1F7FDFA0446A0
:10EEF8000D463868F1F7F8FA02460B46F968C96812
:10EF08000291CDE9002322462B46054802F07AFB00
:10EF180000BF1037BD46B0BD54070020340700209D
:10EF28009875010880B584B000AFF2F721FEF8604B
:10EF38003B4B93F82830002B20D0394B1B6ABB6021
:10EF4800374B5B6A7B60364B002283F82820354BB1
:10EF58001B78002B12D1334B01221A707968B868DC
:10EF6800FFF7A0FF304B01221A70304AFB6813608C
:10EF78002F4B00221A700120FFF77EFF294B1B78C8
:10EF8800002B0ED0264BDB6A002B0AD0244BDB6A01
:10EF9800FA68D31A40F6B732934202D9214B0022BD
:10EFA8001A70214B1B78012B02D0022B1DD02CE0AC
:10EFB8001E4B1B68FA68D31AB3F5AF7F29D300201C
:10EFC800FFF75AFF1A4B1B780133DAB2184B1A7045
:10EFD800164AFB681360164B1B78022B01D90022D6
:10EFE80000E00222104B1A7013E0104B1B68FA68FD
:10EFF800D31AF92B0FD90120FFF73EFF0B4AFB6804
:10F008001360094B01221A7005E00020FFF734FF56
:10F0180002E000BF00E000BF00BF1037BD4680BD62
:10F028002C0600205507002056070020580700200E
:10F038005C07002080B584B000AF7860F2F798FDD7
:10F04800F86006E0F9F78AF9FFF76CFF0520F2F798
:10F0580099FDF2F78DFD0246FB68D31A7A689A4249
:10F06800F0D800BF00BF1037BD4680BD80B586B060
:10F0780000AFF860B9607A603B600023FB753AE046
:10F08800FB7D214A52F823301946F868F1F788FACF
:10F09800034623F000431D491846F1F733FD0346A4
:10F0A800002B25D0FB7D1A4A52F823301946B86840
:10F0B800F1F776FA034623F0004314491846F1F7AE
:10F0C80021FD0346002B13D07B68002B05D0FB7D68
:10F0D8000D4A52F823207B681A603B68002B05D044
:10F0E800FB7D0B4A52F823203B681A60012306E097
:10F0F800FB7D0133FB75FB7D042BC1D9002318462A
:10F108001837BD4680BD00BF607F01080000404041
:10F11800747F01082DE9F04194B006AF7861396138
:10F128004FF000033B634FF00003FB624FF0000316
:10F13800BB624FF000037B624FF000033B624FF06D
:10F148000003FB614FF4FA70F9F7EAF90346002B64
:10F1580001D100232DE139697869F9F72BFB0346C2
:10F16800002B16D07B691B681846F1F7BDF90446D9
:10F178000D463B691B681846F1F7B6F902460B467F
:10F18800CDE9002322462B468C4802F03BFA0123A6
:10F198000FE107F1240307F1280207F12C0107F119
:10F1A8003000F9F71DFA0346002B50D0B86A796A87
:10F1B80007F11C0307F12002FFF758FF0346002B55
:10F1C80028D03B6A23F000437D491846F1F7AEFC8E
:10F1D8000346002B09D1FB6923F000437849184600
:10F1E800F1F7A4FC0346002B14D03B6A1846F1F74C
:10F1F8007BF904460D46FB691846F1F775F9024696
:10F208000B46CDE9002322462B466E4802F0FAF958
:10F218000023CEE03A6B7B691A60FA6A3B691A6090
:10F228007B691B681846F1F75FF904460D463B6990
:10F238001B681846F1F758F902460B46CDE900233A
:10F2480022462B46604802F0DDF90123B1E05F4B0E
:10F25800D3F8E430002B72D15C4BD3F8F030002B9C
:10F268006DD05B48F9F728F90346002B64D059485C
:10F2780002F038FA4FF4AF70FFF7DCFE07F1240311
:10F2880007F1280207F12C0107F13000F9F7A8F976
:10F298000346002B53D0B86A796A07F11C0307F1BB
:10F2A8002002FFF7E3FE0346002B28D03B6A23F039
:10F2B800004343491846F1F739FC0346002B09D1AE
:10F2C800FB6923F000433E491846F1F72FFC03463B
:10F2D800002B14D03B6A1846F1F706F904460D4690
:10F2E800FB691846F1F700F902460B46CDE9002301
:10F2F80022462B46384802F085F9002359E03A6B3C
:10F308007B691A60FA6A3B691A607B691B68184650
:10F31800F1F7EAF804460D463B691B681846F1F711
:10F32800E3F802460B46CDE9002322462B462B483C
:10F3380002F068F901233CE0294802F0D3F9F2F71A
:10F3480017FC7863214BD3F8E860204BDB6919463A
:10F35800786BF9F7C7FA80461C4BD3F8E430FB60AA
:10F368001A4BDB681946786BF9F7BCFAB860174B8B
:10F37800D3F8F040154BDB6B1946786BF9F7B2FA06
:10F388007860124BD3F8F450104BDB6C1946786B4D
:10F39800F9F7A8FA0346049303957A680292019450
:10F3A800BA680092FB68424631460E4802F02AF9D4
:10F3B800002318463837BD46BDE8F081907601082D
:10F3C800CDCCCC3DB4760108FC7601082C06002093
:10F3D8007C6201082477010860770108AC7701088E
:10F3E800D87701080878010880B500AFF7F79CFCCA
:10F3F8000120F7F7C9FC0020FFF73EFD00F0C8F92F
:10F408000D4B03221A70F2F7B3FB03460B4A136045
:10F41800F9F73CFA03461A46094B1A70F9F784FBC8
:10F42800FAF7D6F9F6F79EFA0146064B064A074858
:10F4380002F0E8F800BF80BD280700202C07002054
:10F4480030070020A4720108AC7201082C7D010865
:10F4580080B582B000AFFFF765FDFFF7D9FB00BFAD
:10F468000837BD4680BD000080B483B000AF0346B6
:10F47800FB71FB79602B05D9FB797A2B02D8FB79D4
:10F48800203BFB71FB79203B3A2B00F2CB8001A299
:10F4980052F823F089F500082DF600082DF600082B
:10F4A8002DF600082DF600082DF600082DF60008A8
:10F4B8002DF600082DF600082DF600082DF6000898
:10F4C8002DF600082DF600088DF5000899F50008BE
:10F4D80095F500089DF50008A1F50008A5F50008B8
:10F4E800A9F50008ADF50008B1F50008B5F5000864
:10F4F800B9F50008BDF50008C1F5000891F5000848
:10F508002DF600082DF600082DF600082DF6000847
:10F518002DF600082DF60008C5F50008C9F5000805
:10F52800CDF50008D1F50008D5F50008D9F5000893
:10F53800DDF50008E1F50008E5F50008E9F5000843
:10F54800EDF50008F1F50008F5F50008F9F50008F3
:10F55800FDF5000801F6000805F6000809F60008A0
:10F568000DF6000811F6000815F6000819F600084F
:10F578001DF6000821F6000825F6000829F60008FF
:10F588002B4B50E02B4B4EE02B4B4CE02B4B4AE0E7
:10F598002B4B48E02B4B46E02B4B44E02B4B42E0F7
:10F5A8002B4B40E02B4B3EE02B4B3CE02B4B3AE007
:10F5B8002B4B38E02B4B36E02B4B34E02B4B32E017
:10F5C8002B4B30E02B4B2EE02B4B2CE02B4B2AE027
:10F5D8002B4B28E02B4B26E02B4B24E02B4B22E037
:10F5E8002B4B20E02B4B1EE02B4B1CE02B4B1AE047
:10F5F8002B4B18E02B4B16E02B4B14E02B4B12E057
:10F608002B4B10E02B4B0EE02B4B0CE02B4B0AE066
:10F618002B4B08E02B4B06E02B4B04E02B4B02E076
:10F628002B4B00E02B4B18460C37BD4680BC70476F
:10F63800887F0108907F0108987F0108A07F010852
:10F64800A87F0108B07F0108B87F0108C07F0108C2
:10F65800C87F0108D07F0108D87F0108E07F010832
:10F66800E87F0108F07F0108F87F010800800108A1
:10F67800088001081080010818800108208001080E
:10F68800288001083080010838800108408001087E
:10F6980048800108508001085880010860800108EE
:10F6A800688001087080010878800108808001085E
:10F6B800888001089080010898800108A0800108CE
:10F6C800A8800108B0800108B8800108C08001083E
:10F6D800C8800108D080010880B586B002AF034613
:10F6E800FB7100233B73FB797B7307F10C026423E6
:10F6F8000093022378210648F3F77AFF0346002B8C
:10F7080001D0002300E0012318461037BD4680BD14
:10F71800FC01002080B58AB002AF78600B467B8080
:10F728000023FB830023BB8326E040233B72002396
:10F73800BB830FE0FB8B7A681A44BB8B01331278CA
:10F7480020333B4403F8182CFB8B0133FB83BB8B22
:10F758000133BB83FA8B7B889A4202D2BB8B0F2B77
:10F76800E8D9BB8B01339BB207F1080264210091F1
:10F7780078210648F3F73CFFFA8B7B889A42D4D36A
:10F7880000BF00BF2037BD4680BD00BFFC01002080
:10F7980080B500AF6420F2F7F5F9AE20FFF79CFFC3
:10F7A8002020FFF799FF1020FFF796FFB020FFF702
:10F7B80093FFC820FFF790FF0020FFF78DFF102070
:10F7C800FFF78AFF4020FFF787FF8120FFF784FFBC
:10F7D8007F20FFF781FFA120FFF77EFFA620FFF71C
:10F7E8007BFFA820FFF778FF3F20FFF775FFA420D5
:10F7F800FFF772FFD320FFF76FFF0020FFF76CFFC2
:10F80800D520FFF769FFF020FFF766FFD920FFF743
:10F8180063FF2220FFF760FFDA20FFF75DFF122069
:10F82800FFF75AFFDB20FFF757FF2020FFF754FFB1
:10F838008D20FFF751FF1420FFF74EFFAF20FFF791
:10F848004BFF00F005F800F00FF800BF80BD000086
:10F8580080B500AF4FF480620021024802F00AF937
:10F8680000BF80BDC408002080B582B000AF00236F
:10F87800FB7116E0FB79503BDBB21846FFF72CFF13
:10F888000020FFF729FF1020FFF726FFFB79DB0197
:10F89800084A134480211846FFF73CFFFB790133DF
:10F8A800FB71FB79072BE5D900BF00BF0837BD46C0
:10F8B80080BD00BFC408002080B584B000AF0346F7
:10F8C800FB710B46BB7113467B71BB79072B1FD8A5
:10F8D800FB797A2B1CD87B791846FFF7C5FDB860F1
:10F8E8000023FB7310E0FB7BBA68D118BA79F8796A
:10F8F800FB7B034408780849D2010A4413440246B2
:10F908001A70FB7B0133FB73FB7B052BEBD900E003
:10F9180000BF1037BD4680BDC408002080B582B046
:10F9280000AF03463A60FB710B46BB710CE03B68C5
:10F938001A78B979FB791846FFF7BEFFFB790633C9
:10F94800FB713B6801333B603B681B78002B02D09E
:10F95800FB797A2BEBD900BF0837BD4680BD80B54F
:10F9680082B000AF03463960FB71FB79072B06D8DC
:10F97800FB793A6819460020FFF7D0FF00E000BF86
:10F988000837BD4680BD000038B5044600F04AF887
:10F99800214605462046F1F7D3F820B92046002134
:10F9A800F1F7A6F808B9284638BD02F0D5F82122A3
:10F9B800034600211A600846F0F7B0FF05462846BE
:10F9C80038BD00BF38B505460C4600F011F808B937
:10F9D800204638BD204600F00BF828B121462846BD
:10F9E800F1F7A4F80028F3D02C46204638BD00BF14
:10F9F80030F000400ED0A0F50003B3F1FE4F0DD358
:10FA0800074B421E9A4207D9A0F1FF40B0FA80F096
:10FA18004009704702207047032070470420704750
:10FA2800FEFF7F0020F00042B2F1FF4F2DE9F041C8
:10FA380004464FD2002A4BD00028034654DB10F06E
:10FA4800FF424FD15B001802114602F10102F9D5BD
:10FA580049420024C3F31602A1F17F05CB074FF0FA
:10FA6800190E4FF0807C214642F4000258BF520024
:10FA78006D10520001EB0C039342CFBF134603EB0A
:10FA88000C016444D31ABEF1010E4FEA43024FEA57
:10FA98005C0CEFD1BBB11A4E1A4F30683968F0F7D9
:10FAA8007FFDD6F8008001464046F1F72BF850B1AB
:10FAB80030683968F0F776FD366801463046F1F768
:10FAC80017F8C8B10234601000F17C5000EBC55043
:10FAD800BDE8F0810146F0F76DFE2146F0F762FDC2
:10FAE800BDE8F081C115B4E70146F0F759FD0146BC
:10FAF800F0F714FFBDE8F081013424F00104E2E7D7
:10FB0800DC800108D88001082DE9F0410F469046B5
:10FB180003F0A6FE04460D46B8F1000F11D0C7F356
:10FB28000A53C3F16B03002B0BDD00241B0503F103
:10FB38007F5505F5401522462B46F1F76FF8044628
:10FB48000D4620462946BDE8F0810000000000006F
:10FB58002DE9F04F9DB0159200220E464FF0000897
:10FB68004FF000090490189217910A780D462B2A35
:10FB780001F101011DD00BD80D2A06D8082AF3D8A7
:10FB88007AB100239A460B9381E0202AECD0F8E75B
:10FB98002D2A10D10122691C17910B926A78002A2C
:10FBA80035D1159B1796002B40F08B85404649466A
:10FBB8002AE00022EFE700210B91302A40F09980DB
:10FBC8006A7802F0DF02582A58D102930B9B814AC7
:10FBD800019318AB0093049819AB17A902F02EFFF4
:10FBE80010F00F06044605D0062E12D10023013569
:10FBF80017950B93159B002B40F065850B9B002BED
:10FC0800D4D0404609F100411DB0BDE8F08F0D4643
:10FC1800D3E7189A3AB135211AA803F011FF1899B9
:10FC2800049803F0E5FA013E042E06D8DFE806F052
:10FC380014031E211400DDE91A89E00548BF49F0C4
:10FC4800004929F000431B0D1B05002BD2D101F000
:10FC580083FF22230360CDE7199ADDE91A8302F2B4
:10FC6800334223F4801343EA0259E6E7DFF8689148
:10FC7800E3E76FF000494FF0FF38DEE701351795ED
:10FC88002B78302BFAD0002BB4D04FF0010A002784
:10FC98002B46BB460A210E97184613F8014BA4F1D0
:10FCA8003002092A28D901224C4901F0F8FE00281F
:10FCB80033D0002022465C46CDE90600652A01D0F3
:10FCC800452A14D124B95AEA00033FF46AAF002444
:10FCD800179E731C179372782B2A72D02D2A76D010
:10FCE8004FF0000CA2F13003092B7DD917960023A1
:10FCF8009FE04FF0000ACAE7BBF1080FD7BF0E9A82
:10FD080001FB074201FB0242303AD4BF0E92A2F136
:10FD180030070BF1010B1793BEE7179B5A1C17927C
:10FD28005A78BBF1000F33D05C460690A2F130033D
:10FD3800092B12D901230793C0E7179B01305A1CDE
:10FD480017925A78302AF8D0A2F13103082B00F222
:10FD5800BF84069000200446179D303A00F1010345
:10FD680010D00699204419440A230691A04211D1C3
:10FD7800082800F1010419DC0A230E9903FB01236A
:10FD88000E930023179A1846511C17915278CDE705
:10FD98005846D7E7082C04F1010403DC0E995943AF
:10FDA8000E91E3E7102CD8BF5F43DFE70F28DCBFD5
:10FDB8000A2303FB0727E4E700210123CDE9061303
:10FDC80081E74FF0000CB31C1793B2788AE74FF025
:10FDD800010CF8E7C88201080000F07FE080010804
:10FDE800179B5A1C17925A78302AF9D0A2F131037E
:10FDF800082B3FF67CAF179BA2F1300E19460593EE
:10FE08000B46013317931A781946A2F13003092BD0
:10FE18003CD9059BCB1A082B44F61F633CDC9E4556
:10FE2800A8BF9E46CDF814E0BCF1000F02D0059B98
:10FE38005B420593002C50D15AEA00007FF4DAAEF9
:10FE4800079B002B7FF4ADAE692A29D026DC492A0E
:10FE580026D04E2A7FF4A5AE9F4917A803F010F8C4
:10FE680000283FF49EAE179B1B78282B2FD19B4967
:10FE78001AAA17A803F018F8052828D11B9BDDF843
:10FE8800688043F0FF4949F4E009B3E60A2303FB1D
:10FE98000E22A2F1300EB3E70593C5E76E2AD9E723
:10FEA8008F4917A802F0ECFF00283FF47AAE179BA1
:10FEB8008C49013B17A8179302F0E2FF10B9179B72
:10FEC800013317934FF00008DFF81C9292E6874839
:10FED80001F08CFE804689468CE6DDE90532BBF1EF
:10FEE800000F08BFA3469B1A102C0E98A2460A932F
:10FEF800A8BF4FF0100AF0F7D5FA092C80468946BA
:10FF080011DC0A9B002B3FF475AE0A9B71DD162BA2
:10FF180058DC7749424601EBC3014B46D1E9000161
:10FF2800F0F77CFED6E7724B03EBCA0353E91223C2
:10FF3800F0F774FE804638468946F0F7B3FA024671
:10FF48000B4640464946F0F771F90F2C8046894622
:10FF5800D7DD0A9BA4EB0A0A9A44BAF1000F40F3D2
:10FF680097802AF00F061AF00F0A51D1B6F59A7F3A
:10FF78005EDC0023404649461F46DFF878A136116B
:10FF8800012E79D10BB1804689465A49A9F1547995
:10FF980001EBC7014246D1E900014B46F0F73EFEAE
:10FFA800514B0A460B40544980468B4240D8A1F534
:10FFB80080118B4286BF4FF0FF38DFF8409102F185
:10FFC800547932E00A9AC4F125039342C1DB484DC3
:10FFD800C4F10F0405EBC4014246D1E900014B46C8
:10FFE800F0F71CFE0A9B1C1B05EBC405D5E9002392
:08FFF80096E71633ADDBDDE9ED
:020000040801F1
:1000000005239A1A3C4B404603EBC2034946D3E909
:100010000023F0F731FF61E73749424601EBCA019F
:100020004B46D1E90001F0F7FDFD80468946002EE0
:10003000A0D1002307939FE0002405940E9406941A
:1000400022234FF00008049ADFF8A49013600E9B5F
:10005000002B3FF4D3AD1899049803F0CDF806991E
:10006000049803F0C9F8DDE9040103F0C5F80E991E
:10007000049803F0C1F82146049803F0BDF8BDE5EB
:10008000F20704D5DAE90023F0F7CCFD01230137AC
:1000900076100AF1080A77E7CBD0CAF1000A4FEAD6
:1000A0002A161AF00F0A0DD11F2E2DDD00240594FB
:1000B0000E9406942223049A4FF000084FF0000992
:1000C0001360C4E70C4B404603EBCA034946D3E92F
:1000D0000023F0F7D1FE80468946002EA9D0E3E741
:1000E000EF800108B4820108E7800108218101083E
:1000F0000000F07FB08201084084010818840108E4
:100100000000A07CFFFFEF7F16F0100318BF6A23EA
:100110004046079349460023764FF20704D5D7E9B6
:100120000023F0F77FFD0123761007F10807F4D1D3
:100130000BB180468946079BB3B1C9F30A52C2F19D
:100140006B03002B49460FDD1F2B59DD342BD8BF25
:100150004FF0FF334FF00008CFBF4FF05C79C2F192
:100160004B02934003EA010900220023404649461E
:10017000F0F7C0FF002899D10E9B5A4600932946FC
:100180002346049803F0A0F80E9000283FF454AFE3
:10019000DDE905239B1A0A9A0024002AA8BF002340
:1001A000129322EAE273149305940E9B0498596803
:1001B00002F0E4FF069000283FF442AF0E9B0C30A3
:1001C0001A6903F10C010232920001F004FD1AAB2E
:1001D000019319AB009342464B460498CDE90C8934
:1001E00003F0AAFB189000283FF42AAF01210498DD
:1001F00003F000F90346059048B9002305931FE773
:100200004FF0FF3202FA03F303EA0808ACE7199D46
:100210001A9A002DABBF129B149BEF185E1B079B15
:10022000A8BF149EA5EB03051544334B05F1FF351C
:10023000B8BF129F9D42C2F136024FDA5B1B1F2BE3
:100240004FF00101A2EB03023CDC4FF0000B01FA7E
:1002500003FABD18079BAF4216441E443B46A8BF95
:100260002B46B342A8BF3346002BC2BFED1AF61A85
:10027000FF1A129B002B16DDDDE904011A4603F07C
:1002800077F905900028B8D00146189A049803F031
:10029000C7F80F9000283FF4D3AE1899049802F0E5
:1002A000ABFF0F9B1893002D1BDC0A9B002B25DD59
:1002B000149A0699049803F05BF90690F0B90023AC
:1002C0000693BDE6C5F17F4505F57F0505F57B4540
:1002D000E23501FA05FB4FF0010ABAE74FF0000BD7
:1002E000F9E72A461899049803F09EF91890002817
:1002F000DBD1A5E6E082010802FCFFFF002E07DD4E
:1003000032460699049803F08FF906900028D6D05B
:10031000002F08DDDDE904013A4603F085F9059078
:1003200000283FF48DAE069A1899049803F004FA59
:10033000044600283FF484AEC36805990F93002358
:10034000C36003F0DDF900283CDA0F9B53EA080391
:100350005ED1C9F313034D46002B59D129F0004358
:100360001B0D1B05B3F1D66F52D9636913B923690D
:10037000012B4DDD21460122049803F055F9059922
:10038000044603F0BDF9002842DDA74B079A2B4035
:10039000002A5FD0B3F1D66F5CD8B3F15C7F7FF6F3
:1003A00089AE40464946A14B0022F0F73BFC9E4BEC
:1003B00080460B408946002B7FF44DAE2223049AE1
:1003C000136048E64D4662D10F9AC9F3130342B356
:1003D000974A934228D1079B4146EBB1924B4FF08D
:1003E000FF322B40B3F1D46F19D81B0DC3F16B034F
:1003F00002FA03F3994217D18E4B9D4202D101318B
:100400003FF41EAE4FF00008874B2B4003F58019D8
:10041000079B002BC5D11EE64FF0FF33EAE71346DA
:10042000E8E753EA0803B0D0BBF1000F1BD01BEA8A
:10043000050FEDD00F9B40464946079AB3B1FFF731
:1004400067FB02460B46DDE90C01EFF7F3FE804641
:100450008946DDE7A3F580136FEA13594FF0FF38A3
:100460006FEA0959D4E71AEA080FE2E7FFF750FBF1
:1004700002460B46DDE90C01EFF7DAFE002200230D
:1004800080468946F0F736FE0028C1D012E62046A5
:10049000059903F0A9FA00224FF0804306460F4663
:1004A000F0F73CFE00286ED00F9B002B79D1B8F1FD
:1004B000000F54D1C9F31303002B56D1002230464C
:1004C00039465D4BF0F720FE002857D10022304618
:1004D00039465A4BF0F7A6FB82468B460BF1004398
:1004E000CDF820A00993504B4F4A2B401393544B07
:1004F0002A409A42DDE9086740F0A880A5F15479C6
:100500004046494603F0B0F9DDE90823F0F78AFBDD
:1005100042464B46EFF78EFE434D4A4A0D40954208
:10052000804645D90D9A434B9A4203D10C9B013327
:100530003FF486AD4FF0FF38DFF8F8901899049833
:1005400002F05AFE0699049802F056FEDDE9040115
:1005500002F052FE2146049802F04EFE25E6B8F164
:10056000010F02D1002D3FF4A5AD0022364B4FF014
:10057000000ACDE90823DFF8C0B0B4E74FF0000A65
:10058000DFF8B8B0AAE72D4B002230463946F0F725
:1005900049FB0F9B82468B46002B9FD0CDE908ABD1
:1005A000A1E70022244B92469B46CDE908239AE717
:1005B00001F15479079B002BC0D129F00043139A15
:1005C0001B0D1B059A42B9D150465946F0F772FEF1
:1005D000EFF7B8FF02460B4650465946EFF728FEA4
:1005E0000F9AC9F3130343EA0803134306460F4661
:1005F00065D009A3D3E90023F0F786FD00287FF436
:100600002AAD07A3D3E9002330463946F0F79AFD17
:10061000002893D01FE500BF9535A094FFFFDF3F72
:1006200035E5AF350000E03F0000F07F00005039B5
:10063000FFFF0F00FFFFEF7F0000F03F0000E03FF3
:100640000000E07FFFFF9F7C0000F0BF079B13B31B
:10065000139BB3F1D46F1ED825A3D3E900235046D2
:100660005946F0F75BFD90B159465046F0F7B2FDA0
:10067000012838BF0120EFF719FF0F9B82468B46F8
:10068000D3B901F1004310901193DDE91067139A7B
:1006900007F1D6639F1ADDE90C0103F0E5F8024685
:1006A0000B4630463946F0F7BDFADDE90C23EFF78B
:1006B000C1FD804689467DE7CDE910ABE5E70EA395
:1006C000D3E90023F0F720FDA2E700230B93179B4B
:1006D000159A1360FFF796BA652A3FF471AB452A65
:1006E0003FF46EAB01230793FFF7AABBAFF3008083
:1006F0000000C0FFFFFFDF419535A094FFFFCF3F13
:100700002DE9F843244D0A46244B01462868FFF79B
:1007100023FA02460B4606460F46F0F71DFD68B168
:10072000002F1F4806DA01F06BFA00F10044204662
:10073000BDE8F883BDE8F84301F062BA39463046B7
:10074000F0F768FD20F00048044616494046F0F7EF
:10075000FBF9B0B940461349F0F7D8F988B927F04A
:1007600000494FF0FF32304649460F4BF0F7F4FC9A
:1007700070B94FF0FF32304649460B4BF0F7CEFCD4
:1007800030B914F0FF4FD2D1084B3B40002BCED0F4
:1007900022222B681A60CAE78C010020200000206A
:1007A000B0820108FFFF7F7FFFFFEF7F0000F07F37
:1007B000242B2DE9F0478646904601D8012B06D11F
:1007C00001F0CEF9162303600020BDE8F0870D4646
:1007D00033482A4615F8014B065D16F00806F8D195
:1007E0002D2C10D101262C78951C33F0100215D138
:1007F000302C0DD12A7802F0DF02582A08D16C780B
:10080000023510230AE02B2C04BF2C78951CECE752
:10081000002BF6D1302C14BF0A230823002206F146
:10082000004C0CF1FF3CBCFBF3F9104603FB19CA6A
:10083000A4F13007092F0FD83C46A3421BDD571CFB
:1008400007D0814514D301D1A24511DB012200FB61
:10085000034015F8014BEBE7A4F14107192F01D82C
:10086000373CEAE7A4F16107192F04D8573CE4E7C5
:100870004FF0FF32EDE7531C08D122236046CEF83B
:100880000030B8F1000FA0D0691E06E006B140426A
:10089000B8F1000F99D0002AF6D1C8F8001094E7FB
:1008A0000983010813460A46014602480068FFF71B
:1008B0007FBF00BF8C010020022B10B50AD0920828
:1008C00003680C68013A002A40F8044B41F8043BE5
:1008D000F6DC10BD02440C78037800F8014B01F8F7
:1008E000013B131A002BF6DCF3E7F8B50F4616466A
:1008F00004461D4698470028314638460CDAA8477A
:10090000002802DA3C462046F8BD31462046A8477A
:100910000028F8DA3446F6E7A8470028F2DC31462A
:100920002046A8470028F5DAEDE72DE9F04F95B00D
:10093000009340EA02039B070746154619D1B2F11E
:10094000040818BF4FF001080023019305FB01F4D0
:10095000062907EB040307EB050B029328D8029B3B
:100960009B4510D3019B002B40F0188115B0BDE8CA
:10097000F08F4FF00208E7E743462A46314620460B
:10098000FFF79AFF0FE05C460EE0661B21463046FB
:10099000009B9847002809DDB8F1000FECD12368CF
:1009A0003268226033603446A742EED3AB44D6E7C8
:1009B0004FEA5109641B072905FB09793C4421D002
:1009C000282944D9CE086E43009B07EB4602B9198B
:1009D0003846FFF78AFF494609EB0602009B82462C
:1009E000881BFFF782FF22468146009BA11BA4EBD8
:1009F0004600FFF77AFF024649465046009BFFF744
:100A000074FF8146B8F1000F24D13B68D9F800206B
:100A10003A60C9F80030D946A2465E460023A14597
:100A200036D803933946009B484698470028039BD5
:100A30002CDC0AD1B8F1000F13D13368D9F80020AB
:100A40003260C9F800302E440123A944E7E722466A
:100A5000BA46D1E743462A4649463846FFF72CFFB7
:100A6000D9E743462A4649463046FFF725FFEAE7DD
:100A70000BD1B8F1000F13D12368DAF800202260FF
:100A8000CAF800300123AAEB050A641BA1450ED960
:100A9000002B40D1029B9B45BFF464AF5C4636E01F
:100AA00043462A4651462046FFF706FFEAE70393EE
:100AB0003946009B204698470028039BD8DAB8F1B6
:100AC000000F07D1D9F800302268C9F80020236050
:100AD000641BB9E743462A4621464846FFF7ECFE29
:100AE000F6E743462A4631462046FFF7E5FE0DE08D
:100AF000661B21463046009B9847002809DDB8F167
:100B0000000FEED123683268226033603446A7427A
:100B1000EED3AB44BEE7A9EB060BF21B5A45A8BFC8
:100B20005A462AB143463846A9EB0201FFF7C4FEF4
:100B3000029BAAEB0404A3EB0A02521BA24228BFA9
:100B400022462AB1029943464846891AFFF7B4FE65
:100B5000029B5C45A3EB040605D823465C469B46F6
:100B600033463E461F46AB4522D9019BBBFBF5F100
:100B7000072B0CD8B4FBF5F4019A14AB03EBC203BA
:100B800043F8406C43F83C4C13460133DDE62A46FB
:100B90003846009BFFF7C9FEAC420CD8019B013BD5
:100BA0000193019A14AB03EBC20353E91071CDE634
:100BB000AC427FF6D7AEB4FBF5F13746C6E6002B64
:100BC0002DE9F0471D46BBBF03F100431D4600233E
:100BD0002D2388B01446B8BF1446129A109E137085
:100BE000149BDDF84CA023F02008B8F1460F05D087
:100BF000B8F1450F00D10136022300E0032307AA14
:100C0000049206AACDE902A2CDE9003622462B467F
:100C100001F082F8B8F1470F074619D1119BDB07A5
:100C20000ED500EB06090022002320462946F0F7E6
:100C300061FA08B1CDF81C903022079B4B451ED3BA
:100C40003846079B159ADB1B136008B0BDE8F08798
:100C5000B8F1460F00EB0609E5D10378302B0AD135
:100C60000022002320462946F0F744FA18B9C6F1BD
:100C70000106CAF80060DAF800309944D3E7591C3D
:100C800007911A70D9E7F7B50029B6BF2D232B239A
:100C9000494209290270437029DD0DF107042546F8
:100CA0000A27B1FBF7F6224607FB1613303302F88A
:100CB000013C0B46632B314604F1FF34F1DC30314B
:100CC000931E04F8011C1C46411CAB420AD30DF1D3
:100CD00009039B1AA54238BF0023821C1344181A2B
:100CE00003B0F0BD13F8016B01F8016FEDE730239D
:100CF00030318370C170031DF1E700002DE9F04F22
:100D000091B00C46DDF8688016461F46054600F097
:100D1000DDFE036818460A93EFF77CFF00230E936D
:100D2000D8F8003094F818A0073323F00703F3E84D
:100D30000212D4F800B0CDE90812C8F8003013460A
:100D40000A46C4E91223DDE9088323F000490B9029
:100D50004FF0FF32404649469B4BF0F7FDF970BB20
:100D60004FF0FF3240464946974BF0F7D7F930BB7A
:100D7000DDE9080100220023F0F7C6F910B12D23A8
:100D800084F84330914A924BBAF1470F8CBF90469A
:100D9000984603234FF0000923612BF004032360DE
:100DA00033462146284600970FAA00F0D3F90130B8
:100DB00040F08F804FF0FF3011B0BDE8F08FDDE9DB
:100DC000082310461946F0F7C7F940B1099B814A3C
:100DD000002BBCBF2D2384F843307F4BD4E76368DE
:100DE0000AF0DF095A1C3ED10623636000224BF44F
:100DF0008063236006920EAACDE904A20DAA039295
:100E00000DF13302CDE90132636828460093DDE934
:100E10000823FFF7D4FEB9F1470F80460D9929D179
:100E2000C81C02DB63688B4241DAAAF1020A5FFA4E
:100E30008AFA5246013904F150000D91FFF723FF61
:100E40000E9A81461318012A236102DC2268D20718
:100E500001D5013323619DF83330002BA0D02D2321
:100E600084F843309CE7B9F1470FBFD1002BBDD1C7
:100E70000123BAE7BAF1650FDBD9BAF1660F18D1D1
:100E8000002963680BDD216113B92268D00702D500
:100E900001330B4423614FF00009A165DBE713B96F
:100EA0002268D20701D50233F4E70123F2E74FF0BD
:100EB000670A0E9B8B4205DC23682161D807EAD5BF
:100EC0004B1CE7E70029CCBF0122C1F10202134409
:100ED000E0E723685A0507D423694246314628468D
:100EE000B84701302BD165E7BAF1650F40F2DC80DD
:100EF000D4E9120100220023F0F7FCF8002833D0D7
:100F0000012331462846354AB84701303FF452AFF5
:100F1000DDE90D38434502DB2368D8070FD5DDE94D
:100F20000A2331462846B84701303FF443AF4FF01B
:100F3000000908F1FF3804F11A0AC84509DC2368E2
:100F40009B0700F10281E0680F9B9842B8BF1846EA
:100F500032E70123524631462846B84701303FF474
:100F600029AF09F10109E8E70D9B002B38DC0123CB
:100F700031462846194AB84701303FF41BAFDDE936
:100F80000D3959EA030302D12368D907D7D5DDE922
:100F90000A2331462846B84701303FF40BAF4FF0E3
:100FA000000A04F11A0B0D9B5B42534501DC4B46D2
:100FB00093E701235A4631462846B84701303FF4AB
:100FC000F9AE0AF1010AEEE7FFFFEF7FE6800108C4
:100FD000E2800108EE800108EA800108F280010841
:100FE000A36DDDF838A05345A8BF5346002B9946A2
:100FF00036DC4FF0000B29EAE97904F11A02A36DFF
:101000000893A3EB09035B4531DC0D9B9A453ADC61
:101010002368DA0737D40D9BAAEB0309089BAAEBD8
:1010200003039945A8BF9946B9F1000F33DC4FF08F
:10103000000829EAE97904F11A0B0D9BAAEB0303D6
:10104000A3EB090343457FF77AAF01235A463146A4
:101050002846B84701303FF4ADAE08F10108ECE78F
:10106000424631462846B8470130C2D1A2E60123A4
:10107000314628460892B84701303FF49BAE089AA3
:101080000BF1010BBBE73146DDE90A232846B847DF
:101090000130C0D18EE6089A4B463146284642447C
:1010A000B8470130C3D185E6DDF838A0BAF1010FA9
:1010B00001DCDB0736D50123424631462846B847D6
:1010C00001303FF477AEDDE90A2331462846B847C0
:1010D00001303FF46FAED4E91201002200230AF17F
:1010E000FF3AF0F707F8C0B9534608F1010231465C
:1010F0002846B84701300CD15CE601235A463146F8
:101100002846B84701303FF455AE08F10108D045F4
:10111000F3DB4B4604F15002E0E64FF0000804F127
:101120001A0BF4E701234246E1E701234A46314620
:101130002846B84701303FF43DAE08F10108E368A6
:101140000F995B1A4345F0DCFDE64FF0000804F10F
:101150001909F4E72DE9F047164698468A680B69A5
:1011600007469342B8BF1346336091F843200C46BC
:10117000DDF820900AB1013333602368990642BF3D
:10118000336802333360256815F0060506D104F193
:10119000190AE36832689B1AAB422BDC94F843309F
:1011A0002268003B18BF0123920630D441463846DE
:1011B00004F14302C847013023D02368226903F0B9
:1011C0000603042B14BF002533684FF0000608BF48
:1011D000E56804F11A0408BFED1A54F8123C08BF80
:1011E00025EAE5759342C4BF9B1AED18B5421AD1A2
:1011F000002008E00123524641463846C8470130E6
:1012000003D14FF0FF30BDE8F0870135C1E7302052
:10121000E11881F843005A1C94F845102244023327
:1012200082F84310C2E70123224641463846C847A8
:101230000130E6D00136D9E72DE9F0430D7E85B0C7
:10124000782D904607460C4699460C9E01F14302C4
:1012500007D8622D0AD8002D00F0D780582D00F055
:10126000BC8004F1420684F842503BE0A5F16303E0
:10127000152BF6D801A151F823F000BFD5120108B3
:10128000E9120108631201086312010863120108E0
:1012900063120108E91201086312010863120108D0
:1012A0006312010863120108F11301081313010806
:1012B000A313010863120108631201081314010843
:1012C0006312010813130108631201086312010875
:1012D000AB13010833681A1D1B68326004F1420623
:1012E00084F842300123A1E033682068191D316081
:1012F000060601D51D6803E04506FBD5B3F900508D
:10130000002D03DA2D236D4284F843300A235B4815
:1013100011E021683368080653F8045B02D44906DB
:1013200048BFADB23360237E54486F2B5CD1082395
:10133000002184F843106668002EA66005DB216852
:101340002E4321F00401216050D01646B5FBF3F185
:1013500003FB115C10F80CC006F801CDAC466345E8
:101360000D46F3D9082B0BD12368DB0708D5236979
:1013700061689942DEBF302306F8013C06F1FF3672
:10138000921B2261434621463846CDF8009003AABD
:10139000FFF7E0FE01304ED14FF0FF3005B0BDE861
:1013A000F083236843F0200323607825344884F8D1
:1013B00045502368316813F0800F51F8045B03D166
:1013C00013F0400F18BFADB23160D90744BF43F0EE
:1013D000200323601DB11023AAE72848E7E723680C
:1013E00023F020032360F6E70A23A1E71646B9E7B6
:1013F00033682568181D616930602E061B6801D5A9
:10140000196002E06806FBD51980002316462361A7
:10141000B8E7336800211A1D32601E6862683046E2
:1014200000F0CBFB08B1801B606063682361002380
:1014300084F84330A6E73246414638462369C84718
:101440000130A9D023689B0713D4E068039B98421E
:10145000B8BF1846A2E70123324641463846C8477E
:10146000013099D00135E36803995B1AAB42F2DC95
:10147000EBE7002504F11906F5E700BFF480010849
:1014800005810108002310B50446C0E90033C0E916
:101490000433836081814366C281836119460822D7
:1014A0005C3000F0EBFA0D4B246263620C4BA362DC
:1014B0000C4BE3620C4B23630C4B9C4206D003F1B4
:1014C0006802944202D0D0339C4205D104F1580006
:1014D000BDE8104000F06EBB10BD00BFD118010880
:1014E000F31801082B19010851190108C40C002038
:1014F000024A0349034800F06BB800BF1400002003
:10150000114101089001002041680C4B10B599422F
:10151000044601D002F0FCFDA168094B994202D0BB
:10152000204602F0F5FDE168064B994204D02046C2
:10153000BDE8104002F0ECBD10BD00BFC40C00209F
:101540002C0D0020940D00200C4B0D4A10B50421E9
:101550001A600C480022FFF795FF0A4B01221C4637
:10156000092103F16800FFF78DFF04F1D00002228A
:10157000BDE810401221FFF785BF00BFFC0D002021
:10158000F1140108C40C0020014800F014BB00BF96
:10159000050E0020014800F00FBB00BF050E002023
:1015A00010B50446FFF7F0FF236A1BB1BDE81040F9
:1015B000FFF7F0BF044B2362044B1B68002BF5D1EF
:1015C000FFF7C2FFF2E700BF09150108FC0D00207C
:1015D0002DE9F8430746884614460026D4E90195CC
:1015E000B9F1010905D52468002CF7D13046BDE8D2
:1015F000F883AB89012B07D9B5F90E30013303D03D
:1016000029463846C04706436835E9E70FB407B5B1
:10161000064904AB086853F8042B8168019302F073
:10162000E5FB03B05DF804EB04B070478C010020CB
:10163000024B01461868826802F0EFBD8C01002061
:10164000036A70B505460E4684680BB9FFF7A8FF1C
:10165000636EDB0705D4A389980502D4A06D00F062
:10166000AAFAA389190702D52369002B35D121468F
:10167000284600F0AFF980B34FF0FF35636EDA070C
:1016800005D4A3899B0502D4A06D00F095FA2846E5
:1016900070BD002B04DAA269934217DB0A2915D02A
:1016A00023685A1C22601970A36816F8011F013BB9
:1016B000A3600029EDD1002B11DA22460A21284629
:1016C00000F04AF90130D7D00A25D7E7224628464C
:1016D00000F042F90130E7D1CEE7013EE4E72368AC
:1016E0005A1C22600A221A70EEE70000024B0146E3
:1016F0001868FFF7A5BF00BF8C0100202DE9F74354
:101700001D46574B04461F680E46904627B13B6A5C
:1017100013B93846FFF744FFB8F1020F06D0B8F10D
:10172000010F00F29A80002DC0F29780636ED907F6
:1017300005D4A3899A0502D4A06D00F03CFA214695
:10174000384602F0E5FC616B41B104F14403994273
:1017500002D0384601F0C6F8002363630023A3617A
:101760006360A3891B0603D53846216901F0BAF8E6
:10177000A389B8F1020F23F44A6323F00303A38182
:1017800061D001AB6A462146384602F0E9FCA389E4
:101790001843A0812DBB009D284601F027FC06467A
:1017A000002852D1DDF80090A94540D14FF0FF3517
:1017B000B4F90C3043F00202A2810022A26004F1CD
:1017C00047022260226101226261626ED60704D460
:1017D000980502D4A06D00F0EFF9284603B0BDE8EB
:1017E000F083002ED8D03B6A13B93846FFF7D8FEF5
:1017F000B8F1010F08BFA389C4E9046504BF43F031
:101800000103A381B4F90C30266013F008021ED046
:10181000D90741BF00226D42A260A56158BFA560F3
:10182000626ED20701D49B0513D50025D5E7484643
:1018300001F0DCFB06460028B8D0A3894D4643F0F2
:101840008003A381CFE70025B2E7A946F5E7A260B0
:10185000E6E7A06D00F0B0F9E7E74FF0FF35BCE731
:101860008C0100200CB430B5184B0C1E1D689DB0C7
:1018700008DA8B234FF0FF302B601DB0BDE83040FD
:1018800002B070474FF40273ADF814304FF000030C
:101890001B930CBF234604F1FF33049307934FF6C9
:1018A000FF7302900690ADF81630284621AB209ABF
:1018B00002A9019302F07AF9431CBCBF8B232B6071
:1018C000002CDAD00022029B1A70D6E78C0100208F
:1018D00010B50C46B1F90E1000F01EF90028ABBF90
:1018E000636DA3891B1823F48053ACBF6365A38188
:1018F00010BD2DE9F0411F468B890546DB050C46DE
:10190000164605D502230022B1F90E1000F0F2F8B8
:10191000A389324623F48053A38128463B46B4F979
:101920000E10BDE8F04100F009B910B50C46B1F950
:101930000E1000F0DFF8B4F90C30421C0BBF23F49A
:10194000805343F48053A381A38118BF606510BD09
:10195000B1F90E1000F0BEB8F8B50E4614460546B3
:1019600018B1036A0BB9FFF71BFEA369A360A38933
:101970001A0701D5236943B92146284600F02AF801
:1019800018B14FF0FF373846F8BD23682269F6B228
:10199000981A63693746834205DC2146284602F0DF
:1019A000B7FB0028EDD1A368013BA36023685A1C54
:1019B00022601E706269431C9A4204D0A389DB072F
:1019C000E1D50A2EDFD12146284602F0A1FB0028EE
:1019D000D9D0D6E738B5284B054618680C4618B15B
:1019E000036A0BB9FFF7DCFDB4F90C301A0721D4F8
:1019F000D80607D409222A6043F040034FF0FF3095
:101A0000A38130E0590712D5616B41B104F1440361
:101A1000994202D0284600F065FF0023636300224C
:101A2000B4F90C306260226923F02403226043F091
:101A30000803A38122693AB99A0501D5180603D58E
:101A40002146284602F0B0FBB4F90C3013F0010235
:101A50000AD00022A26062695242A261226942B9A0
:101A600013F08000C8D138BD990758BF6269A260E1
:101A7000F4E70020F7E700BF8C0100200346024492
:101A8000934200D1704703F8011BF9E70346C9B23E
:101A9000184613F8012B12B18A42F9D17047002978
:101AA00018BF0020704710B56AB10139841810F8CA
:101AB000012B11F8013F9A4203D1A04201D0002A24
:101AC000F5D1D01A10BD1046FCE700000048704761
:101AD0001001002038B50023054D044608462B6050
:101AE000F3F773FE431C02D12B6803B1236038BDAA
:101AF000000E002038B50446084611460022054D68
:101B00002A601A46F3F785FE431C02D12B6803B105
:101B1000236038BD000E002038B504460846114643
:101B20000022054D2A601A46F3F716FE431C02D127
:101B30002B6803B1236038BD000E002038B5044681
:101B4000084611460022054D2A601A46F3F721FE89
:101B5000431C02D12B6803B1236038BD000E002066
:101B6000014B1868704700BF8C01002070B500263B
:101B70000C4D0D4B5B1B9C10A64209D1002602F0B8
:101B800091FC0A4D0A4B5B1B9C10A64205D170BD0F
:101B900055F8043B98470136EEE755F8043B984763
:101BA0000136F2E71085010810850108108501084B
:101BB00014850108704770477047034610B5C9B2D5
:101BC00002449342184601D1002003E00478013317
:101BD0008C42F6D110BD0A44914200F1FF3300D18E
:101BE000704710B511F8014B914203F8014FF9D13C
:101BF00010BD000000200149704700BF0000F87FC1
:101C0000004870470000C07F2DE9F74F03690C6959
:101C10000746A3427EDB013CA30000F1140501F15D
:101C20001408009305EB8403019358F8243055F809
:101C3000242001339A42B2FBF3F608EB84092ED339
:101C40004FF0000AC446AE46D3465CF8043B98B257
:101C500006FB00A01B0C020C06FB0323DEF8002091
:101C600080B292B2121A5A44DEF800004FEA134AC8
:101C70009BB2C3EB224303EB104392B242EA03420E
:101C8000E1454FEA234B4EF8042BDED2009BEB5884
:101C90002BB9019B043B9D421A462FD33C61384629
:101CA00001F02EFD002825DB2946002058F8042BE2
:101CB000D1F800C01FFA82FE1FFA8CF3A3EB0E03CB
:101CC0000344120CC2EB234202EB1C429BB243EAD8
:101CD0000243C1454FEA224041F8043BE6D255F8A1
:101CE000242005EB840322B9043B9D421A460BD302
:101CF0003C610136304603B0BDE8F08F1268043B0A
:101D0000002ACBD1013CC6E71268043B002AEFD180
:101D1000013CEAE70020EEE72DE9F04F16461F46AA
:101D2000C26999B08146CDE90E67259C82B9102021
:101D300001F05CF90246C9F81C0020B9EF21A84B5C
:101D4000A84802F0E9FA0023C0E901330360C36048
:101D5000116859B101235268484693404A608B602C
:101D600001F04AFA0022D9F81C301A60B7F10008D5
:101D7000B5BF01230023236023609B4BBCBF28F029
:101D80000048CDF83C8033EA08031AD142F20F73C1
:101D9000249AC8F3130858EA0608136000F0748503
:101DA000269B53B9914B21E0914B03930833269A1C
:101DB0001360039819B0BDE8F08F8C4B0393033385
:101DC000F5E7DDE90E34CDE90A34DDE90A01002248
:101DD0000023EFF78FF9824650B10123249A136054
:101DE000269B13B1834B269A1360834B0393E0E742
:101DF00016AB019317AB00934846DDE90A2301F0C7
:101E00009BFD5FEA1854169D04907BD0DDE90A0122
:101E10000B9BA4F2FF34C3F3130343F07F5343F44B
:101E20004013CDF850A019460022744BEEF700FA8B
:101E300065A3D3E90023EEF7F5FE65A3D3E90023FC
:101E4000EEF7F8F9064620460F46EEF73FFB62A391
:101E5000D3E90023EEF7E6FE02460B46304639464C
:101E6000EEF7E8F906460F46EFF78CF900228046B8
:101E7000002330463946EFF747F948B14046EEF7C0
:101E800025FB32463B46EFF735F908B908F1FF3834
:101E9000B8F1160F53D8DDE90A01594B03EBC8031B
:101EA000D3E90023EFF730F900284AD0002308F1E6
:101EB000FF3811932D1B6B1E099349BF0023002788
:101EC000C5F101070993B8F1000F3CDB099BCDF880
:101ED00040804344099300230C93229B092B64D830
:101EE000052BC4BF043B2293229BC8BF0024A3F14F
:101EF0000203D8BF0124032B00F28680DFE803F041
:101F00005153362B179C2C4404F23243202BC1BF73
:101F1000C3F1400308FA03F804F2124326FA03F36C
:101F2000D6BFC3F1200348EA030006FA03F0EEF738
:101F3000BDFA0122A1F1F873013C149273E7012369
:101F4000B7E71190B6E7C8F100030C930023A7EBA5
:101F500008071093C1E701230D93239B4344089383
:101F60000133012B0593B8BF012306E001230D9334
:101F7000239B002B4BDD0893059300210422D9F805
:101F80001C0002F114059D4246D94160484601F00B
:101F9000F5F80390002842D1024640F2AF11194BE8
:101FA000CEE60023E3E70023D6E7012400230D94C7
:101FB00022934FF0FF3300220893059312232392BC
:101FC000DBE700BFAFF3008061436F63A787D23FB9
:101FD000B3C8608B288AC63FFB799F501344D33F18
:101FE0002B810108428101080000F07F2781010850
:101FF0001E810108F3800108F28001080000F83F0B
:10200000408401089A81010801230D93D1E701233F
:102010001A4608930593D2E701315200B1E7D9F887
:102020001C30039A1A60059B0E2B00F2A180002C35
:1020300000F09E80B8F1000F36DD9F4B08F00F02D4
:1020400003EBC20318F4807F4FEA2815D3E900ABF5
:1020500016D0DDE90A01994B0324D3E90823EEF7F2
:102060000BFFCDE9060105F00F05944E75B9DDE9CA
:10207000060152465B46EEF7FFFE82468B462DE098
:10208000DDE90A34CDE906340224EEE7E90708D594
:10209000D6E9002350465946EEF7C4FD82468B46EA
:1020A00001346D100836E1E700F0AD80DDE90A018A
:1020B000C8F10005804B05F00F0203EBC203D3E922
:1020C0000023EEF7AFFD022482468B4600237B4EB1
:1020D0002D11002D40F08C80002BCED1119B002BB8
:1020E00000F09580002250465946754BEFF70CF8EA
:1020F000002800F08C80059B002B00F08880089B56
:10210000002B35DD08F1FF33504659460693002277
:102110006C4BEEF787FD82468B46089E01342046C5
:10212000EEF7D4F952465B46EEF77CFD0022664B93
:10213000EEF780F80446A1F15075CDE91245002E66
:1021400069D1002250465946604BEEF771F822469D
:102150002B4682468B46EEF7F5FF002840F0998229
:1021600022465046594605F10043EEF7CDFF20BB0D
:10217000179B002BC0F26581B8F10E0F00F361814F
:102180004D4B03EBC803D3E900AB239B002B80F23C
:10219000EF80059B002B00F3EB800ED100224B4B10
:1021A00050465946EEF73EFD02460B46DDE90A0170
:1021B000EEF7B4FF002800F06F8200252C46239B29
:1021C000039EDB430693274600242946484601F038
:1021D00013F8002F00F0C2802CB1BC4203D021467E
:1021E000484601F009F83946484601F005F8B5E0DF
:1021F000EA0705D5D6E90023EEF714FD01230134E3
:102200006D10083665E70224DDE90AAB66E7059E36
:10221000CDF8188083E7284B03EBC60353E902018E
:102220000D9B002B56D002460B4600202849EEF7A6
:1022300023FEDDE91223EDF7FBFF039BCDE912013D
:102240009D191E4659465046EEF79CFF0446EEF790
:102250003DF902460B4650465946EDF7E9FFDDE9E8
:102260001223303406F8014B82468B46EEF74CFFC2
:10227000002873D152465B4600201149EDF7D8FF84
:10228000DDE91223EEF740FF002840F0BB80AE42AC
:102290003FF46EAFDDE9120100220A4BEEF7C2FCFB
:1022A0000022CDE91201074B50465946EEF7BAFC21
:1022B00082468B46C6E700BF4084010818840108A7
:1022C0000000F03F0000244000001C4000001440CB
:1022D0000000E03FDDE91223EEF7A4FC039BCDE90B
:1022E00012013344039D159359465046EEF74AFFB9
:1022F0000446EEF7EBF80B46024659465046EDF71A
:1023000097FF3034159B05F8014B9D4282468B4662
:1023100027D1DDE91201039B00221E44B54BEDF7E6
:1023200089FF02460B4650465946EEF70BFF002840
:1023300068D1DDE912230020AE49EDF779FF0246AE
:102340000B4650465946EEF7DFFE00283FF410AF2B
:10235000334616F8012D302AFAD01E46DDF81880D3
:102360003EE00022A44BEEF75DFC82468B46BBE7C5
:102370000024039EA04D5246DDE90A015B46EEF7BC
:102380007BFDEEF7FFFE0746EEF7A0F852465B46F0
:10239000EEF748FC02460B46DDE90A01EDF748FF7F
:1023A00007F1300C06F801CBDDF80CC0DDF814E0C5
:1023B000A6EB0C0CE64502460B4633D1EDF73AFF8F
:1023C00052465B4604460D46EEF7BCFEC0B9524687
:1023D0005B4620462946EEF78DFE08B1FB070FD479
:1023E0004846049900F008FF0023249A337008F14E
:1023F00001031360269B002B3FF4DBAC1E60D8E486
:10240000CDF8188033461E4613F8012D392A06D11F
:10241000039A9A42F7D1069A01320692302201328B
:102420001A709BE722462B46EEF7FCFB02460B4652
:10243000CDE90A2300220023EEF75CFE00289AD0A3
:10244000CEE70D9A002A00F0E380229A012A00F3D9
:10245000C280149A002A00F0BA8003F233430C9D24
:102460003E46099A01211A4448461F44099200F049
:10247000C1FF044656B1099B002B07DDB342A8BF3C
:102480003346099AFF1AF61AD31A09930C9B0BB319
:102490000D9B002B00F0C380002D00F0BD80214675
:1024A0002A46484601F064F8049A01460446484624
:1024B00000F0B6FF04998246484600F09DFE0C9B52
:1024C0005B1B0C9300F0AE8051460C9A484601F01D
:1024D0004FF804900121484600F08CFF109B054600
:1024E000002B00F0D8811A460146484601F040F81A
:1024F000229B0546012B00F39D800E9B002B40F094
:1025000094800F9BC3F31303002B40F08E800F9B2E
:1025100023F000431B0D1B05002B00F089804FF0BA
:10252000010A099B013701330993109B002B00F02E
:10253000B8812B6905EB8303186900F00FFFC0F128
:102540002000099B184410F01F007ED0C0F120032A
:10255000042B72DD099BC0F11C00034407440644B0
:102560000993002F05DD3A464846049901F05CF8CE
:102570000490099B002B05DD29461A46484601F0C8
:1025800053F80546119B002B61D02946049801F0B1
:10259000B7F800285BDA08F1FF3306930A2200231C
:1025A0004846049900F04AFE0D9B0490002B00F071
:1025B0007A81002321460A22484600F03FFE089B0C
:1025C0000446002B72DC229B022B49DC6EE0169B3A
:1025D000C3F1360343E7059B5D1E0C9BAB420DDB4D
:1025E0005D1B059B002BBFF63BAF059BFE1A00232E
:1025F00037E700BF0000E03F000024400C9B109A2A
:10260000EB1A1A440C953E460025059B109228E7CC
:102610003E460C9D0D9C2DE7DDF810A054E70C9A6A
:10262000049953E7CDF810A054E74FF0000A7CE777
:102630009A467AE74FF0000A7BE792D0099A1C335A
:102640001A441F441E4409928BE70346F6E7059B94
:10265000CDF81880002B23DC0893229B022B21DD70
:10266000089B002B7FF4ABAD29460522484600F0BD
:10267000E5FD01460546049801F042F800287FF781
:102680009EAD3123039E06F8013B069B0133069362
:1026900099E535462C46F4E7059DCDF81880F9E715
:1026A000059B08930D9B002B00F00181002E05DD9A
:1026B00021463246484600F0B7FF0446BAF1000F03
:1026C0005AD04846616800F059FD064628B90246CE
:1026D00040F2EF21814BFFF733BB226904F10C017B
:1026E000023292000C30FFF776FA0122314648465A
:1026F00000F09AFF0746039B039A03F1010B089B26
:1027000013440A930E9B03F0010309930BF1FF336B
:10271000294604980593FFF777FA2146089000F1BF
:10272000300A049800F0ECFF3A46804629464846B5
:1027300001F002F8C268064602BB0146049800F0A8
:10274000DFFF0246314648460C9200F055FD229BC1
:102750000C9A5E4642EA0301099B194310D1BAF173
:10276000390F2BD0B8F1000F02DD089B03F1310ABD
:10277000059B83F800A028E52746BCE70122E1E796
:10278000B8F1000F06DB229B48EA0308099B58EAD0
:10279000030820D1002AEBDD01220499484600F00D
:1027A00043FF2946049000F0ABFF002803DCDFD193
:1027B0001AF0010FDCD0BAF1390FD6D13923059ABE
:1027C000137033461E4616F8012C013B392A53D0AC
:1027D00001321A70F9E4002A07DDBAF1390FEDD0A1
:1027E000059A0AF101031370EFE40A9B0BF801ACA0
:1027F0005B452BD000230A220499484600F01EFDB9
:10280000BC4204904FF000034FF00A0221464846B4
:1028100006D100F013FD044607460BF1010B75E7E6
:1028200000F00CFD3946044600230A22484600F019
:1028300005FD0746F1E7089B2746002B03F1FF360D
:10284000D8BF00260024039B5A1C16440122049979
:10285000484600F0E9FE2946049000F051FF0028A8
:10286000AFDC02D11AF0010FABD133461E4613F88C
:10287000012D302AFAD0A8E4039A9A42A2D1069BED
:10288000013306933123AEE7269B002B7FF48CAAFD
:10289000134BFFF7ABBA229B012B7FF72EAEDDF86F
:1028A00040A001204DE6089B002B7FF7D6AE039E8B
:1028B00029460498FFF7A8F9039B00F1300A06F8AF
:1028C00001ABF21A089B9342B5DD00230A22484669
:1028D000049900F0B3FC0490EAE700BF9A81010874
:1028E0001E81010838B50546002940D051F8043C46
:1028F0000C1F002BB8BFE41800F034FC1C4A13680E
:1029000033B9636014602846BDE8384000F030BC3D
:10291000A34208D9206821188B4201BF19685B685F
:1029200009182160EDE71A465B680BB1A342FAD99A
:1029300011685018A0420BD12068014450188342FE
:102940001160E0D118685B68084410605360DAE7F2
:1029500002D90C232B60D6E7206821188B4201BFD7
:1029600019685B680918216063605460CBE738BD63
:102970000C0E002003692DE9F043B3EB611F00F159
:1029800014044FEA611246DD11F01F0104EB8306C7
:1029900004EB82050CD1294600F11007B14235D372
:1029A0009B1A9B00EA1E964238BF0023234415E081
:1029B000A14654F82270C1F12008CF4005F1040E61
:1029C0007645F44616D89A1A9200043A0135AE427A
:1029D00038BF0022A318A75007B10433A342A3EBCA
:1029E000040208BF00234FEAA202026108BF43614C
:1029F000BDE8F083DCF800C00CFA08FC4CEA0707DD
:102A000049F8047B5EF8047BCF40D9E751F804CB4A
:102A100047F804CFC2E72346E0E7A0F13003092BD3
:102A200002D82038C0B27047A0F16103052B01D84D
:102A30004738F7E7A0F14103052B01D82738F1E724
:102A4000002070472DE9F04F8A46904685B00293EA
:102A50000B6801909C1CA14614F8010B3028FAD099
:102A6000A9EB0303A3F1020BFFF7D7FF05460028EC
:102A700068D1012248469F49FFF715F8074600280C
:102A800067D199F801002646FFF7C7FF002862D0FA
:102A9000234618789946302803F10103F9D0FFF74F
:102AA000BCFFB0FA80F54FF0010B6D094A4616469F
:102AB00030780132FFF7B1FF0028F8D1012230460B
:102AC0008C49FEF7F0FF00283FD144B9741C224620
:102AD000164630780132FFF7A0FF0028F8D1A41B7A
:102AE000A700337803F0DF03502B3ED173782B2BF4
:102AF00033D02D2B34D00024711C0878FFF78DFFC4
:102B0000431EDBB2182B30D8A0F1100211F8010FD0
:102B1000FFF783FF00F1FF3C5FFA8CFCBCF1180F5C
:102B20004FF00A031ED904B152421744CAF80010EC
:102B3000EDB1BBF1000F0CBF06250025284605B0FE
:102B4000BDE8F08F00252C46B0E7002CC7D1274602
:102B5000C7E74E462F460125C3E70024B11CCCE74A
:102B60000124FBE703FB0200CEE73146DEE72946FE
:102B7000A6EB0903013B072B0ADC019800F0FEFAE3
:102B8000044640B90246E4215B4B5C4801F0C4FBBB
:102B900001315B10EFE7002300F1140A55469B4614
:102BA000B14537D345F804BBA5EB0A05AD10256147
:102BB000584600F0D3FB6D01D8F800602D1AB542DD
:102BC00054DDAD1B2946204600F061FF814678B1F7
:102BD0004FF001096B1E59115AF8211003F01F0222
:102BE00009FA02F20A4203D04B4536DC4FF00209E3
:102BF00029462046FFF7BEFE2F44D8F80830BB42D6
:102C000042DA2146019800F0F7FA00230E9AA32534
:102C1000136093E716F8012D2E2A12D0202B04D131
:102C200045F804BB4FF0000B5B4630780393FFF789
:102C3000F4FE039B00F00F0098404BEA000B0433B6
:102C4000AEE7B145EAD8012230462A490393FEF7A0
:102C50002AFF039B0028E1D1A2E72046A91E00F02D
:102C600016FF0028C2D04FF00309C1E709DA751B2F
:102C700021462A46019800F0D7FC04467F1B00F14C
:102C8000140A4FF00009B8E7D8F80450BD426FDDD0
:102C9000ED1BAE4234DCD8F80C30022B22D0032BD3
:102CA00024D0012B15D1AE4213D1012E0BD1D8F86F
:102CB0000430029A6225136001232361CAF80030B0
:102CC0000E9B1C603AE72046711E00F0E0FE0028D3
:102CD000EDD12146019800F08FFA00230E9A50257D
:102CE00013602BE70F9B002BF3D1E0E70F9B002B2A
:102CF000DDD1EEE7E08001089A810108AB8101088F
:102D00006F1EB9F1000F30D127B13946204600F0CF
:102D1000BEFE814601232946761B02257A115AF808
:102D2000222007F01F07BB401342204618BF49F07E
:102D30000209FFF71FFED8F80470B9F1000F47D061
:102D4000D8F80C30022B15D0032B17D0012B09D14A
:102D500019F0020F06D0DAF8003049EA030919F039
:102D6000010F0ED145F0100532E04FF00109D1E717
:102D70000125E2E70F9BC3F101030F930F9B002B8B
:102D8000F0D04FF0000CD4F810B004F114034FEA67
:102D90008B0A03EB8B01184653F8042BB2F1FF3F6B
:102DA0001BD001320260022D04F114033CD1D8F88B
:102DB0000020013AB24209D10122711153F82130A9
:102DC00006F01F0602FA06F61E423AD145F020052B
:102DD0000E9B1C60029B1F60B0E6994243F804CC36
:102DE000D9D8A3689B4517DB61680198013100F0D1
:102DF000C5F9814618B902468421194BC5E62269F6
:102E000004F10C01023292000C30FEF7E4FE214680
:102E1000019800F0F1F94C4623695A1C2261012205
:102E200004EB83035A61BEE722695A450BDD012199
:102E30002046FFF79FFDD8F808300137BB42FFF668
:102E4000E0AE0125C2E716F01F06FAD0534453F84E
:102E5000040C00F083FAC6F12006B042E7DBF0E78D
:102E60009A810108C2F10802920070B5C2F12006F1
:102E70004368046803FA06F52C43D340046040F825
:102E8000043F8842F4D370BD30B50368013311F8B4
:102E9000014B14B90360012030BD13F8012BA2F1DE
:102EA0004105192D98BF2032A242F0D00020F3E74F
:102EB0002DE9F04F00250B6882465E1102EB860675
:102EC00013F01F0318BF0436371F9046B9463C461F
:102ED000AB4687B00168019346F8045C02954A78D6
:102EE0004B1C039342B3104605910492FFF795FDE6
:102EF000002853D1049A0599202A18D8029B9B4593
:102F000013DD4C4506D2072D04DC2A4649462046EF
:102F1000FFF7A8FF444554D90023A4F1040944F85D
:102F2000043C1D464C46CDF808B00399D7E7292A42
:102F300059D10231CAF80010BBF1000F53D04C45F3
:102F400006D2072D04DC2A4649462046FFF78AFFB1
:102F5000444538D92346A8F1040253F8041B9F4284
:102F600042F8041FF9D23B1B23F003030134033E54
:102F7000B44288BF0023002108F1040213441A461A
:102F800004339F421160FAD23B681BB9474528D1F0
:102F900001233B60052007B0BDE8F08F0135082D07
:102FA0000BF1010B06DD4445BFD90023012544F890
:102FB000043C043C226800F00F0040EA021020604C
:102FC000B3E70825B1E7019B002BDDD04FF0FF32BE
:102FD000C3F12003DA4056F8043C134046F8043CA1
:102FE000D2E7043FD0E70420D5E70000024B0146BA
:102FF000186800F025B800BF8C01002070B50F4E96
:103000000C463168054611B901F076F93060214669
:10301000284601F071F9431C03D14FF0FF342046DC
:1030200070BDC41C24F00304A042F8D0211A284625
:1030300001F062F90130F2D1EFE700BF080E002085
:103040002DE9F843CD1C25F0030508350C2D38BFBC
:103050000C25002D064601DBA94204D90C23336060
:103060000020BDE8F883DFF8D48000F07BF8D8F8C2
:1030700000301C4644BB29463046FFF7BFFF431CC7
:10308000044658D1D8F800402746002F43D1002CE1
:103090004BD023683946304604EB030901F02CF984
:1030A000814542D1216830466D1A2946FFF7A6FFB7
:1030B00001303AD023682B442360D8F800305A6896
:1030C00062BBC8F800700FE02268521B20D40B2AA4
:1030D00017D96119A342256018BF5960636808BFFA
:1030E000C8F8001062514B60304600F041F804F11E
:1030F0000B00231D20F00700C21A1CBF1B1AA3508F
:10310000AFE76268A3420CBFC8F800205A60EBE743
:1031100023466468AEE73C467F68B6E71A465B68BC
:10312000A342FBD100235360DEE70C23304633601B
:1031300000F01EF894E70560D6E700BF0C0E0020F3
:1031400082B001B901A942B14BB113780B6012787A
:10315000101E18BF012002B070471046FBE76FF049
:103160000100F8E70148FEF726BD00BF040E00206D
:103170000148FEF721BD00BF040E002070B5C469F0
:1031800005460E4684B91020FFF730FF0446E8617B
:1031900028B902466B21164B164801F0BDF80023F2
:1031A000C0E901330360C360E36853B921220421FD
:1031B000284601F0CFF8EB69E060DB680BB900202E
:1031C00070BD53F8260030B1026843F82620002372
:1031D000C0E90333F4E7012101FA06F4621D284631
:1031E000920001F0B7F80028E9D0C0E90164EEE7E9
:1031F0002B8101080B82010870B5C66905460C4693
:1032000076B91020FFF7F2FE0246E86120B98F215F
:10321000084B094801F080F8C0E901660660C66005
:103220003CB1EB696268DB6853F82210216043F817
:10323000224070BD2B8101080B8201082DE9F0416D
:1032400007460C461E4600200D6901F1140CDCF8FF
:103250000030013099B202FB01611E0C0B0C02FB25
:10326000063389B201EB034185424FEA13464CF81D
:10327000041BECDC0EB3A368AB4219DC6168384672
:103280000131FFF77BFF804628B90246BA210C4B7B
:103290000C4801F041F8226904F10C01023292005D
:1032A0000C30FEF798FC21463846FFF7A5FF444650
:1032B00004EB850301355E6125612046BDE8F081A0
:1032C0009A8101080B8201082DE9F843154609226D
:1032D0001F4608330C4693FBF2F3064601220021F9
:1032E0009A4209DB3046FFF749FF40B90246D32135
:1032F000184B194801F010F852000131F0E7089B13
:10330000092D43614FF00103036116DD04F1090843
:10331000C1462C4419F8013B01460A223046303B95
:10332000FFF78CFFA145F5D1A844A8F108042D1B97
:1033300063199F4204DCBDE8F88309250A34F6E7E7
:1033400014F8013B01460A223046303BFFF776FF76
:10335000EEE700BF9A8101080B8201080346B0F531
:10336000803F3ABF030410200020B3F1807F3CBFB0
:103370001B020830B3F1805F3CBF1B010430B3F186
:10338000804F3CBF9B000230002B05DB13F0804FC9
:1033900000F1010008BF202070470368024613F0C7
:1033A00007000BD0D90721D4980749BF5B089B08B9
:1033B000012013605CBF02201360704799B209B905
:1033C00010201B0CD9B209B908301B0A190704BF19
:1033D0001B090430990704BF9B080230D90703D4A6
:1033E0005B0800F1010003D01360704700207047B4
:1033F0002020704710B50C460121FFF7BFFE0246A2
:1034000028B940F24511044B044800F085FF012320
:103410004461036110BD00BF9A8101080B8201085D
:103420002DE9F04FD1F81090D2F810A08846D14580
:10343000144685B004DB53460C46CA46904699466E
:10344000A36861680AEB0906B342B8BF0131FFF710
:1034500095FE30B902464FF4B171434B434800F03A
:103460005BFF00F114052B46002205EB8607BB42EB
:103470001FD304F1140C08F114010CEB8A0301EBC7
:10348000890202921A1B153A22F0030215349C425B
:1034900088BF00220192029A03918A420CD8002E22
:1034A00003DD57F8043D002B5CD0066105B0BDE894
:1034B000F08F43F8042BDAE7B1F800A0BAF1000F5F
:1034C00023D0E046A9464FF0000E58F8042BD9F857
:1034D00000401FFA82FBA4B20AFB0B447444D9F8E3
:1034E00000E0120C4FEA1E4E0AFB02E202EB14420D
:1034F000A4B244EA024443454FEA124E49F8044B51
:10350000E3D8019AAA18C2F804E0039A0431B2F889
:103510000280B8F1000F23D02A68E6469146AA46F9
:103520004FF0000BBEF8004092B208FB04B404EB6D
:10353000194442EA04424AF8042B5EF8042BDAF8F4
:1035400000904FEA124B1FFA89F208FB0B227345D9
:1035500002EB14424FEA124BE4D8019C2C19626032
:10356000043598E7013E9AE79A8101080B82010829
:103570002DE9F843174612F0030280460D4607D0A6
:10358000264C013A002354F82220FFF757FE054647
:10359000BF103FD0D8F81C4094B91020FFF726FD8B
:1035A0000446C8F81C0030B9024640F2B3111C4B67
:1035B0001C4800F0B1FE0023C0E901330360C36082
:1035C000A66846B940F271214046FFF713FF002379
:1035D0000646A06003602C464FF0000907F0010387
:1035E0007F1053B1294632464046FFF719FF214666
:1035F00005464046FFF700FE67B1306838B93246ED
:1036000031464046FFF70CFF3060C0F80090064698
:103610002C46E3E72846BDE8F88300BF0C84010888
:103620002B8101080B8201082DE9F84F0C46074653
:1036300015462369496803EB6218A3684FEA621ACA
:1036400008F101094B450BDB3846FFF797FD0646AD
:1036500048B902464FF4EF71274B284800F05CFE52
:1036600001315B00EEE70023194600F1140C00F174
:103670001002534534DB22692AEAEA7A0CEB8A0C01
:1036800004F1140315F01F0E614603EB82022BD0E8
:103690000025CEF1200A8B461868043100FA0EF09E
:1036A0002843CBF8000053F8045B9A4225FA0AF548
:1036B000F1D8131B153B23F0030304F115018A42D3
:1036C00038BF00239C44CCF8045005B9C1463846A5
:1036D0002146C6F81090FFF78FFD3046BDE8F88F01
:1036E00042F8041F0133C4E753F8045B04319A42E3
:1036F00041F8045CF8D8E9E79A8101080B820108D7
:1037000003460A69006930B5801A0ED114331431AA
:1037100003EB820401EB820154F8045D51F8042D9F
:10372000954203D005D24FF0FF3030BDA342F3D312
:10373000FBE70120F9E700002DE9F74F8A4606462E
:10374000114650461446FFF7DBFF051E12D12946ED
:103750003046FFF713FD024628B940F23721404BAF
:10376000404800F0D9FD0123C0E90435104603B0FC
:10377000BDE8F08FBCBF5346A2463046DAF80410CD
:10378000BABF1C4601250025FFF7F8FC024618B910
:1037900040F24521324BE3E7C56000F11405AB462A
:1037A0004FF0000CDAF8107026690AF1140904F1E0
:1037B000140E0AF1100309EB87080EEB860601933D
:1037C000019B5EF8040B53F804AF81B201931FFA1A
:1037D0008AF35B1A000C6344C0EB1A4000EB2340F1
:1037E0009BB243EA004376454FEA204C4BF8043B3A
:1037F000E6D8331B153B153423F00303A64238BF2C
:103800000023E8184B441C1D26460430A5EB09058F
:10381000464506EB050E0ED308F10301091B21F006
:1038200003010133984538BF0021014451F8043D9C
:10383000A3B117619AE7E24656F8041B1FFA81FC10
:10384000D4444FEA1149514409EB2C4989B241EA69
:1038500009414FEA294CCEF80010D9E7013FE5E7CE
:103860009A8101080B8201080E4B0B40A3F15073A3
:10387000002B08DC5B42B3F1A07F4FEA235204DA4D
:103880004FF400231341002208E0A2F114031E2B81
:10389000D6BF4FF000420122DA40002319461046FD
:1038A000704700BF0000F07F0269F8B500F114070F
:1038B00007EB820252F8044C1E4D2046FFF74EFDE6
:1038C0000346C0F120000A2BA2F10406086012DCB6
:1038D000B7422CBF002252F8082CC3F10B0C153351
:1038E00024FA0CFE04FA03F322FA0CF24EEA050164
:1038F0001A431046F8BDB74236BFA2F108060022AF
:1039000052F8082C0B3B12D0C3F1200522FA05F126
:103910009C400C43BE4244F07F5194BF002456F8B3
:10392000044C9A40EC4041F440112243E1E744EA60
:103930000501DEE70000F03F2DE9734301219046C9
:103940009946089EFFF71AFC044630B9024640F239
:103950000F31234B234800F0DFFCC9F30A55C9F3AC
:1039600013030DB143F480130193B8F1000324D085
:1039700068460093FFF711FD0099E0B1019AC0F18C
:10398000200302FA03F30B43C24063610192019BDF
:10399000002B0CBF01220222A3612261ADB1A5F26E
:1039A000334505443560C0F13500099B1860204659
:1039B00002B0BDE870836161E9E701A8FFF7EDFCA3
:1039C000019B012263612030E7E7A0F2324004EB63
:1039D000820330601869FFF7C1FCC0EB4210E4E7D6
:1039E0009A8101080B8201082DE9F04F85B0CDE9DD
:1039F000001002A9FFF758FF8B4606460F460098B5
:103A000003A9FFF751FF0D46019B89461969009BE9
:103A100004461B693046C91ADDE902329B1A03EBE2
:103A20004113002BCDBF3A462A46C3EB033302EBCA
:103A3000035BD8BF02EB03594B4622465946EDF7CC
:103A40001BFA05B0BDE8F08F013970B54911146952
:103A5000013102F1140300EB810103EB8404051F23
:103A6000A3420CD3A31A113B23F003031132944257
:103A700038BF002318440023884205D370BD53F893
:103A8000046B45F8046FEBE740F8043BF4E700F102
:103A9000140200694B11984210B511DB0ADD11F0D8
:103AA0001F0107D052F8234024FA01F000FA01F177
:103AB0008C420BD102EB8303934203D8002010BD4C
:103AC0000346F7E753F8041D0029F5D00120F6E777
:103AD0000346084641B1FF2A04D98A224FF0FF303D
:103AE0001A60704701200A7070472DE9F0471F46A1
:103AF0008E688246BE420C469046334653D8B1F992
:103B00000C0010F4906F2BD065692368096905EBF0
:103B10004505A3EB010905EBD5757B1C6D104B44E6
:103B2000AB422A4684BF1D462A46430527D5114687
:103B30005046FFF785FA064658B34A462169FEF714
:103B40004AF8A38923F4906343F08003A38126619C
:103B50004E4426603B463E466561A5EB0905A560DF
:103B60001F463A464146206800F08BFB0020A368C0
:103B70009B1BA36023683B442360BDE8F08750464D
:103B800000F0FCFB06460028E1D150462169FEF713
:103B9000A9FE0C23CAF80030A3894FF0FF3043F090
:103BA0004003A381E9E73E46DBE700002DE9F0474B
:103BB0001F468B8906461B060D4614469CB010D541
:103BC0000B6973B94021FFF73BFA2860286130B9CF
:103BD0000C2333604FF0FF301CB0BDE8F08740236A
:103BE0006B610023099320238DF8293030234FF097
:103BF00001080397644F8DF82A302346994613F83D
:103C0000012B0AB1252AF9D1B9EB040A0BD053468E
:103C1000224629463046FFF768FF013000F0A480B5
:103C2000099A5244099299F80030002B00F09C80C8
:103C300000234FF0FF32CDE9052309F10109049378
:103C400007938DF853301A934C46052214F8011B44
:103C50004D48FDF7B2FF049BD0B9D80644BF2022DF
:103C60008DF85320190744BF2B228DF8532099F863
:103C700000202A2A13D04C4600204FF00A0C079A45
:103C8000214611F8013B303B092B49D968B913E0B3
:103C9000C01B08FA00F01843A1460490D4E7039A29
:103CA000111D12680391002A01DB079204E05242C1
:103CB00043F002030792049323782E2B0AD16378F2
:103CC0002A2B32D1039B02341A1D1B68039243EA4C
:103CD000E3730593DFF8B490032248462178FDF79B
:103CE0006CFF38B14022049BA0EB090082401343D3
:103CF0000134049314F8011B062225488DF828107E
:103D0000FDF75BFF002835D0224818BB039B073323
:103D100023F0070308330393099B034409936CE7DB
:103D20000C4601200CFB0232AAE700234FF00A0CDC
:103D3000194601340593204610F8012B303A092A20
:103D400003D9002BC6D00591C4E7044601230CFB20
:103D50000121F0E703AB00932A4630460E4B04A93D
:103D6000FCF7CCFF421CD7D1AB895B063FF532AFE5
:103D7000099831E703AB00932A463046064B04A965
:103D8000FDF75AFAEEE700BF648201086A82010873
:103D90006E820108FD0C0108EB3A0108936810B42B
:103DA000013B002B936007DA9469A34201DB0A29E7
:103DB00002D110BCFDF7D0BD1368581C10601970FB
:103DC000084610BC7047F8B506460F461446D5188D
:103DD000AC4201D1002007E03A46304614F8011BFE
:103DE000FFF7DCFF431CF3D1F8BD00002DE9F047DD
:103DF0000D4614461F4606469CB018B1036A0BB91F
:103E0000FDF7CEFB6B6ED90705D4AB899A0502D4BA
:103E1000A86DFDF7D0FEAB891B0701D52B699BB9B7
:103E200029463046FDF7D6FD70B16B6EDC0704D530
:103E30004FF0FF301CB0BDE8F087AB899805F7D490
:103E4000A86DFDF7B9FEF3E70023099320238DF851
:103E5000293030234FF001080397694F8DF82A303D
:103E60002346994613F8012B0AB1252AF9D1B9EB5B
:103E7000040A0BD05346224629463046FFF7A3FFDB
:103E8000013000F0A480099A5244099299F8003058
:103E9000002B00F09C8000234FF0FF32CDE905237A
:103EA00009F10109049307938DF853301A934C4696
:103EB000052214F8011B5248FDF77FFE049BD0B980
:103EC000D90644BF20228DF853201A0744BF2B2265
:103ED0008DF8532099F800202A2A13D04C46002050
:103EE0004FF00A0C079A214611F8013B303B092B91
:103EF00049D968B913E0C01B08FA00F01843A1467D
:103F00000490D4E7039A111D12680391002A01DB83
:103F1000079204E0524243F002030792049323788D
:103F20002E2B0AD163782A2B32D1039B02341A1D1F
:103F30001B68039243EAE3730593DFF8C8900322FA
:103F400048462178FDF739FE38B14022049BA0EBAA
:103F50000900824013430134049314F8011B062224
:103F600029488DF82810FDF728FE00283ED0274864
:103F700018BB039B073323F0070308330393099B04
:103F8000034409936CE70C4601200CFB0232AAE7BC
:103F900000234FF00A0C194601340593204610F80F
:103FA000012B303A092A03D9002BC6D00591C4E76A
:103FB000044601230CFB0121F0E703AB00932A46E2
:103FC0003046134B04A9FCF799FE431CD7D16B6E06
:103FD000D90705D4AB899A0502D4A86DFDF7ECFD8D
:103FE000AB895B063FF524AF099823E703AB009349
:103FF0002A463046064B04A9FDF71EF9E5E700BF47
:10400000648201086A8201086E820108FD0C0108C1
:10401000C73D0108B1F90C20F8B5160705460C4656
:1040200051D44B68002B02DC0B6C002B49DDE66A97
:10403000002E46D0002312F480522F682B6031D01E
:10404000626DA389590705D56368D21A636B0BB1FA
:10405000236CD21A00232846E66A216AB047421C24
:10406000B4F90C3006D129681D2945D8274ACA4021
:10407000D60741D5002262602269D904226004D5A6
:10408000421C01D12B6803B96065616B2F60C1B11F
:1040900004F14403994202D02846FEF723FC002392
:1040A00063630EE001232846216AB0470246501C94
:1040B000C7D12B68002BC4D01D2B01D0162B19D1D2
:1040C0002F6000201DE00F69002FFAD0930718BF62
:1040D00000230E6808BF4B69F61B0F608B60002E33
:1040E000EFDD33463A462846216AD4F828C0E04737
:1040F000002807DCB4F90C304FF0FF3043F04003E8
:10410000A381F8BD0744361AE9E700BF010040204B
:1041100038B50B6905460C4613B90025284638BD4D
:1041200018B1036A0BB9FDF73BFAB4F90C30002B58
:10413000F3D0626ED00704D4990502D4A06DFDF7C8
:104140003AFD28462146FFF765FF636E0546DA070C
:10415000E4D4A3899B05E1D4A06DFDF72DFDDDE737
:1041600070B50C46B1F90E10154600291E4696B0E2
:104170000ADAA18911F0800113D14FF48062002086
:1041800031602A6016B070BD6A4600F093F80028CE
:10419000EFDB019901F47041A1F5005359425941F7
:1041A000EBE700214022EAE78B8973B59E070546BD
:1041B0000C4607D504F147032360236101236361A3
:1041C00002B070BD01AB6A46FFF7CAFF009E2846E9
:1041D0003146FEF735FFB4F90C3038B99A05EFD403
:1041E00023F0030343F00203A381E3E743F08003DA
:1041F000A381019BC4E904062060002BE0D028467F
:10420000B4F90E1000F068F80028D9D0A38923F083
:10421000030343F00103A381D2E770B50D461446B2
:10422000064618B1036A0BB9FDF7BAF9636ED807F1
:1042300005D4A389990502D4A06DFDF7BCFCA36841
:10424000013B002BA36005DAA269934212DBEBB2BB
:104250000A2B0FD023685A1C22601D70EDB2636ECA
:10426000DA0705D4A3899B0502D4A06DFDF7A4FC51
:10427000284670BD294622463046FDF76DFB0546AF
:10428000EDE7884210B501EB020402D984422346CF
:1042900007D8431EA14207D011F8012B03F8012FC4
:1042A000F8E70244824200D110BD13F8011D02F864
:1042B000011DF7E738B50023064D044608461146B0
:1042C0002B60F1F78DFA431C02D12B6803B12360F8
:1042D00038BD00BF000E002038B50023054D044650
:1042E00008462B60F1F78BFA431C02D12B6803B10F
:1042F000236038BD000E002038B50023054D04466C
:1043000008462B60F1F7D0F9431C02D12B6803B1AA
:10431000236038BD000E00201FB514461A46094B15
:1043200005461B68D8684CB1074BCDE901340091B4
:104330002B46064900F050F800F060F8044B1C468C
:10434000F3E700BF8C01002075820108828201081A
:10435000B082010870B5A1FB025434B92946FEF7BA
:104360006FFE064628B9304670BD0C22002602605A
:10437000F9E72A462146FDF781FBF4E72DE9F041F4
:10438000074614460D4621B91146BDE8F041FEF737
:1043900057BE2AB9FEF7A6FA25462846BDE8F081A1
:1043A00000F033F88442064602D8B4EB500FF4D83C
:1043B00021463846FEF744FE804608B94546ECE7FC
:1043C000B4422246294628BF3246FDF704FC29465E
:1043D0003846FEF787FAF1E70EB403B5014603ABA2
:1043E000054853F8042B00680193FFF7FFFC02B067
:1043F0005DF804EB03B070478C010020062008B57F
:1044000000F034F80120F1F79CF951F8043C181F32
:10441000002BBCBF0B58C01870471F2938B5054684
:104420000C4604D9162303604FF0FF3038BDC26B31
:1044300012B152F821304BB9284600F031F822462B
:1044400001462846BDE8384000F018B8012B0AD0D4
:10445000591C03D1162303600120E7E70021204601
:1044600042F8241098470020E0E70000024B014684
:104470001868FFF7D2BF00BF8C01002038B50023B9
:10448000064D0446084611462B60F1F74AF9431CD5
:1044900002D12B6803B1236038BD00BF000E00209D
:1044A000F1F738B9F8B500BFF8BC08BC9E467047B4
:0C44B000F8B500BFF8BC08BC9E46704781
:1044C0000D0A5B424F4F545D2043445052206261BD
:1044D000636B75702D63757272656E742061707098
:1044E0002073746172742051322D43414C2D4A4F18
:1044F000472D7631322D51332D444D412D434F4DB3
:1045000050414354310D00004F4B000054585F465A
:1045100041494C0054494D454F5554004352435F67
:104520004241440052454A4543544544000000007E
:104530004652414D455F42414400000055415254AE
:104540005F425553590000003F000000444D415F59
:104550005343414E0000000000000000257300009E
:1045600025303258000000006D6F746F720000003B
:104570002573206469616720726573756C743D25CD
:104580007320616464723D25752066756E633D30ED
:1045900078253032582074785F6C656E3D25752023
:1045A00072785F6C656E3D25752065787065637403
:1045B0003D257520656C61707365643D256C756D76
:1045C0007300000020657863657074696F6E3D301C
:1045D0007825303258000000206372635F63616C9D
:1045E000633D307825303458206372635F726563B1
:1045F000763D307825303458000000002075617217
:10460000745F6572726F723D30782530386C580077
:104610000D000000202074783D00000020207278FA
:104620003D0000002020257320627566206D256402
:10463000207265747279206F6B20617474656D707F
:10464000743D25750D0A00002020257320627566D3
:10465000206D256420617474656D70743D2575202E
:1046600025730D0A000000002020627566666572E1
:10467000206661696C75726500000000202062751B
:1046800066666572207561727420627573790000C8
:1046900020206D2564207A65726F207265747279AE
:1046A0002025753A2025730D0A00000020206D2575
:1046B00064207A65726F204641494C3A2025732068
:1046C0002D3E20686F6D65204E4F54207365740D2C
:1046D0000A00000052454A4543542028252E3166E1
:1046E0002C252E316629206F7574206F662072612B
:1046F0006E67650D0A0000006D6F766528252E3106
:10470000662C252E31662920644C3D252E326620EC
:10471000252E326620252E326620252E3266202058
:10472000646D61783D252E32660D0A002020736B82
:1047300069700D006D6F76650000000020206275C5
:1047400066206D25643A2025730D0A0020206275CD
:1047500066666572204641494C202D3E2073746F79
:104760007020616C6C2C2061626F72740D0000000F
:10477000202074726967676572204641494C3A206F
:1047800025730D0A0000000020206D25642072654D
:104790006164204641494C3A2025730D0A0000000F
:1047A00020206D256420706F733D256C642020658A
:1047B00078703D256C642020286572723D256C64FC
:1047C000290D0A00202056455249465920464149A4
:1047D0004C20286D61787C6572727C3D256C642963
:1047E000202D3E206D6F64656C204E4F54207570F7
:1047F00064617465640D0A00202066696E65206B33
:104800003D2564206D65617328252E32662C252E8A
:10481000326629206572723D252E32660D0A00002F
:104820004E4F484F4D452052454A454354206E6FE8
:104830007728252E31662C252E316629206E657845
:104840007428252E31662C252E3166290D0A00008C
:104850002573206D6F766520252E316620252E313B
:1048600066202D3E20252E316620252E31662064BF
:104870004C3D252E326620252E326620252E3266AE
:1048800020252E326620636D643D252E326620255C
:104890002E326620252E326620252E326620676154
:1048A000696E28543D252E326620503D252E3266F5
:1048B000292062616C3D25750D0A000070617472DB
:1048C0006F6C0000686F6D65000000002020686F4D
:1048D0006D6520627566206D25643A2025730D0A8A
:1048E000000000002020686F6D65206275666665B7
:1048F00072204641494C202D3E2073746F70206118
:104900006C6C2C2061626F72740D00002020686F47
:104910006D6520747269676765723A2025730D0AA8
:10492000000000002020747269676765722066616C
:10493000696C7572650000006E6F686F6D650000D0
:104940006E6F686F6D652072656C617865640000DC
:104950006A6F6700484F4D450000000043454E54C4
:10496000455200004F524947494E00004F464653BA
:104970004554000045525200484200004C41534506
:10498000520000004649524500000000434952438E
:104990004C45000054494C54000000002300000026
:1049A000266D6F64652C2573230A00004C542D4935
:1049B0004E3100004C542D494E3200004C542D41D4
:1049C000505000004C54000052542D494E3100000C
:1049D00052542D494E32000052542D415050000087
:1049E0005254000052422D494E31000052422D498E
:1049F0004E32000052422D41505000005242000001
:104A00004C422D494E3100004C422D494E3200009F
:104A10004C422D41505000004C4200004D414E553B
:104A2000414C2072656164206D2564206174746559
:104A30006D70743D25642025730D0A007461736BDD
:104A4000000000002020257320627566206D25641B
:104A5000207265747279206F6B20617474656D705B
:104A6000743D25750D0A00002020257320627566AF
:104A7000206D256420617474656D70743D2575200A
:104A800025730D0A0000000020207461736B206202
:104A90007566666572206661696C757265000000F6
:104AA00020207461736B2075617274206275737954
:104AB000000000003F000000000000003E00000079
:104AC00025732573000000002D2D00005133204F69
:104AD0005244455200000000524541445920504183
:104AE0003020535441525400535445502025752FC3
:104AF0002575204355523A2573000000313A25733D
:104B000020323A2573000000333A257320343A25C9
:104B1000730000005043332045444954204C415316
:104B200054000000504130205354415254000000C2
:104B30004B4559312045584954000000504330201E
:104B400050524520504331204E455854000000003B
:104B5000504332204F4B20504333204241434B00BF
:104B6000504130205748454E2046554C4C000000DF
:104B7000504154524F4C206F72646572206B6579BE
:104B800020504332204F4B2069676E6F7265643A44
:104B9000206F726465722072656164793B205041B8
:104BA00030207374617274206F722050433320621E
:104BB00061636B20746F20656469740D00000000F0
:104BC000504154524F4C206F72646572206B65796E
:104BD00020504332204F4B2069676E6F7265643AF4
:104BE00020257320616C726561647920757365643A
:104BF00020617420737465703D25752F25750D0A2D
:104C000000000000504154524F4C206F7264657296
:104C1000206B657920504332204F4B2073746570B0
:104C20003D25752F25752073656C6563743D25736F
:104C30000D0A0000504154524F4C206F726465724F
:104C40002073656C6563746564206279204F4C4500
:104C5000443A2025730D0A00504154524F4C206FA6
:104C600072646572206B6579205043332042414362
:104C70004B2069676E6F7265643A206174206669C3
:104C800072737420737465700D00000050415452AB
:104C90004F4C206F72646572206B657920504333EE
:104CA000204241434B20746F20737465703D25751D
:104CB0002F257520637572736F723D25730D0A0081
:104CC000504154524F4C206F72646572206D656E76
:104CD0007520626C6F636B65643A20627573207334
:104CE0007461746520756E6365727461696E3B20D2
:104CF0007072657373204B45593020746F20726554
:104D0000686F6D652066697273740D00504154526E
:104D10004F4C206F72646572206D656E7520656EF4
:104D20007465723A2063757272656E743D25733BCB
:104D300020504333206261636B2065646974732083
:104D400066726F6D20746865206C61737420736C7B
:104D50006F743B2050433020707265762C20504396
:104D600031206E6578742C20504332206F6B2C20DC
:104D7000504130207374617274207768656E2072C0
:104D8000656164790D0A0000504154524F4C206F08
:104D900072646572206D656E7520657869743A205D
:104DA0006163746976653D25730D0A005041545264
:104DB0004F4C206F72646572206B657920504330D0
:104DC000205052452069676E6F7265643A206F7299
:104DD0006465722072656164793B207072657373DB
:104DE00020504333206261636B20746F20656469D7
:104DF000740D0000504154524F4C206F7264657224
:104E0000206B6579205043302050524520637572E5
:104E1000736F723D257320737465703D25752F2562
:104E2000750D0A00504154524F4C206F72646572E8
:104E3000206B657920504331204E455854206967D6
:104E40006E6F7265643A206F72646572207265617C
:104E500064793B2070726573732050433320626124
:104E6000636B20746F20656469740D005041545267
:104E70004F4C206F72646572206B6579205043310E
:104E8000204E45585420637572736F723D25732010
:104E9000737465703D25752F25750D0A000000009F
:104EA000504154524F4C206F72646572206D656E94
:104EB00075207374617274206279205041300D0046
:104EC000504154524F4C206F72646572206D656E74
:104ED00075205041302069676E6F7265643A206FAB
:104EE00072646572206E6F742072656164792073DC
:104EF0007465703D25752F25750D0A0046494E498C
:104F00005348204F524445522046495253540000C2
:104F1000513220504154524F4C20505245500000C5
:104F2000504C414345204E45415220300000000086
:104F30004B4559303A205A45524F20464952535416
:104F400000000000504130204146544552205A454F
:104F5000524F00004A4F472042555320554E43457B
:104F6000525400004B4559303A205245484F4D4568
:104F7000000000005041303A205245484F4D452B2B
:104F8000504154005043302D33204C4F434B454447
:104F900000000000513220524541445900000000F9
:104FA000583A25352E316620593A25352E3166007E
:104FB000504330205550202050433120444F574E0D
:104FC00000000000504332204C45465420504333EB
:104FD00020524947485400004B4559313A204F521E
:104FE000444552005041303A20504154524F4C34C5
:104FF000000000004B4559303A2052455455524E5E
:10500000203000006C697665000000004D414E556F
:10501000414C20766973696F6E202573206C617432
:105020006573740020484F4D4520636E743D256CB8
:105030007520783D252E326620793D252E3266205A
:105040006167653D256C756D73000000204C415310
:10505000455220636E743D256C7520783D252E32B7
:105060006620793D252E3266206167653D256C7589
:105070006D73000020434952434C4520636E743DDC
:10508000256C7520783D252E326620793D252E32FF
:1050900066206167653D256C756D73002054494C31
:1050A0005420636E743D256C7520783D252E326644
:1050B00020793D252E3266206167653D256C756D32
:1050C00073000000206572723D28252E32662C2563
:1050D0002E3266290000000020736F66743D28257B
:1050E0002E32662C252E3266290D0A004D414E5572
:1050F000414C2074656E73696F6E206E6F726D61C6
:105100006C697A6520737461727420636F756E7454
:105110003D257520766D61783D25750D0A000000EE
:1051200074656E73696F6E00435700004343570008
:10513000202074656E73696F6E20627566206D2520
:1051400064206469723D2573206D61673D25753A61
:105150002025730D0A000000202074656E73696FAE
:105160006E20747269676765723A2025730D0A00B4
:105170004D414E55414C2074656E73696F6E2072BF
:105180006563656E7465722061626F72743A206E39
:105190006F206C6F63616C2063656E74657220654F
:1051A00072726F720D0000004D414E55414C2074DB
:1051B000656E73696F6E20726563656E74657220CB
:1051C0006B3D256420783D252E326620793D252EC5
:1051D000326620643D252E32660D0A004D414E5543
:1051E000414C2074656E73696F6E20726563656EE5
:1051F0007465722061626F72743A20706F696E74A8
:10520000206F7574206F662072616E67650D0000F7
:105210004D414E55414C2074656E73696F6E20721E
:105220006563656E74657220636D64206B3D2564F3
:10523000207461726765743D28252E32662C252EF8
:1052400032662920737465703D252E32660D0A0082
:105250004D414E55414C2074656E73696F6E2072DE
:105260006563656E746572206D6F76652066616931
:105270006C3A2025730D0A004D414E55414C207467
:10528000656E73696F6E20726563656E74657220FA
:1052900061626F72743A206E6F742063656E74651C
:1052A000726564206166746572206E6F726D616CE8
:1052B000697A650D00000000696E697469616C00AF
:1052C0004D414E55414C206175746F20686F6D657E
:1052D000207761726E3A20266D6F64652C696E6965
:1052E0007469616C232073656E64206661696C6506
:1052F000640D00004D414E55414C206175746F2086
:10530000686F6D6520636D643A20266D6F64652C4F
:10531000696E697469616C232073656E740D000099
:1053200043454E5445522042592043414D00000010
:105330004C4F43414C20434952434C450000000030
:10534000564953494F4E204C4F5354004B4559300A
:105350003A205245545259004D414E55414C20611E
:1053600075746F20686F6D652061626F72743A208A
:10537000766973696F6E206F66666C696E650D0085
:105380004E4F2043454E54455220434952434C45CD
:10539000000000004D414E55414C206175746F2056
:1053A000686F6D652061626F72743A206E6F206C59
:1053B0006F63616C2063656E746572206572726FD5
:1053C000720D00004D414E55414C206175746F20A7
:1053D000686F6D65206B3D256420783D252E326613
:1053E00020793D252E326620643D252E32660D0A39
:1053F00000000000443A25352E3166204B3A2564E2
:1054000000000000544F4F20464152004D414E5580
:10541000414C206175746F20686F6D652061626F0B
:1054200072743A20643D252E326620746F6F2066B8
:1054300061722C206D61783D252E326620666F7278
:10544000206C6F63616C2D6F6E6C7920686F6D6579
:105450000D0A00004D414E55414C206175746F207E
:10546000636D64206B3D2564207461726765743DD3
:1054700028252E32662C252E3266292073746570FD
:105480003D252E3266206D6F64653D45584143547D
:105490000D0A00004D414E55414C206175746F203E
:1054A000686F6D65206D6F7665206661696C3A2066
:1054B00025732061626F72743B2072656C61746940
:1054C0007665206275666665722073746174652006
:1054D000756E6365727461696E0D0A00484F4D45C3
:1054E000204D4F5645204641494C0000484F4D4500
:1054F000204641494C0000004E4F542043454E5435
:1055000045524544000000004D414E55414C20613C
:1055100075746F20686F6D652061626F72743A20D8
:105520006E6F742063656E74657265640D000000B3
:1055300054454E53494F4E20534554004C4947481B
:10554000542054414B4555500000000054454E53E3
:10555000494F4E204641494C000000004348454316
:105560004B204255530000004D414E55414C2061A7
:1055700075746F20686F6D652061626F72743A2078
:1055800074656E73696F6E206E6F726D616C697A8F
:1055900065206661696C65643A2025730D0A000018
:1055A00054454E53494F4E20444F4E450000000095
:1055B00043414D20524543454E54455200000000A2
:1055C000524543454E544552204641494C00000047
:1055D0004D414E55414C206175746F20686F6D656B
:1055E0002061626F72743A20726563656E746572D1
:1055F0002061667465722074656E73696F6E2066D3
:1056000061696C65640D00005A45524F204641495E
:105610004C000000434845434B204D4F544F52200F
:10562000425553004D414E55414C206175746F20D9
:10563000686F6D652061626F72743A206D6F746F70
:1056400072207A65726F206661696C65640D000076
:105650005A45524F20534156454400005043302D87
:1056600033204A4F470000004D414E55414C2072B7
:1056700065636F7665727920636F6D706C657465B4
:105680003A204B455930207265686F6D65204F4B4D
:105690003B205043302D50433320756E6C6F636B4D
:1056A00065640D0043454E544552207A65726F2063
:1056B0004F4B3B2050413020706174726F6C2C2036
:1056C0004B455931206F726465720D0055500000D2
:1056D000444F574E000000004C4546540000000067
:1056E00052494748540000004E4F4E45000000000C
:1056F0005441534B0000000025732073746F7020D9
:10570000616C6C3A2025730D0A0000002020737430
:105710006F7020616C6C206469616700756E6B6EE0
:105720006F776E004D414E55414C206A6F67206285
:10573000757320737461746520756E63657274612E
:10574000696E2061742025733A2025733B205043F5
:10575000302D504333206C6F636B656420756E741D
:10576000696C204B455930207265686F6D650D0A74
:10577000000000004D414E55414C206A6F67207378
:10578000746F703A2025730D0A00000073746F70F7
:10579000000000004D414E55414C206A6F67207358
:1057A000746F703A20616C726561647920636F6D0B
:1057B000706C6574650D00004D414E55414C206A7A
:1057C0006F6720666F7263652073746F703A20256F
:1057D000730D0A00666F7263652D73746F7000003D
:1057E0004D414E55414C206A6F6720626C6F636B70
:1057F00065643A2062757320737461746520756EF8
:105800006365727461696E3B207072657373204BBF
:1058100045593020746F207265686F6D650D00000A
:105820004D414E55414C206A6F672073616665207B
:105830006C696D6974206469723D257320736F66AD
:10584000743D28252E32662C252E326629206C695F
:105850006D69743D252E31660D0A00004D414E558F
:10586000414C206A6F6720636C616D7020646972BF
:105870003D257320736F66743D28252E32662C25D6
:105880002E3266292D3E28252E32662C252E326694
:105890002920636D643D28252E32662C252E326624
:1058A000292D3E28252E32662C252E326629206C85
:1058B000696D69743D252E31660D0A004A4F4720F7
:1058C0004641494C00000000434845434B204255A7
:1058D000532F54454E53494F4E0000004D414E55F5
:1058E000414C206A6F672073746570206661696C33
:1058F000206469723D25733A2025730D0A0000006B
:10590000737465702D737461727400004D414E554F
:10591000414C206A6F6720737461727420646972ED
:105920003D25732072756E3D252E326620676169B4
:105930006E28543D252E326620503D252E32662994
:1059400020785F636F6D703D252E3266206C696D27
:1059500069743D252E31660D0A000000636C656197
:10596000720000002020257320627566206D25647A
:10597000207A65726F3A2025730D0A00627566669B
:1059800065722D636C6561722D6661696C00000043
:105990002020257320747269676765723A20257329
:1059A0000D0A00004D414E55414C207265747572D0
:1059B0006E206E656172207A65726F206275742048
:1059C0006275732077617320756E636572746169A7
:1059D0006E3B20636C6561722062756666657265F8
:1059E0006420636F6D6D616E647320666972737499
:1059F0000D0000006D616E75616C2D636C656172E8
:105A0000000000004D414E55414C20726574757286
:105A10006E2064656C74613D5B256C642C256C6440
:105A20002C256C642C256C645D206D61783D256CA3
:105A3000750D0A006D616E75616C000020206D614E
:105A40006E75616C20627566206D256420646972D4
:105A50003D257320766D61783D2575206D61673D2C
:105A6000256C753A2025730D0A00000020206D6119
:105A70006E75616C20747269676765723A20257370
:105A80000D0A00004D414E55414C207265747572EF
:105A90006E2061626F72743A207A65726F206E6F49
:105AA000742073617665640D000000005245545502
:105AB000524E204D4F544F52203000005245545505
:105AC000524E2052454144204641494C00000000BE
:105AD0004D414E55414C2072657475726E20737441
:105AE000617274206375723D5B256C642C256C6457
:105AF0002C256C642C256C645D207A65726F3D5B8F
:105B0000256C642C256C642C256C642C256C645DE0
:105B10000D0A00004D414E55414C2072657475725E
:105B20006E20736B69703A20616C726561647920D4
:105B30006E656172207A65726F2C2076697375616B
:105B40006C2066696E65207A65726F20666F6C6C7A
:105B50006F77730D00000000434C454152204255C1
:105B600046204641494C00004D414E55414C207263
:105B7000657475726E2061626F72743A20636C6531
:105B8000617220627566666572656420636F6D6D13
:105B9000616E6473206661696C65640D00000000CD
:105BA0004D414E55414C2072657475726E2067757B
:105BB0006172643A20656E636F646572206D61780E
:105BC0003D256C752076697375616C3D28252E32F4
:105BD000662C252E32662920643D252E32660D0A5C
:105BE000000000004D414E55414C207265747572A5
:105BF0006E2067756172643A2076697375616C20F6
:105C00006E6561722063656E7465722C20736B69BA
:105C100070206C6172676520656E636F64657220C9
:105C200072657475726E0D004D414E55414C207277
:105C3000657475726E2067756172643A20656E6373
:105C40006F646572206D61783D256C752C207669D6
:105C50007375616C20756E617661696C61626C65EB
:105C60000D0A00004D414E55414C2072657475720D
:105C70006E206F6E652D73686F7420736D6F6F7417
:105C800068206D61783D256C7520766D61783D25C5
:105C9000750D0A0052455455524E204D4F56452021
:105CA0004641494C000000004D414E55414C207288
:105CB000657475726E206D256420706F733D256C60
:105CC00064207A65726F3D256C64206572723D2593
:105CD0006C640D0A0000000052455455524E204D90
:105CE0004F544F52204F4B0043414D2046494E45A3
:105CF000205A45524F0000004D414E55414C2072F4
:105D0000657475726E206D6F746F72207A65726F34
:105D100020646F6E652C2076697375616C206669EE
:105D20006E65207A65726F20666F6C6C6F77730D8D
:105D3000000000004D414E55414C20726574757253
:105D40006E2076697375616C2066696E65207A6570
:105D5000726F206661696C65640D00004D414E559F
:105D6000414C2072657475726E20646F6E653A20C6
:105D700076697375616C207A65726F2072656672E0
:105D800065736865640D00004544474520504154E3
:105D9000524F4C004D4F5645000000002573202502
:105DA0003032752F25303275000000004B455930D8
:105DB0003A2041424F525400504154524F4C2077A8
:105DC00061726E3A207365676D656E74206C696DE3
:105DD000697420726561636865642C207573696EEF
:105DE000672025752073756273746570730D0A00E2
:105DF000504154524F4C20636972636C6520257387
:105E000020766973696F6E20636F6E6669726D20AC
:105E1000756E617661696C61626C650D0A000000E7
:105E2000504154524F4C20636972636C6520257356
:105E3000207365656E5F6F74686572206369726355
:105E40006C653D28252E31662C252E31662920656E
:105E500072723D28252E32662C252E3266290D0AB7
:105E600000000000504154524F4C20636972636C33
:105E700065202573207265663D28252E31662C2508
:105E80002E316629206572723D28252E32662C251A
:105E90002E32662920643D252E3266002074696CFE
:105EA000743D28252E32662C252E32662920616706
:105EB000653D256C756D73000D0000005041545216
:105EC0004F4C20746172676574206C6561726E65F9
:105ED000642025732069676E6F7265643A2061766D
:105EE000673D28252E32662C252E326629206F75B7
:105EF00074206F662072616E67650D0A00000000F5
:105F0000504154524F4C2043414C202573206E3D4C
:105F1000257520736F66743D28252E32662C252E3C
:105F2000326629206572723D28252E32662C252E78
:105F3000326629002074696C743D28252E32662C47
:105F4000252E3266290000002074696C743D4E4194
:105F50000000000020656E633D5B256C642C256CA1
:105F6000642C256C642C256C645D20656E635F6E0B
:105F70003D25750020656E633D524541445F4641B5
:105F8000494C20656E635F6E3D257500504154524B
:105F90004F4C20415647202573206E3D25752073B8
:105FA0006F66743D28252E32662C252E32662920F8
:105FB0006572723D28252E32662C252E32662920E8
:105FC00074696C743D28252E32662C252E32662984
:105FD0000000000020656E635F6176673D5B256CA5
:105FE000642C256C642C256C642C256C645D206508
:105FF0006E635F6E3D25750020656E635F61766739
:106000003D4E4120656E635F6E3D300050415452FD
:106010004F4C2043414C205441424C45206265671F
:10602000696E0D00504154524F4C2043414C205456
:1060300041424C45202573206E3D300D0A00000082
:10604000504154524F4C2043414C205441424C4506
:10605000202573206E3D257520736F66745F617611
:10606000673D28252E32662C252E32662920657242
:10607000725F6176673D28252E32662C252E3266AA
:10608000292074696C745F6176673D28252E32661D
:106090002C252E3266290000504154524F4C20438B
:1060A000414C205441424C4520656E640D00000077
:1060B0004E4F4445000000005345470052454144BF
:1060C00000000000504154524F4C204E4F44452098
:1060D0006E616D653D257320737465703D25752F68
:1060E000257520636972636C653D257520736F6645
:1060F000743D28252E32662C252E3266290000009C
:10610000206C617365723D28252E32662C252E3257
:10611000662C256C756D732900000000206C61737E
:1061200065723D4E4100000020636972636C653DFD
:1061300028252E32662C252E32662C256C756D7323
:106140002900000020636972636C653D4E410000C8
:10615000206572723D4E41002074696C743D2825A3
:106160002E32662C252E32662C256C756D73290017
:1061700020656E633D44454645525245445F544F49
:106180005F434F524E45520020656E633D5B256C68
:10619000642C256C642C256C642C256C645D206556
:1061A0006E635F7372633D257300000020656E634C
:1061B0003D524541445F4641494C0000656E6300D5
:1061C00025733D5B00000000256C64004E4100001B
:1061D0005D206D61736B3D307825303258000000D2
:1061E000504154524F4C2053454720656E63206DFB
:1061F000257520726561643D25730D0A000000005D
:1062000020207365676D656E7420656E6300000005
:10621000504154524F4C2053454720424153452052
:106220006D257520617474656D70743D25752072DF
:106230006561643D25730D0A000000002020736530
:10624000676D656E74206261736500005041545241
:106250004F4C205345472042415345200000000049
:1062600020726573756C743D5B25732C25732C252A
:10627000732C25735D0D0A0005050505746F7461A7
:106280006C000000504154524F4C20766973696F86
:106290006E20726566726573683A20266D6F64655C
:1062A0002C746F74616C232073656E740D00000094
:1062B000504154524F4C20766973696F6E2072655D
:1062C00066726573683A20266D6F64652C746F740E
:1062D000616C232073656E64206661696C65640D72
:1062E00000000000504154524F4C2061626F7274A4
:1062F0003A206C61736572207374616C652062650D
:10630000666F726520257320737465703D25752056
:106310007365673D257520636E743D256C7520613E
:1063200067653D256C756D730D0A00005041545230
:106330004F4C2053454720534B4950206E616D65AB
:106340003D257320737465703D2575207365673D29
:10635000257520726561736F6E3D564953494F4EE6
:106360005F5354414C450D0A00000000434F4D4D12
:106370005F4641494C000000454E435F5041525436
:1063800049414C00564953494F4E5F5354414C4587
:1063900000000000434952434C455F5354414C4573
:1063A00000000000434D445F4F4B5F564953494F37
:1063B0004E5F46524553485F454E435F4445464510
:1063C0005252454400000000474F4F440000000077
:1063D000504154524F4C20534547207365713D2521
:1063E0006C75206E616D653D257320737465703D1D
:1063F00025752F2575207365673D25752F2575201B
:1064000066696E653D2575207374617475733D25ED
:106410007320636F6D706C6574653D2575206D6FBD
:1064200076655F6D733D256C752062616C3D2575E9
:106430002072656C656173653C3D252E3266206671
:10644000726F6D3D28252E32662C252E326629204E
:10645000746F3D28252E32662C252E326629206445
:106460004C3D5B252E34662C252E34662C252E348F
:10647000662C252E34665D20636D643D5B252E34CD
:10648000662C252E34662C252E34662C252E34665B
:106490005D206761696E3D5B252E34662C252E34A8
:1064A000662C252E34662C252E34665D0D0A0000E0
:1064B000534B495050454400504154524F4C205387
:1064C000454720425553207365713D256C75206406
:1064D00069723D5B25752C25752C25752C25755D00
:1064E000206D61673D5B256C752C256C752C256CCA
:1064F000752C256C755D20766D61783D5B25752C5E
:1065000025752C25752C25755D206D6F746F723D7A
:106510005B25732C25732C25732C25735D207472D9
:1065200069676765723D2573207472696767657274
:106530005F617474656D707465643D257520617468
:1065400074656D707465643D30782530325820660E
:1065500061696C65645F6D3D25750D0A0000000082
:10656000504154524F4C2053454720444154412000
:106570007365713D256C75207469636B3D256C7581
:106580006D732000656E635F6265666F7265000003
:10659000656E635F616674657200000064656E63BA
:1065A0000000000020656E635F726573756C743D5A
:1065B0005B25732C25732C25732C25735D0000003F
:1065C000656E635F73616D706C653D444546455211
:1065D0005245445F544F5F434F524E4552000000B6
:1065E000206C617365723D28252E32662C252E3273
:1065F000662C256C756D732C636E743D256C752946
:106600000000000020636972636C653D28252E320E
:10661000662C252E32662C256C756D732C636E747A
:106620003D256C75290000002074696C743D282597
:106630002E32662C252E32662C256C756D732C63DC
:106640006E743D256C752900207175616C697479D3
:106650003D25730D0A000000504154524F4C2066F6
:10666000696E652025732061626F72743A206C61D7
:10667000736572207374616C65206174206B3D25B5
:10668000750D0A00504154524F4C2066696E6520CA
:106690002573207761697420746172676574207551
:1066A0006E617661696C61626C65206B3D25750D6C
:1066B0000A000000504154524F4C2066696E65201C
:1066C000257320736B69703A207365656E5F6F7414
:1066D00068657220636972636C653D28252E31669A
:1066E0002C252E316629206572723D28252E3266B2
:1066F0002C252E3266290D0A00000000504154520C
:106700004F4C2066696E65202573206B3D257520F2
:106710006572723D28252E32662C252E3266292080
:10672000643D252E326620736F66743D28252E3217
:10673000662C252E3266290D0A0000005041545265
:106740004F4C2066696E652025732061626F7274FC
:106750003A206572726F722064697665726765644B
:1067600020707265763D252E3266206E6F773D254E
:106770002E326620736F66743D28252E32662C25D6
:106780002E3266290D0A0000504154524F4C2066AB
:10679000696E652025732074696C7420736C6F7743
:1067A0002074696C743D28252E32662C252E3266A5
:1067B0002920737465703D252E32660D0A00000095
:1067C000504154524F4C2066696E652025732072EB
:1067D000656A656374206E6578743D28252E32667F
:1067E0002C252E3266290D0A00000000504154521B
:1067F0004F4C2066696E652025732061626F72744C
:106800003A20766973696F6E207374616C652062DB
:1068100065666F7265207365676D656E740D0A003D
:10682000504154524F4C2066696E6520636D642060
:106830002573207365673D25752F25752066726F5A
:106840006D3D28252E32662C252E3266292D3E28B8
:10685000252E32662C252E326629206761696E2826
:10686000543D252E326620503D252E3266290D0AD4
:1068700000000000504154524F4C2066696E652064
:106880002573206D6F7665206661696C3A202573EB
:106890000D0A0000706174726F6C2D66696E650080
:1068A000504154524F4C20746172676574206C657E
:1068B00061726E656420257320696465616C3D2892
:1068C000252E32662C252E3266292D3E6176673DB7
:1068D00028252E32662C252E326629206E3D257500
:1068E0000D0A0000504154524F4C2072656A656396
:1068F0007420776179706F696E7420257320783DFC
:10690000252E326620793D252E3266206F75742043
:106910006F662072616E67650D0A00005041545227
:106920004F4C20636D6420257320737465703D2582
:10693000752F2575207365673D25752F2575206694
:10694000726F6D3D28252E32662C252E3266292D3C
:106950003E28252E32662C252E3266292067616955
:106960006E28543D252E326620503D252E32662954
:106970002072656C3C3D252E31660D0A000000003A
:10698000504154524F4C2061626F72743A207669C4
:1069900073696F6E207374616C65206265666F72D7
:1069A00065202573207365673D25752F25750D0AB4
:1069B00000000000504154524F4C204D4F5645208E
:1069C0004641494C00000000504154524F4C206D4C
:1069D0006F7665206661696C206174202573207371
:1069E00065673D25752F25753A2025730D0A000032
:1069F000706174726F6C2D73746570007061747265
:106A00006F6C0000504154524F4C2061626F7274A1
:106A1000206279204B4559302061742025730D0A7E
:106A200000000000434952434C45204F4B000000FA
:106A3000504154524F4C2068697420257320636F75
:106A40006E6669726D65640D0A0000005041545213
:106A50004F4C207461726765742025732066696EDF
:106A600065206D6F7665206C656674206275732095
:106A7000737461746520756E6365727461696E3BD1
:106A8000207265686F6D652F72657472792072650A
:106A9000717569726564206265666F726520636FE7
:106AA0006E74696E75696E670D0A00004349524342
:106AB0004C45204D49535300504154524F4C207483
:106AC000617267657420257320756E636F6E6669E9
:106AD000726D65643B2076697375616C2063616CCF
:106AE0006962726174696F6E2073616D706C65208C
:106AF0004E4F54207265636F726465640D0A000026
:106B0000504154524F4C204155544F20300000000A
:106B1000504154524F4C206175746F207A65726FEA
:106B20003A20736F6674206E6561722063656E74BF
:106B300065722C2076697375616C2066696E6520BC
:106B40007A65726F206F6E6C790D0000504154525F
:106B50004F4C206175746F207A65726F2061626F8F
:106B600072743A2076697375616C2066696E65206F
:106B70007A65726F206661696C65640D00000000C3
:106B80004D4F544F522052455455524E0000000074
:106B9000504154524F4C206175746F207A65726F6A
:106BA0003A206D6F746F722072657475726E206614
:106BB000697273740D000000504154524F4C2061B3
:106BC00075746F207A65726F2061626F72743A20FB
:106BD0006D6F746F722072657475726E2066616974
:106BE0006C65640D00000000504154524F4C206110
:106BF00075746F207A65726F3A20616C726561649A
:106C000079206174206D6F746F72207A65726F2CB9
:106C10002072756E2076697375616C2066696E6589
:106C2000207A65726F0D0000504154524F4C206124
:106C300075746F207A65726F3A206D6F746F722071
:106C400072657475726E20696E636C75646564201C
:106C500076697375616C2066696E65207A65726FFE
:106C60000D0000004155544F5A45524F000000009E
:106C7000504154524F4C206175746F207A65726F89
:106C8000207265636F766572792025752F257520D2
:106C900061667465722025733A2073746F702C20BE
:106CA0007761697420256C756D732C206D6F746F1E
:106CB000722072657475726E202B2076697375610F
:106CC0006C207A65726F0D0A00000000504154522A
:106CD0004F4C205245434F564552000057414954AE
:106CE000202B205245484F4D450000005041545242
:106CF0004F4C206175746F207A65726F20726563E6
:106D00006F76657279204F4B20616674657220251D
:106D1000730D0A00504154524F4C206175746F201E
:106D20007A65726F207265636F766572792066612D
:106D3000696C65642061667465722025730D0A00B4
:106D4000504154524F4C206D6F7665207265636FD1
:106D5000766572792061667465722025732073747C
:106D600065703D25752F257520726573756C743DB2
:106D700025733A2073746F7020616C6C2C207761DE
:106D8000697420256C756D732C206D6F746F722083
:106D900072657475726E202B2076697375616C2034
:106DA0007A65726F2C2072657472792066726F6DCD
:106DB000206B6E6F776E2063656E7465720D0A00CE
:106DC00053544F50202B205245484F4D4500000052
:106DD0005245545259204D4158203300504154528D
:106DE0004F4C207265636F76657279005041545242
:106DF0004F4C206D6F7665207265636F7665727992
:106E0000206661696C656420616674657220257313
:106E10003A207265686F6D65206661696C65640D06
:106E20000A000000504154524F4C207761726E3A74
:106E300020266D6F64652C746F74616C23207365FC
:106E40006E64206661696C65642061667465722099
:106E50006D6F7665207265636F766572790D0000DF
:106E6000504154524F4C20636D643A20266D6F643C
:106E7000652C746F74616C232073656E7420616679
:106E8000746572206D6F7665207265636F766572CA
:106E9000790D0000504154524F4C207265636F765B
:106EA000657279204F4B20616674657220257320CE
:106EB000737465703D25752F25750D0A000000005F
:106EC000504154524F4C20636F726E6572206A6F4E
:106ED000622061626F72743A20696E76616C6964D7
:106EE000206A6F620D000000504154524F4C2063E5
:106EF0006F726E6572206A6F6220257320737461F1
:106F000072743A2066726F6D2063656E7465722CC0
:106F100020776179706F696E74733D25750D0A0075
:106F2000504154524F4C20636F726E6572206A6FED
:106F300062202573207265737461727420617474A9
:106F4000656D70743D25752F25752066726F6D20F7
:106F500063656E7465720D0A000000005041545262
:106F60004F4C2061626F727420636F726E65722085
:106F7000257320617420776179706F696E742025A4
:106F80007320737465703D25752F257520726573A8
:106F9000756C743D2573207265686F6D655F7265F1
:106FA0007175697265643D25750D0A005041545232
:106FB0004F4C20636F726E6572202573207265637B
:106FC0006F7665727920726571756573742061746E
:106FD00020776179706F696E7420257320737465F2
:106FE000703D25752F25752072657472793D257564
:106FF0002F257520726573756C743D25733B207267
:10700000657374617274207468697320636F726E43
:1070100065722066726F6D2063656E7465720D0A0D
:1070200000000000504154524F4C2061626F727456
:107030003A20636F726E6572202573207265636FEC
:1070400076657279206661696C6564206174207769
:107050006179706F696E7420257320737465703D5B
:1070600025752F25750D0A00504154524F4C206351
:107070006F726E6572206A6F622025732074617270
:1070800067657420636F6E6669726D65643B20721C
:10709000657475726E2063656E74657220626566D4
:1070A0006F7265206E65787420636F726E65720D05
:1070B0000A000000504154524F4C20636F726E65BD
:1070C00072206A6F62202573207461726765742074
:1070D000756E636F6E6669726D65643B2072657470
:1070E00075726E2063656E74657220616E642063D4
:1070F0006F6E74696E75652069736F6C6174656419
:107100002073657175656E63650D0A0050415452B8
:107110004F4C2063656E7465722072657475726E73
:10712000206166746572202573206A6F623D257543
:107130002F257520636F6E6669726D65643D2575D8
:107140000D0A0000434F524E455220444F4E450019
:1071500052455455524E2043454E5445520000006E
:10716000504154524F4C2061626F72743A20636FE9
:10717000726E6572207265736574206661696C65F4
:10718000642061667465722025730D0A000000009A
:10719000504154524F4C207761726E3A20266D6FE9
:1071A00064652C746F74616C232073656E64206653
:1071B00061696C6564206166746572202573207254
:1071C000657365740D0A0000504154524F4C2063A2
:1071D0006D643A20266D6F64652C746F74616C2346
:1071E0002073656E74206166746572202573207249
:1071F000657365740D0A0000504154524F4C206372
:10720000656E746572204F4B20616674657220252F
:10721000730D0A00504154524F4C2061626F7274DA
:107220003A20696E76616C69642073656C6563747D
:107230006564206F7264657220736C6F74202575AD
:107240000D0A0000504154524F4C2061626F72741D
:107250003A206D6F746F72207A65726F206E6F7452
:107260002073617665640D00504154524F4C207379
:1072700074617274206F726465723D25732074614D
:10728000726765743D252E3166636D2072783D25E9
:1072900073206C6F673D257320656E633D25730D0C
:1072A0000A000000444941470000000044455441A1
:1072B000494C00004D323E4D313E4D333E4D340081
:1072C000504154524F4C206D6F74696F6E20766D33
:1072D00061783D257520736574746C653D256C750A
:1072E0006D732077726974653D2573204C42285474
:1072F0003D252E326620503D252E3266290D0A008E
:10730000504154524F4C205052455000504154521D
:107310004F4C2D53544152540000000050415452E0
:107320004F4C2061626F72743A206175746F207ADD
:1073300065726F206265666F726520706174726F2E
:107340006C206661696C65640D0000005041545208
:107350004F4C207761726E3A20266D6F64652C74F5
:107360006F74616C232073656E64206661696C655F
:10737000640D0000504154524F4C20636D643A201C
:10738000266D6F64652C746F74616C232073656E59
:10739000740D0000504154524F4C2061626F727462
:1073A00020617420636F726E6572206A6F6220259F
:1073B000732025752F25750D0A0000005041545289
:1073C0004F4C20636F726E6572206A6F6273206427
:1073D0006F6E652C2066696E616C207669737561CD
:1073E0006C2063656E74657220636865636B0D0065
:1073F000504154524F4C204A4F4253204F4B0000B3
:1074000046494E452043454E544552005041545242
:107410004F4C2D46494E414C000000005041545203
:107420004F4C2066696E616C2063656E74657220D6
:107430006661696C65640D00504154524F4C207474
:107440006172676574206D61736B7320636F6E6624
:1074500069726D65643D30782530325820756E63F1
:107460006F6E6669726D65643D3078253032580DF7
:107470000A000000504154524F4C20504152544990
:10748000414C0000564953494F4E20434845434B19
:10749000000000005041303A20414741494E000071
:1074A000504154524F4C207061727469616C3A20A3
:1074B0006E6F7420616C6C20666F757220636972E8
:1074C000636C65732076697375616C6C7920636F8A
:1074D0006E6669726D65643B206E6F20756E636FBA
:1074E0006E6669726D656420706F696E7420776175
:1074F0007320757365642061732063616C696272C7
:107500006174696F6E0D0000504154524F4C20441D
:107510004F4E450043454E544552204F4B0000000E
:10752000504154524F4C20646F6E653A20666F751F
:1075300072206564676520636972636C6573207689
:1075400069736974656420616E642063656E746537
:1075500072207265667265736865640D00000000D4
:107560006A6F6700504154524F4C207265747279B3
:10757000206B6579205041303A206175746F20721C
:1075800065686F6D65206265666F726520726573F0
:10759000746172740D0000004649524520726563A3
:1075A0006F726420783D252E316620793D252E317D
:1075B00066207469636B3D256C750D0A0000000040
:1075C00046256420583A25346420593A253464000D
:1075D000462564202D2D0000424153494331204867
:1075E0004F4D45004B4559303A2043454E54455286
:1075F0000000000043414D20524541445920464976
:1076000052535400535445503A25642F25640000CA
:10761000583A25362E316600593A25362E31660005
:10762000524F554748207372633D434952434C457E
:107630005F474C4F42414C207265663D28252E31F4
:10764000662C252E316629206572723D28252E3242
:10765000662C252E32662920783D252E326620792B
:107660003D252E32660D0A00524F55474820737251
:10767000633D4C415345525F474C4F42414C20784B
:107680003D252E326620793D252E32660D0A0000FA
:10769000484F4D45207372633D484F4D455F4552FD
:1076A0005220783D252E326620793D252E32660DFA
:1076B0000A000000484F4D452066696E65207265DE
:1076C0006A6563743A2063757272656E74206369CB
:1076D00072636C65207265663D28252E31662C2507
:1076E0002E3166292C206E6565642063656E746595
:1076F0007220636972636C650D0A0000484F4D4546
:10770000207372633D4C415345522D434952434CC3
:107710004520783D252E326620793D252E32660D96
:107720000A000000484F4D452066616C6C62616341
:107730006B20636D643A20266D6F64652C746F74E2
:10774000616C232073656E742C2077616974696E97
:1077500067204C415345522D434952434C450D003F
:10776000484F4D452066616C6C6261636B207265A9
:107770006A6563743A2063757272656E742063691A
:1077800072636C65207265663D28252E31662C2556
:107790002E3166292C206E6565642063656E7465E4
:1077A0007220636972636C650D0A0000484F4D4595
:1077B000207372633D544F54414C204C4153455209
:1077C0002D434952434C4520783D252E3266207981
:1077D0003D252E32660D0A00484F4D452066616CEE
:1077E0006C6261636B207761726E3A20266D6F6404
:1077F000652C746F74616C232073656E6420666100
:10780000696C65640D000000484F4D452066696E47
:10781000652061626F72743A206E6F2063656E74CA
:1078200065722F6C6F63616C20636972636C652095
:107830006572726F7220686F6D653D256C752F25BE
:107840006C756D73206C617365723D256C752F25A9
:107850006C756D7320636972636C653D256C752F63
:10786000256C756D732074696C743D256C752F25BE
:107870006C756D730D0A0000524F55474820736BAD
:1078800069703A2066696E6520746172676574205C
:1078900076697369626C6520643D252E32660D0A37
:1078A00000000000524F5547482043454E54455272
:1078B00000000000524F5547482061626F72743AD1
:1078C000206E6F20676C6F62616C20766973696FE0
:1078D0006E0D0000524F55474820676C6F62616C17
:1078E00020783D252E326620793D252E3266206493
:1078F0003D252E32662063656E7465723D25640DEC
:107900000A000000524F55474820646F6E653A20C8
:10791000616C7265616479206E6561722063656E69
:1079200074657220636972636C650D00524F554730
:107930004820646F6E652062792063616C632070FB
:107940006F696E740D000000524F554748206F70EC
:10795000656E2073746172742063616C633D2825C9
:107960002E32662C252E326629207461726765746A
:107970003D28252E32662C252E326629206D6F7605
:10798000653D252E32662073746570733D25640D48
:107990000A000000524F554748206F70656E206303
:1079A0006D64206B3D25642066726F6D3D28252E29
:1079B00032662C252E3266292D3E28252E32662C45
:1079C000252E3266290D0A00524F554748204D4F4B
:1079D0005645204641494C00524F554748206F704C
:1079E000656E20646F6E650D00000000484F4D49C4
:1079F0004E472042592043414D000000484F4D451D
:107A00002061626F72743A20766973696F6E206FBD
:107A100066666C696E650D00524F554748204641B9
:107A2000494C0000484F4D452061626F72743A2006
:107A300066696C7465726564206C6173657220663A
:107A400061696C65640D0000484F4D45206B3D2514
:107A50006420783D252E326620793D252E32662021
:107A6000643D252E32660D0A00000000484F4D454A
:107A7000206F62732064783D252E32662064793D44
:107A8000252E326620206578702064783D252E32C0
:107A9000662064793D252E32660D0A00484F4D451B
:107AA00020696D70726F76653D252E3266206C619F
:107AB00073743D252E3266206E6F773D252E32661B
:107AC0000D0A0000484F4D45204449564552474550
:107AD00000000000434845434B204449522F434196
:107AE0004D000000484F4D452061626F72743A208E
:107AF000646976657267696E672C20636865636B7D
:107B0000206D6F746F7220646972656374696F6E43
:107B1000206F7220766973696F6E20617869730DCA
:107B200000000000484F4D45207374616C653D2591
:107B3000642F25640D0A0000484F4D45204E4F200C
:107B40004741494E00000000434845434B20524FF7
:107B500050452F4944000000484F4D452061626F59
:107B600072743A206D6F746F72732072656163680E
:107B7000656420636F6D6D616E642062757420763C
:107B80006973696F6E20646964206E6F7420636F1F
:107B90006E76657267650D00484F4D4520636865D8
:107BA000636B3A20726F70652074656E73696F6ED7
:107BB0002F736C69702C206D6F746F7220636F72FD
:107BC0006E6572204944206D617070696E672C206B
:107BD000616E64204C4153455220636F6F7264693B
:107BE0006E61746520736F757263650D000000002F
:107BF000484F4D452052414E474500004D4F564598
:107C0000204D414E55414C00484F4D452061626F1B
:107C100072743A2063757272656E7420706F696E4B
:107C200074206F7574206F662072616E67650D0039
:107C3000484F4D4520636D64206B3D256420746181
:107C4000726765743D28252E32662C252E326629F2
:107C500020737465703D252E32660D0A0000000009
:107C6000484F4D45206D6F7665206D6F64653D52C0
:107C7000454C4158206761696E28543D252E326677
:107C800020503D252E3266290D0A0000484F4D45F3
:107C9000206D6F7665206D6F64653D455841435496
:107CA0000D000000484F4D452061626F72743A200C
:107CB0006E6F742063656E74657265640D000000FC
:107CC000484F4D45205A45524F204641494C0000EF
:107CD000484F4D4520444F4E45000000484F4D450C
:107CE00020646F6E650D00004D4F56494E470000F1
:107CF0004D4F5645204641494C00000050415452DA
:107D00004F4C2041424F5254000000005041545209
:107D10004F4C0000504154524F4C205241570000EC
:107D200052455455524E20484F4D45004344505201
:107D30002072656164792072783D2573206C6F67CD
:107D40003D257320656E633D25733B204B455930BF
:107D5000207A65726F2C2050413020706174726FF0
:107D60006C2C204B455931206F726465720D0A00EE
:107D700000000000000000000102030406070809DB
:107D800000000000010203040203040506070809BD
:107D90000A0B0C0D0E0F1010010200000000F0C1C4
:107DA0000000F0410000F0410000F0C10000F0C10F
:107DB0000000F0410000F0C10000F041000088C068
:107DC0000000884000008840000088C0000050C0CB
:107DD00000005040000050C000005040010002036D
:107DE000000080C000008040AC4901080000000095
:107DF000000000C100000041B4490108000000007B
:107E0000000040C100003841BC49010800000000EA
:107E1000000080C100007041C44901080100000059
:107E20000000804000008040C849010800000000B8
:107E30000000004100000041D0490108000000009E
:107E40000000404100004041D84901080000000006
:107E50000000804100008C41E04901080200000060
:107E600000008040000080C0E449010800000000DC
:107E700000000041000000C1EC49010800000000C2
:107E800000004041000038C1F44901080000000032
:107E900000008041000070C1FC490108030000009F
:107EA000000080C0000080C0004A010800000000FF
:107EB000000000C1000000C1084A010800000000E5
:107EC000000040C1000038C1104A01080000000055
:107ED000000080C1000070C1184A010804000000C1
:107EE000C449010801000000E07D01080400000011
:107EF000E049010802000000207E010804000000A3
:107F0000FC49010803000000607E01080400000035
:107F1000184A010804000000A07E010804000000C7
:107F20000000A0C10000A0410000A0410000A0C1CD
:107F30000000A0410000A0410000A0C10000A0C1BD
:107F40000000A0C10000A0410000A0410000A0C1AD
:107F50000000A0410000A0410000A0C10000A0C19D
:107F6000000000000000A0C10000A0410000A0C16E
:107F70000000A041000000000000A0410000A0415E
:107F80000000A0C10000A0C100000000000000002F
:107F9000080808080800000000363600000000004D
:107FA00020100804020000000060600000000000D3
:107FB0003E5149453E00000000427F400000000065
:107FC00042615149460000002141454B310000000B
:107FD0001814127F100000002745454539000000A5
:107FE0003C4A4949300000000171090503000000C6
:107FF0003649494936000000064949291E0000005B
:108000007E1111117E0000007F49494936000000B1
:108010003E414141220000007F4141221C000000FE
:108020007F494949410000007F090909010000001A
:108030003E4149497A0000007F0808087F0000009F
:1080400000417F41000000002040413F010000004E
:108050007F081422410000007F40404040000000A3
:108060007F020C027F0000007F0408107F000000E8
:108070003E4141413E0000007F0909090600000021
:108080003E4151215E0000007F0919294600000091
:10809000464949493100000001017F01010000000B
:1080A0003F4040403F0000001F2040201F000000D4
:1080B0003F4038403F000000631408146300000094
:1080C000070870080700000061514945430000009F
:1080D00002015109060000006042A20D0000803F2D
:1080E0002E00494E4600696E66004E414E006E619C
:1080F0006E00300030313233343536373839414252
:1081000043444546003031323334353637383961EF
:108110006263646566004300504F53495800496EDE
:1081200066696E697479004E614E005245454E5441
:10813000206D616C6C6F6320737563636565646546
:1081400064002F6275696C642F676E752D746F6F94
:108150006C732D666F722D73746D33325F31342EF4
:10816000332E72656C312E32303235313032372D4C
:10817000303730302F7372632F6E65776C69622FE2
:108180006E65776C69622F6C6962632F7374646CBF
:1081900069622F64746F612E630042616C6C6F635F
:1081A00020737563636565646564002F6275696C2F
:1081B000642F676E752D746F6F6C732D666F722DE3
:1081C00073746D33325F31342E332E72656C312E01
:1081D00032303235313032372D303730302F737204
:1081E000632F6E65776C69622F6E65776C69622F9D
:1081F0006C6962632F7374646C69622F6764746F57
:10820000612D6765746865782E63002F6275696CEF
:10821000642F676E752D746F6F6C732D666F722D82
:1082200073746D33325F31342E332E72656C312EA0
:1082300032303235313032372D303730302F7372A3
:10824000632F6E65776C69622F6E65776C69622F3C
:108250006C6962632F7374646C69622F6D707265F0
:10826000632E6300232D302B2000686C4C00656664
:1082700067454647002C2066756E6374696F6E3AD9
:108280002000617373657274696F6E2022257322FA
:10829000206661696C65643A2066696C65202225F8
:1082A00073222C206C696E65202564257325730A62
:1082B0000000000034000000CEFBFFFFCB030000F5
:1082C000010000000000000035000000CEFBFFFFB1
:1082D000CB030000010000000000000000000000CF
:1082E000BC89D897B2D29C3C33A7A8D523F649398C
:1082F0003DA7F444FD0FA5329D978CCF08BA5B25AE
:10830000436FAC6428066811002020202020202024
:108310002020282828282820202020202020202035
:108320002020202020202020208810101010101045
:108330001010101010101010100404040404040491
:10834000040404101010101010104141414141412B
:10835000010101010101010101010101010101010D
:10836000010101011010101010104242424242421D
:1083700002020202020202020202020202020202DD
:108380000202020210101010200000000000000085
:1083900000000000000000000000000000000000DD
:1083A00000000000000000000000000000000000CD
:1083B00000000000000000000000000000000000BD
:1083C00000000000000000000000000000000000AD
:1083D000000000000000000000000000000000009D
:1083E000000000000000000000000000000000008D
:1083F000000000000000000000000000000000007D
:108400000000000000000000000000000500000067
:10841000190000007D0000000080E03779C341436F
:10842000176E05B5B5B89346F5F93FE9034F384DDA
:10843000321D30F94877825A3CBF737FDD4F157586
:10844000000000000000F03F000000000000244099
:1084500000000000000059400000000000408F4074
:10846000000000000088C34000000000006AF840DF
:108470000000000080842E4100000000D012634103
:108480000000000084D797410000000065CDCD4179
:10849000000000205FA00242000000E8764837425A
:1084A000000000A2941A6D42000040E59C30A242F8
:1084B0000000901EC4BCD64200003426F56B0C436D
:1084C0000080E03779C3414300A0D8855734764314
:1084D00000C84E676DC1AB43003D9160E458E14375
:1084E000408CB5781DAF154450EFE2D6E41A4B44EA
:1084F00092D54D06CFF08044F64AE1C7022DB5442F
:08850000B49DD9794378EA44E7
:08850800F886FE7F010000006F
:048510000D02000850
:04851400E901000871
:1085180000127A001000000001000000FFFFFFFFBA
:10852800000102030000000003000000C40C00204A
:1085380043000000000000000000000000000000F0
:108548000000000000000000000000000000000023
:1085580043000000000000000000000000000000D0
:108568000000000000000000000000000000000003
:1085780043000000000000000000000000000000B0
:1085880000000000000000000000000000000000E3
:108598004300000000000000000000000000000090
:1085A80000000000000000000000000000000000C3
:1085B8004300000000000000000000000000000070
:1085C80000000000000000000000000000000000A3
:1085D8004300000000000000000000000000000050
:1085E8000000000000000000000000000000000083
:1085F8004300000000000000000000000000000030
:108608000000000000000000000000000000000062
:10861800D13A01084131010800000000088301082F
:10862800E0800108B0820108B0820108B082010828
:10863800B0820108B0820108B0820108B082010846
:10864800B0820108B0820108FFFFFFFFFFFFFFFFB4
:10865800FFFFFFFFFFFF00000100415343494900AE
:108668000000000000000000000000000000000002
:108678000000000000000000000041534349490089
:1086880000000000000000000000000000000000E2
:108698000000000000000000000000009001002021
:1086A80000000000C40C00202C0D0020940D0020B8
:1086B80000000000000000000000000000000000B2
:1086C80000000000000000000000000000000000A2
:1086D8000000000000000000000000000000000092
:0C86E80000000000000000000000000086
:040000050800582D6A
:00000001FF
