:020000040800F2
:1000000000C000200D5900087156000879560008FC
:10001000815600088956000891560008000000002B
:10002000000000000000000000000000A5560008CD
:100030009956000800000000B1560008BD5600089F
:1000400055590008555900085559000855590008D8
:1000500055590008555900085559000855590008C8
:1000600055590008555900085559000855590008B8
:1000700055590008555900085559000855590008A8
:10008000C956000855590008555900085559000827
:100090005559000855590008555900085559000888
:1000A0005559000855590008555900085559000878
:1000B000DD560008555900085559000855590008E3
:1000C0005559000855590008555900085559000858
:1000D0005559000855590008F15600080557000801
:1000E0005559000855590008555900085559000838
:1000F0005559000855590008555900085559000828
:100100005559000855590008555900085559000817
:100110005559000855590008555900085559000807
:1001200055590008555900085559000855590008F7
:1001300000000000000000000000000000000000BF
:1001400000000000000000000000000000000000AF
:10015000000000000000000000000000000000009F
:10016000000000000000000000000000000000008F
:10017000000000000000000000000000000000007F
:10018000000000000000000000000000000000006F
:10019000000000000000000000000000000000005F
:1001A000000000000000000000000000000000004F
:1001B000000000000000000000000000000000003F
:1001C000000000000000000000000000000000002F
:1001D000000000000000000000000000000000001F
:0401E0005FF8E0F1F3
:1001E80010B5054C237833B9044B13B10448AFF369
:1001F80000800123237010BDDC01002000000000F6
:100208009C23010808B5034B1BB103490348AFF30E
:10021800008008BD00000000E00100209C230108C8
:1002280081F0004102E000BF83F0004330B54FEA9F
:1002380041044FEA430594EA050F08BF90EA020F0C
:100248001FBF54EA000C55EA020C7FEA645C7FEA9F
:10025800655C00F0E2804FEA5454D4EB5555B8BFC2
:100268006D420CDD2C4480EA020281EA030382EA33
:10027800000083EA010180EA020281EA0303362DC5
:1002880088BF30BD11F0004F4FEA01314FF4801C98
:100298004CEA113102D0404261EB410113F0004FAA
:1002A8004FEA03334CEA133302D0524263EB430361
:1002B80094EA050F00F0A780A4F10104D5F1200EFF
:1002C8000DDB02FA0EFC22FA05F2801841F100015A
:1002D80003FA0EF2801843FA05F359410EE0A5F12E
:1002E80020050EF1200E012A03FA0EFC28BF4CF05F
:1002F800020C43FA05F3C01851EBE37101F0004515
:1003080007D54FF0000EDCF1000C7EEB00006EEB21
:100318000101B1F5801F1BD3B1F5001F0CD34908AB
:100328005FEA30004FEA3C0C04F101044FEA445202
:1003380012F5800F80F09A80BCF1004F08BF5FEA89
:10034800500C50F1000041EB045141EA050130BD69
:100358005FEA4C0C404141EB0101013C28BFB1F57B
:10036800801FE9D291F0000F04BF01460020B1FAC6
:1003780081F308BF2033A3F10B03B3F120020CDA99
:100388000C3208DD02F1140CC2F10C0201FA0CF077
:1003980021FA02F10CE002F11402D8BFC2F1200CDC
:1003A80001FA02F120FA0CFCDCBF41EA0C01904092
:1003B800E41AA2BF01EB0451294330BD6FEA0404DB
:1003C8001F3C1CDA0C340EDC04F11404C4F12002C6
:1003D80020FA04F001FA02F340EA030021FA04F3D8
:1003E80045EA030130BDC4F10C04C4F1200220FA2F
:1003F80002F001FA04F340EA0300294630BD21FA6D
:1004080004F0294630BD94F0000F83F4801306BF32
:1004180081F480110134013D4EE77FEA645C18BF26
:100428007FEA655C29D094EA050F08BF90EA020FBD
:1004380005D054EA000C04BF1946104630BD91EAB5
:10044800030F1EBF0021002030BD5FEA545C05D1B8
:100458004000494128BF41F0004130BD14F58004F7
:100468003CBF01F5801130BD01F0004545F0FE416B
:1004780041F470014FF0000030BD7FEA645C1ABFA0
:10048800194610467FEA655C1CBF0B46024650EAD7
:10049800013406BF52EA033591EA030F41F4002103
:1004A80030BD00BF90F0000F04BF0021704730B589
:1004B8004FF4806404F132044FF000054FF000015E
:1004C80050E700BF90F0000F04BF0021704730B51F
:1004D8004FF4806404F1320410F0004548BF4042F4
:1004E8004FF000013EE700BF42004FEAE2014FEA49
:1004F80031014FEA02701FBF12F07F4393F07F4F24
:1005080081F06051704732F07F4208BF704793F026
:100518007F4F04BF41F40021704730B54FF4607439
:1005280001F0004521F000411CE700BF50EA01023C
:1005380008BF704730B54FF000050AE050EA0102E5
:1005480008BF704730B511F0004502D5404261EB55
:1005580041014FF4806404F132045FEA915C3FF496
:10056800D8AE4FF003025FEADC0C18BF03325FEA33
:10057800DC0C18BF033202EBDC02C2F1200300FAE4
:1005880003FC20FA02F001FA03FE40EA0E0021FA09
:1005980002F11444BDE600BF80F0004002E000BF55
:1005A80081F0004142001FBF5FEA410392EA030F56
:1005B8007FEA226C7FEA236C6AD04FEA1262D2EBA0
:1005C8001363C1BFD218414048404140B8BF5B42A5
:1005D800192B88BF704710F0004F40F4000020F03E
:1005E8007F4018BF404211F0004F41F4000121F054
:1005F8007F4118BF494292EA030F3FD0A2F101029E
:1006080041FA03FC10EB0C00C3F1200301FA03F1DB
:1006180000F0004302D5494260EB4000B0F5000FFE
:1006280013D3B0F1807F06D340084FEA310102F1BD
:100638000102FE2A51D2B1F1004F40EBC25008BF6F
:1006480020F0010040EA03007047490040EB000039
:10065800013A28BFB0F5000FEDD2B0FA80FCACF13A
:10066800080CB2EB0C0200FA0CF0AABF00EBC25067
:1006780052421843BCBFD0401843704792F0000F55
:1006880081F4000106BF80F400000132013BB5E7A8
:100698004FEA41037FEA226C18BF7FEA236C21D01E
:1006A80092EA030F04D092F0000F08BF0846704783
:1006B80090EA010F1CBF0020704712F07F4F04D151
:1006C800400028BF40F00040704712F100723CBF64
:1006D80000F50000704700F0004343F0FE4040F48E
:1006E800000070477FEA226216BF08467FEA23634C
:1006F8000146420206BF5FEA412390EA010F40F437
:10070800800070474FF0000304E000BF10F0004382
:1007180048BF40425FEA000C08BF704743F0964369
:1007280001464FF000001CE050EA010208BF704784
:100738004FF000030AE000BF50EA010208BF70470B
:1007480011F0004302D5404261EB41015FEA010C20
:1007580002BF84460146002043F0B64308BFA3F118
:100768008053A3F50003BCFA8CF2083AA3EBC253FA
:1007780010DB01FA02FC634400FA02FCC2F1200219
:10078800BCF1004F20FA02F243EB020008BF20F050
:100798000100704702F1200201FA02FCC2F12002B6
:1007A80050EA4C0021FA02F243EB020008BF20EAAB
:1007B800DC7070474FF0FF0C1CEAD0521EBF1CEAD9
:1007C800D15392EA0C0F93EA0C0F6FD01A4480EAC7
:1007D800010C400218BF5FEA41211ED04FF00063B0
:1007E80043EA501043EA5111A0FB01310CF00040DC
:1007F800B1F5000F3EBF490041EAD3715B0040EA02
:10080800010062F17F02FD2A1DD8B3F1004F40EBD1
:10081800C25008BF20F00100704790F0000F0CF0A4
:10082800004C08BF49024CEA502040EA51207F3A68
:10083800C2BFD2F1FF0340EAC250704740F4000043
:100848004FF00003013A5DDC12F1190FDCBF00F034
:1008580000407047C2F10002410021FA02F1C2F1E2
:10086800200200FA02FC5FEA310040F1000053EA7E
:100878004C0308BF20EADC70704792F0000F00F0CC
:10088800004C02BF400010F4000F013AF9D040EAD2
:100898000C0093F0000F01F0004C02BF490011F466
:1008A800000F013BF9D041EA0C018FE70CEAD15364
:1008B80092EA0C0F18BF93EA0C0F0AD030F0004CE4
:1008C80018BF31F0004CD8D180EA010000F0004098
:1008D800704790F0000F17BF90F0004F084691F056
:1008E800000F91F0004F14D092EA0C0F01D1420290
:1008F8000FD193EA0C0F03D14B0218BF084608D159
:1009080080EA010000F0004040F0FE4040F40000A2
:10091800704740F0FE4040F4400070474FF0FF0C35
:100928001CEAD0521EBF1CEAD15392EA0C0F93EA7C
:100938000C0F69D0A2EB030280EA010C49024FEACE
:10094800402037D04FF0805343EA111143EA101387
:100958000CF000408B4238BF5B0042F17D024FF43F
:10096800000C8B4224BF5B1A40EA0C00B3EB510F1A
:1009780024BFA3EB510340EA5C00B3EB910F24BF03
:10098800A3EB910340EA9C00B3EBD10F24BFA3EB88
:10099800D10340EADC001B0118BF5FEA1C1CE0D150
:1009A800FD2A3FF650AF8B4240EBC25008BF20F003
:1009B800010070470CF0004C4CEA50207F32C2BF57
:1009C800D2F1FF0340EAC250704740F400004FF0F4
:1009D8000003013A37E792F0000F00F0004C02BF25
:1009E800400010F4000F013AF9D040EA0C0093F0EF
:1009F800000F01F0004C02BF490011F4000F013B49
:100A0800F9D041EA0C0195E70CEAD15392EA0C0FB0
:100A180008D142027FF47DAF93EA0C0F7FF470AFE8
:100A2800084676E793EA0C0F04D14B023FF44CAF2B
:100A380008466EE730F0004C18BF31F0004CCAD1C0
:100A480030F000427FF45CAF31F000437FF43CAFFC
:100A58005FE700BF4FF0FF3C06E000BF4FF0010C1E
:100A680002E000BF4FF0010C4DF804CD4FEA400200
:100A78004FEA41037FEA226C18BF7FEA236C11D04A
:100A880001B052EA530C18BF90EA010F58BFB2EBFD
:100A9800030088BFC81738BF6FEAE17018BF40F07D
:100AA800010070477FEA226C02D15FEA402C05D131
:100AB8007FEA236CE4D15FEA412CE1D05DF8040BB6
:100AC800704700BF844608466146FFE70FB5FFF749
:100AD800C9FF002848BF10F1000F0FBD4DF808ED01
:100AE800FFF7F4FF0CBF012000205DF808FB00BFF2
:100AF8004DF808EDFFF7EAFF34BF012000205DF84C
:100B080008FB00BF4DF808EDFFF7E0FF94BF012098
:100B180000205DF808FB00BF4DF808EDFFF7D2FF95
:100B280094BF012000205DF808FB00BF4DF808EDD8
:100B3800FFF7C8FF34BF012000205DF808FB00BFA5
:100B48004FEA40024FEA41037FEA226C02D15FEA92
:100B5800402C08D17FEA236C02D15FEA412C02D1F4
:100B68004FF0000070474FF00100704742000ED26E
:100B7800B2F1FE4F0BD34FF09E03B3EB126209D4D0
:100B88004FEA002343F0004323FA02F070474FF086
:100B98000000704712F1610F01D1420202D14FF0FB
:100BA800FF3070474FF00000704700BF10F8012B6E
:100BB80011F8013B012A28BF9A42F7D0D01A704792
:100BC800034613F8012B002AFBD1181A0138704785
:100BD80070B54FF0FF0C4CF4E06C1CEA11541DBFCB
:100BE8001CEA135594EA0C0F95EA0C0F00F0DEF896
:100BF8002C4481EA030621EA4C5123EA4C5350EA7B
:100C0800013518BF52EA033541F4801143F48013CB
:100C180038D0A0FB02CE4FF00005E1FB02E506F05C
:100C28000042E0FB03E54FF00006E1FB03569CF0B1
:100C3800000F18BF4EF0010EA4F1FF04B6F5007FB7
:100C480064F5407404D25FEA4E0E6D4146EB060629
:100C580042EAC62141EA55514FEAC52040EA5E50B2
:100C68004FEACE2EB4F1FD0C88BFBCF5E06F1ED85C
:100C7800BEF1004F08BF5FEA500E50F1000041EB93
:100C8800045170BD06F0004646EA010140EA020040
:100C980081EA0301B4EB5C04C2BFD4EB0C0541EA62
:100CA800045170BD41F480114FF0000E013C00F377
:100CB800AB8014F1360FDEBF002001F0004170BD9B
:100CC800C4F10004203C35DA0C341BDC04F11404B4
:100CD800C4F1200500FA05F320FA04F001FA05F240
:100CE80040EA020001F0004221F0004110EBD3700D
:100CF80021FA04F642EB06015EEA430E08BF20EA39
:100D0800D37070BDC4F10C04C4F1200500FA04F3DB
:100D180020FA05F001FA04F240EA020001F000416D
:100D280010EBD37041F100015EEA430E08BF20EAE0
:100D3800D37070BDC4F1200500FA05F24EEA020E28
:100D480020FA04F301FA05F243EA020321FA04F057
:100D580001F0004121FA04F220EA020000EBD3700E
:100D68005EEA430E08BF20EAD37070BD94F0000F0E
:100D78000FD101F00046400041EB010111F4801F42
:100D880008BF013CF7D041EA060195F0000F18BFF3
:100D9800704703F00046520043EB030313F4801F2F
:100DA80008BF013DF7D043EA0603704794EA0C0FE9
:100DB8000CEA135518BF95EA0C0F0CD050EA4106FF
:100DC80018BF52EA4306D1D181EA030101F000417C
:100DD8004FF0000070BD50EA410606BF10461946A4
:100DE80052EA430619D094EA0C0F02D150EA0136B0
:100DF80013D195EA0C0F05D152EA03361CBF1046F1
:100E080019460AD181EA030101F0004141F0FE418F
:100E180041F470014FF0000070BD41F0FE4141F413
:100E2800780170BD70B54FF0FF0C4CF4E06C1CEA13
:100E380011541DBF1CEA135594EA0C0F95EA0C0FC8
:100E480000F0A7F8A4EB050481EA030E52EA033583
:100E58004FEA013100F088804FEA03334FF08055A4
:100E680045EA131343EA12634FEA022245EA1115D1
:100E780045EA10654FEA00260EF000419D4208BF82
:100E8800964244F1FD0404F5407402D25B084FEA2F
:100E98003202B61A65EB03055B084FEA32024FF4DB
:100EA80080104FF4002CB6EB020E75EB030E22BF38
:100EB800B61A754640EA0C005B084FEA3202B6EBF8
:100EC800020E75EB030E22BFB61A754640EA5C00A7
:100ED8005B084FEA3202B6EB020E75EB030E22BF37
:100EE800B61A754640EA9C005B084FEA3202B6EB38
:100EF800020E75EB030E22BFB61A754640EADC00F7
:100F080055EA060E18D04FEA051545EA16754FEA58
:100F180006164FEAC30343EA52734FEAC2025FEA76
:100F28001C1CC0D111F4801F0BD141EA00014FF005
:100F380000004FF0004CB6E711F4801F04BF0143D6
:100F48000020B4F1FD0C88BFBCF5E06F3FF6AFAEF2
:100F5800B5EB030C04BFB6EB020C5FEA500C50F182
:100F6800000041EB045170BD0EF0004E4EEA113105
:100F780014EB5C04C2BFD4EB0C0541EA045170BD0C
:100F880041F480114FF0000E013C90E645EA060E50
:100F98008DE60CEA135594EA0C0F08BF95EA0C0F7E
:100FA8003FF43BAF94EA0C0F0AD150EA01347FF4C6
:100FB80034AF95EA0C0F7FF425AF104619462CE79D
:100FC80095EA0C0F06D152EA03353FF4FDAE104600
:100FD800194622E750EA410618BF52EA43067FF451
:100FE800C5AE50EA41047FF40DAF52EA43057FF4E1
:100FF800EBAE12E74FF0FF3C06E000BF4FF0010CEC
:1010080002E000BF4FF0010C4DF804CD4FEA410C4F
:101018007FEA6C5C4FEA430C18BF7FEA6C5C1BD01C
:1010280001B050EA410C0CBF52EA430C91EA030F9D
:1010380002BF90EA020F0020704710F1000F91EAFA
:10104800030F58BF994208BF90422CBFD8176FEAC8
:10105800E37040F0010070474FEA410C7FEA6C5C96
:1010680002D150EA013C07D14FEA430C7FEA6C5C9D
:10107800D6D152EA033CD3D05DF8040B704700BFC9
:101088008446104662468C461946634600E000BF17
:1010980001B5FFF7B7FF002848BF10F1000F01BDE9
:1010A8004DF808EDFFF7F4FF0CBF012000205DF8B4
:1010B80008FB00BF4DF808EDFFF7EAFF34BF012039
:1010C80000205DF808FB00BF4DF808EDFFF7E0FFD2
:1010D80094BF012000205DF808FB00BF4DF808ED23
:1010E800FFF7CEFF94BF012000205DF808FB00BF8A
:1010F8004DF808EDFFF7C4FF34BF012000205DF86C
:1011080008FB00BF4FEA410C7FEA6C5C02D150EA51
:10111800013C0AD14FEA430C7FEA6C5C02D152EAE7
:10112800033C02D14FF0000070474FF001007047B8
:101138004FEA410212F5001215D211D56FF47873F7
:10114800B3EB625212D94FEAC12343F0004343EA9A
:10115800505311F0004F23FA02F018BF4042704775
:101168004FF00000704750EA013005D111F00040FF
:1011780008BF6FF0004070474FF00000704700BF95
:101188004A0011D212F5001211D20DD56FF47873FE
:10119800B3EB62520ED44FEAC12343F0004343EA53
:1011A800505323FA02F070474FF00000704750EA9E
:1011B800013002D14FF0FF3070474FF00000704708
:1011C8004FEA4102B2F1E04324BFB3F5001CDCF161
:1011D800FE5C0DD901F0004C4FEAC0024CEA507099
:1011E800B2F1004F40EB830008BF20F001007047C8
:1011F80011F0804F21D113F13872BCBF01F00040CB
:10120800704741F480114FEA5252C2F11802C2F1FC
:10121800200C10FA0CF320FA02F018BF40F001007D
:101228004FEAC1234FEAD32303FA0CFC40EA0C002F
:1012380023FA02F34FEA4303CCE77FEA625307D16C
:1012480050EA01331EBF4FF0FE4040F440007047A3
:1012580001F0004040F0FE4040F40000704700BF3D
:1012680038B50022002304460D46FFF723FF28B9AE
:1012780020462946BDE8384000F00AB8204605F166
:10128800004100F005F8404261EB410138BD00BF64
:10129800D0B500220B4B06460F46FFF799FCFFF727
:1012A8006FFF0446FFF7FEF80022074BFFF790FC9C
:1012B80002460B4630463946FEF7B6FFFFF760FF99
:1012C8002146D0BD0000F03D0000F04180B400AFE1
:1012D80000BFBD4680BC704780B582B000AF786063
:1012E8007B68002B01D1012341E07B6893F83D30F6
:1012F800DBB2002B06D17B68002283F83C2078689B
:1013080004F016F87B68022283F83D207B681A688F
:101318007B6804331946104600F012FA7B680122F4
:1013280083F846207B68012283F83E207B680122EF
:1013380083F83F207B68012283F840207B680122E4
:1013480083F841207B68012283F842207B680122D0
:1013580083F843207B68012283F844207B680122BC
:1013680083F845207B68012283F83D200023184636
:101378000837BD4680BD80B584B000AF78607B6813
:101388001B68DB68FB607B681B681B69BB60BB680C
:1013980003F00203002B20D0FB6803F00203002BAC
:1013A8001BD07B681B686FF002021A617B68012200
:1013B8001A777B681B689B6903F00303002B03D033
:1013C800786800F0A1F905E0786800F094F9786889
:1013D80000F0A3F97B6800221A77BB6803F00403C6
:1013E800002B20D0FB6803F00403002B1BD07B6884
:1013F8001B686FF004021A617B6802221A777B6807
:101408001B689B6903F44073002B03D0786800F0D5
:101418007BF905E0786800F06EF9786800F07DF9EE
:101428007B6800221A77BB6803F00803002B20D0E2
:10143800FB6803F00803002B1BD07B681B686FF068
:1014480008021A617B6804221A777B681B68DB69CB
:1014580003F00303002B03D0786800F055F905E08A
:10146800786800F048F9786800F057F97B6800223E
:101478001A77BB6803F01003002B20D0FB6803F039
:101488001003002B1BD07B681B686FF010021A61D9
:101498007B6808221A777B681B68DB6903F4407352
:1014A800002B03D0786800F02FF905E0786800F089
:1014B80022F9786800F031F97B6800221A77BB6856
:1014C80003F00103002B0CD0FB6803F00103002B91
:1014D80007D07B681B686FF001021A61786800F01A
:1014E80001F9BB6803F08003002B0CD0FB6803F004
:1014F8008003002B07D07B681B686FF080021A619D
:10150800786800F0AEFABB6803F04003002B0CD0FB
:10151800FB6803F04003002B07D07B681B686FF063
:1015280040021A61786800F001F9BB6803F02003F3
:10153800002B0CD0FB6803F02003002B07D07B683E
:101548001B686FF020021A61786800F081FA00BF0A
:101558001037BD4680BD80B584B000AF7860396073
:101568000023FB737B6893F83C30012B01D10223E5
:10157800B4E07B68012283F83C207B68022283F870
:101588003D207B681B689B68BB60BB6823F07703C2
:10159800BB60BB6823F47F43BB607B681B68BA6889
:1015A8009A603B681B68B3F5005F3ED0B3F5005FF7
:1015B80000F28780B3F5805F00F08680B3F5805F26
:1015C8007FD8702B1AD0702B7BD8602B50D0602B13
:1015D80077D8502B3CD0502B73D8402B58D0402B69
:1015E8006FD8302B64D0302B6BD8202B60D0202BB9
:1015F80067D8002B5CD0102B5AD062E07B68186843
:101608003B6899683B685A683B68DB6800F095F965
:101618007B681B689B68BB60BB6843F07703BB6053
:101628007B681B68BA689A604FE07B6818683B68FB
:1016380099683B685A683B68DB6800F07EF97B680C
:101648001B689A687B681B6842F480429A603CE099
:101658007B6818683B6859683B68DB681A4600F085
:10166800F5F87B681B685021184600F04CF92CE00F
:101678007B6818683B6859683B68DB681A4600F065
:1016880013F97B681B686021184600F03CF91CE0E0
:101698007B6818683B6859683B68DB681A4600F045
:1016A800D5F87B681B684021184600F02CF90CE03F
:1016B8007B681A683B681B681946104600F023F9D6
:1016C80003E00123FB7300E000BF7B68012283F87D
:1016D8003D207B68002283F83C20FB7B18461037AE
:1016E800BD4680BD80B483B000AF786000BF0C37C2
:1016F800BD4680BC704780B483B000AF786000BF3F
:101708000C37BD4680BC704780B483B000AF7860AA
:1017180000BF0C37BD4680BC704780B483B000AFB3
:10172800786000BF0C37BD4680BC704780B483B07A
:1017380000AF786000BF0C37BD4680BC7047000022
:1017480080B485B000AF786039607B681B68FB6047
:101758007B68394A934213D07B68384A93420FD04A
:101768007B68B3F1804F0BD07B68354A934207D032
:101778007B68344A934203D07B68334A934208D14A
:10178800FB6823F07003FB603B685B68FA681343EF
:10179800FB607B68284A934213D07B68274A9342B0
:1017A8000FD07B68B3F1804F0BD07B68244A9342FB
:1017B80007D07B68234A934203D07B68224A93422E
:1017C80008D1FB6823F44073FB603B68DB68FA6868
:1017D8001343FB60FB6823F080023B685B6913439B
:1017E800FB607B68FA681A603B689A687B68DA6213
:1017F8003B681A687B689A627B680F4A934203D0F9
:101808007B680E4A934203D13B681A697B681A6366
:101818007B6801225A617B681B6903F00103002B76
:1018280005D07B681B6923F001027B681A6100BF41
:101838001437BD4680BC7047002C0140003401407D
:101848000004004000080040000C004080B487B04D
:1018580000AFF860B9607A60FB681B6A7B61FB685F
:101868001B6A23F00102FB681A62FB689B693B61F3
:101878003B6923F0F0033B617B681B013A69134322
:101888003B617B6923F00A037B617A69BB68134378
:101898007B61FB683A699A61FB687A691A6200BFE2
:1018A8001C37BD4680BC704780B487B000AFF86075
:1018B800B9607A60FB681B6A7B61FB681B6A23F06E
:1018C8001002FB681A62FB689B693B613B6923F461
:1018D80070433B617B681B033A6913433B617B6937
:1018E80023F0A0037B61BB681B017A6913437B610A
:1018F800FB683A699A61FB687A691A6200BF1C370B
:10190800BD4680BC704780B485B000AF7860396050
:101918007B689B68FB60FB6823F07003FB603A6898
:10192800FB68134343F00703FB607B68FA689A601F
:1019380000BF1437BD4680BC704780B487B000AF85
:10194800F860B9607A603B60FB689B687B617B6983
:1019580023F47F437B613B681A027B681A43BB68A8
:1019680013437A6913437B61FB687A699A6000BF05
:101978001C37BD4680BC704780B485B000AF786026
:1019880039607B6893F83C30012B01D1022350E089
:101998007B68012283F83C207B68022283F83D2083
:1019A8007B681B685B68FB607B681B689B68BB6027
:1019B800FB6823F07003FB603B681B68FA681343FD
:1019C800FB607B681B68FA685A607B681B681B4A67
:1019D800934218D07B681B68194A934213D07B68DE
:1019E8001B68B3F1804F0ED07B681B68154A934281
:1019F80009D07B681B68144A934204D07B681B6833
:101A0800124A93420CD1BB6823F08003BB603B6849
:101A18005B68BA681343BB607B681B68BA689A60E6
:101A28007B68012283F83D207B68002283F83C20F4
:101A3800002318461437BD4680BC7047002C01406F
:101A4800003401400004004000080040000C004041
:101A580080B483B000AF786000BF0C37BD4680BC4F
:101A6800704780B483B000AF786000BF0C37BD46C4
:101A780080BC704780B500AF084B1B68074A43F02D
:101A880010031360032001F0EBFB0F2000F008F8AF
:101A980003F03EFE0023184680BD00BF0020024030
:101AA80080B582B000AF7860124B1A68124B1B7871
:101AB80019464FF47A73B3FBF1F3B2FBF3F318460C
:101AC80001F011FC0346002B01D001230EE07B68D6
:101AD8000F2B0AD8002279684FF0FF3001F0CBFBBA
:101AE800064A7B681360002300E001231846083784
:101AF800BD4680BD00000020080000200400002032
:101B080080B400AF054B1B781A46054B1B6813447D
:101B1800034A136000BFBD4680BC70470800002020
:101B2800F801002080B400AF024B1B681846BD4680
:101B380080BC7047F801002080B584B000AF7860A1
:101B4800FFF7F0FFB8607B68FB60FB68B3F1FF3F0D
:101B580005D00A4B1B781A46FB681344FB6000BF8C
:101B6800FFF7E0FF0246BB68D31AFA689A42F7D833
:101B780000BF00BF1037BD4680BD00BF0800002071
:101B880080B586B000AF78607B68002B01D1012357
:101B980072E27B681B6803F00103002B00F087806A
:101BA800924B5B6803F00C03042B0CD08F4B5B68E3
:101BB80003F00C03082B12D18C4B5B6803F48033C1
:101BC800B3F5803F0BD1894B1B6803F40033002B1E
:101BD8006CD07B685B68002B68D101234CE27B6882
:101BE8005B68B3F5803F06D1804B1B687F4A43F49E
:101BF800803313602EE07B685B68002B0CD17B4B35
:101C08001B687A4A23F480331360784B1B68774A41
:101C180023F4802313601DE07B685B68B3F5A02F75
:101C28000CD1724B1B68714A43F4802313606F4BCD
:101C38001B686E4A43F4803313600BE06B4B1B68E0
:101C48006A4A23F480331360684B1B68674A23F49D
:101C5800802313607B685B68002B13D0FFF762FF5B
:101C6800386108E0FFF75EFF02463B69D31A642B30
:101C780001D9032300E25D4B1B6803F40033002BFA
:101C8800F0D014E0FFF74EFF386108E0FFF74AFF95
:101C980002463B69D31A642B01D90323ECE1534B69
:101CA8001B6803F40033002BF0D100E000BF7B6811
:101CB8001B6803F00203002B63D04C4B5B6803F0F6
:101CC8000C03002B0BD0494B5B6803F00C03082B6B
:101CD8001CD1464B5B6803F48033002B16D1434B71
:101CE8001B6803F00203002B05D07B681B69012BDE
:101CF80001D00123C0E13D4B1B6823F0F8027B684B
:101D08005B69DB00394913430B603AE07B681B6968
:101D1800002B20D0364B01221A60FFF703FF3861F1
:101D280008E0FFF7FFFE02463B69D31A022B01D9F0
:101D38000323A1E12D4B1B6803F00203002BF0D015
:101D48002A4B1B6823F0F8027B685B69DB00274994
:101D580013430B6015E0264B00221A60FFF7E2FEE2
:101D6800386108E0FFF7DEFE02463B69D31A022B12
:101D780001D9032380E11D4B1B6803F00203002BEC
:101D8800F0D17B681B6803F00803002B3AD07B680E
:101D98009B69002B19D0174B01221A60FFF7C2FE6E
:101DA800386108E0FFF7BEFE02463B69D31A022BF2
:101DB80001D9032360E10D4B5B6A03F00203002B9A
:101DC800F0D0012000F0CEFA1CE00A4B00221A6085
:101DD800FFF7A8FE38610FE0FFF7A4FE02463B6953
:101DE800D31A022B08D9032346E100BF0010024092
:101DF8000000424280044242924B5B6A03F00203B5
:101E0800002BE9D17B681B6803F00403002B00F06A
:101E1800A6800023FB758B4BDB6903F08053002BF6
:101E28000DD1884BDB69874A43F08053D361854BDA
:101E3800DB6903F08053BB60BB680123FB75824BF1
:101E48001B6803F48073002B18D17F4B1B687E4AF4
:101E580043F480731360FFF765FE386108E0FFF70D
:101E680061FE02463B69D31A642B01D9032303E1BF
:101E7800754B1B6803F48073002BF0D07B68DB681C
:101E8800012B06D16F4B1B6A6E4A43F001031362A4
:101E98002DE07B68DB68002B0CD16A4B1B6A694A12
:101EA80023F001031362674B1B6A664A23F004039D
:101EB80013621CE07B68DB68052B0CD1614B1B6A45
:101EC800604A43F0040313625E4B1B6A5D4A43F0A9
:101ED800010313620BE05B4B1B6A5A4A23F00103B0
:101EE8001362584B1B6A574A23F0040313627B683A
:101EF800DB68002B15D0FFF715FE38610AE0FFF705
:101F080011FE02463B69D31A41F28832934201D945
:101F18000323B1E04B4B1B6A03F00203002BEED006
:101F280014E0FFF7FFFD38610AE0FFF7FBFD02460A
:101F38003B69D31A41F28832934201D903239BE0CB
:101F4800404B1B6A03F00203002BEED1FB7D012BF3
:101F580005D13C4BDB693B4A23F08053D3617B6856
:101F6800DB69002B00F08780364B5B6803F00C03BD
:101F7800082B61D07B68DB69022B46D1334B0022EA
:101F88001A60FFF7CFFD386108E0FFF7CBFD024686
:101F98003B69D31A022B01D903236DE0294B1B6837
:101FA80003F00073002BF0D17B681B6AB3F5803F08
:101FB80008D1244B5B6823F400327B689B68214975
:101FC80013434B601F4B5B6823F474127B68196AD8
:101FD8007B685B6A0B431B4913434B601B4B012215
:101FE8001A60FFF79FFD386108E0FFF79BFD024686
:101FF8003B69D31A022B01D903233DE0114B1B681F
:1020080003F00073002BF0D035E0104B00221A606B
:10201800FFF788FD386108E0FFF784FD02463B6959
:10202800D31A022B01D9032326E0064B1B6803F0C1
:102038000073002BF0D11EE07B68DB69012B07D110
:10204800012319E000100240007000406000424285
:102058000B4B5B68FB60FB6803F480327B681B6A90
:102068009A4206D1FB6803F470127B685B6A9A4255
:1020780001D0012300E0002318461837BD4680BD73
:102088000010024080B584B000AF786039607B688A
:10209800002B01D10123D0E06A4B1B6803F0070332
:1020A8003A689A4210D9674B1B6823F007026549C2
:1020B8003B6813430B60634B1B6803F007033A68E4
:1020C8009A4201D00123B8E07B681B6803F0020341
:1020D800002B20D07B681B6803F00403002B05D07D
:1020E800594B5B68584A43F4E06353607B681B684C
:1020F80003F00803002B05D0534B5B68524A43F4A6
:1021080060535360504B5B6823F0F0027B689B6818
:102118004D4913434B607B681B6803F00103002B98
:1021280040D07B685B68012B07D1474B1B6803F4E1
:102138000033002B15D101237FE07B685B68022BFD
:1021480007D1414B1B6803F00073002B09D1012311
:1021580073E03D4B1B6803F00203002B01D1012300
:102168006BE0394B5B6823F003027B685B68364998
:1021780013434B60FFF7D6FCF8600AE0FFF7D2FC88
:102188000246FB68D31A41F28832934201D90323ED
:1021980053E02D4B5B6803F00C027B685B689B0087
:1021A8009A42EBD1274B1B6803F007033A689A421F
:1021B80010D2244B1B6823F0070222493B681343C3
:1021C8000B60204B1B6803F007033A689A4201D062
:1021D800012332E07B681B6803F00403002B08D05E
:1021E800194B5B6823F4E0627B68DB68164913438C
:1021F8004B607B681B6803F00803002B09D0124B67
:102208005B6823F460527B681B69DB000E4913434B
:102218004B6000F021F802460B4B5B681B0903F08A
:102228000F030A49CB5C22FA03F3094A1360094BEE
:102238001B681846FFF734FC002318461037BD46C4
:1022480080BD00BF0020024000100240C8460108BF
:10225800000000200400002080B487B000AF0023F5
:10226800FB600023BB6000237B6100237B600023AD
:102278003B611E4B5B68FB60FB6803F00C03042B9F
:1022880002D0082B03D027E0194B3B6127E0FB68FD
:102298009B0C03F00F03174AD35C7B60FB6803F4C5
:1022A8008033002B10D0114B5B685B0C03F00103EB
:1022B800114AD35CBB607B680D4A03FB02F2BB6822
:1022C800B2FBF3F37B6104E07B680C4A02FB03F387
:1022D8007B617B693B6102E0054B3B6100BF3B6969
:1022E80018461C37BD4680BC704700BF001002402E
:1022F80000127A00E0460108F046010800093D0096
:1023080080B400AF024B1B681846BD4680BC7047BE
:102318000000002080B500AFFFF7F2FF0246054B32
:102328005B681B0A03F007030349CB5C22FA03F33B
:10233800184680BD00100240D846010880B500AF9D
:10234800FFF7DEFF0246054B5B68DB0A03F0070375
:102358000349CB5C22FA03F3184680BD0010024003
:10236800D846010880B485B000AF78600A4B1B6876
:102378000A4AA2FB03235B0A7A6802FB03F3FB60A9
:1023880000BFFB685A1EFA60002BF9D100BF00BFDE
:102398001437BD4680BC704700000020D34D621042
:1023A80080B48BB000AF7860396000237B62002373
:1023B8003B6279E101227B6A02FA03F3FB613B6825
:1023C8001B68FA691340BB61BA69FB699A4240F01D
:1023D80068813B685B68964A93425ED0944A934210
:1023E80075D8944A934258D0924A93426FD8924AE9
:1023F800934252D0904A934269D8904A93424CD023
:102408008E4A934263D88E4A934246D08C4A93426E
:102418005DD8122B2AD8122B59D801A252F823F0D2
:10242800A32400087D2400088F240008D124000874
:10243800D7240008D7240008D7240008D724000888
:10244800D7240008D7240008D7240008D724000878
:10245800D7240008D7240008D7240008D724000868
:10246800D72400088524000899240008754A934257
:1024780013D02CE03B68DB683B6229E03B68DB68F3
:1024880004333B6224E03B68DB6808333B621FE0AF
:102498003B68DB680C333B621AE03B689B68002BA7
:1024A80002D104233B6213E03B689B68012B05D1F2
:1024B80008233B627B68FA691A6109E008233B62DA
:1024C8007B68FA695A6103E000233B6200E000BFC1
:1024D800BB69FF2B01D87B6801E07B6804337B6113
:1024E800BB69FF2B02D87B6A9B0002E07B6A083B32
:1024F8009B003B617B691A680F213B6901FA03F372
:10250800DB431A40396A3B6901FA03F31A437B69D2
:102518001A603B685B6803F08053002B00F0C180B1
:10252800494B9B69484A43F001039361464B9B69B9
:1025380003F00103BB60BB68444A7B6A9B08023313
:1025480052F82330FB607B6A03F003039B000F22E1
:1025580002FA03F3DB43FA681340FB607B683C4AEA
:1025680093421FD07B683B4A934219D07B683A4A12
:10257800934213D07B68394A93420DD07B68384A1E
:10258800934207D07B68374A934201D105230AE07A
:10259800062308E0042306E0032304E0022302E004
:1025A800012300E000237A6A02F0030292009340BC
:1025B800FA681343FB6025497B6A9B080233FA6873
:1025C80041F823203B685B6803F48013002B06D096
:1025D800254B9A682449BB6913438B6006E0224B5C
:1025E8009A68BB69DB43204913408B603B685B6892
:1025F80003F40013002B06D01B4BDA681A49BB6999
:102608001343CB6006E0184BDA68BB69DB43164915
:102618001340CB603B685B6803F40033002B25D084
:10262800114B5A681049BB6913434B6025E000BF42
:1026380000003210000031100000221000002110AC
:1026480000001210000011100010024000000140AC
:1026580000080140000C0140001001400014014036
:1026680000180140001C014000040140154B5A6845
:10267800BB69DB43134913404B603B685B6803F459
:102688008033002B06D00F4B1A680E49BB691343E1
:102698000B6006E00B4B1A68BB69DB430949134022
:1026A8000B607B6A01337B623B681A687B6A22FA9B
:1026B80003F3002B7FF47EAE00BF00BF2C37BD466E
:1026C80080BC70470004014080B485B000AF7860DA
:1026D8000B467B807B689A687B881340002B02D06E
:1026E8000123FB7301E00023FB73FB7B18461437BF
:1026F800BD4680BC704780B483B000AF78600B469D
:102708007B8013467B707B78002B03D07A887B68AC
:102718001A6103E07B881A047B681A6100BF0C37D2
:10272800BD4680BC7047000080B485B000AF7860BB
:102738000023FB607B68002B01D1012359E07B68F3
:102748001B681A462D4B9A420FD87B681B681A469D
:102758002B4B13442B4AA2FB03231B099A007B68CB
:102768001A647B68284ADA630EE07B681B681A469D
:10277800264B1344234AA2FB03231B099A007B68B8
:102788001A647B68224ADA637B68022283F8212074
:102798007B681B681B68FB60FB6823F47F5323F08E
:1027A8003003FB607B685A687B689B681A437B68C8
:1027B800DB681A437B681B691A437B685B691A43A9
:1027C8007B689B691A437B68DB691343FA68134388
:1027D800FB607B681B68FA681A607B6800229A6352
:1027E8007B68012283F821207B68002283F820205F
:1027F800002318461437BD4680BC704707040240C2
:10280800F8FFFDBFCDCCCCCC00000240F8FBFDBFEB
:102818000004024080B586B000AFF860B9607A6005
:102828003B600023FB75FB6893F82030012B01D136
:1028380002234BE0FB68012283F82020FB6893F811
:102848002130DBB2012B3AD1FB68022283F8212028
:10285800FB6800229A63FB681B681A68FB681B68A0
:1028680022F001021A603B687A68B968F86800F0DB
:10287800BCFBFB68DB6A002B08D0FB681B681A6886
:10288800FB681B6842F00E021A600FE0FB681B68C9
:102898001A68FB681B6822F004021A60FB681B6850
:1028A8001A68FB681B6842F00A021A60FB681B681A
:1028B8001A68FB681B6842F001021A6005E0FB68B1
:1028C800002283F820200223FB75FB7D1846183769
:1028D800BD4680BD80B485B000AF78600023FB732F
:1028E8007B6893F82130DBB2022B08D07B68042286
:1028F8009A637B68002283F82020012320E07B680C
:102908001B681A687B681B6822F00E021A607B68D5
:102918001B681A687B681B6822F001021A607B68D2
:102928001A6C7B68DB6B012101FA02F25A607B6842
:10293800012283F821207B68002283F82020FB7B7A
:1029480018461437BD4680BC7047000080B584B077
:1029580000AF78600023FB737B6893F82130DBB20B
:10296800022B05D07B6804229A630123FB73D6E00F
:102978007B681B681A687B681B6822F00E021A6065
:102988007B681B681A687B681B6822F001021A6062
:102998007B681B681A46644B9A4258D97B681B6847
:1029A800624A93424FD07B681B68614A934248D081
:1029B8007B681B685F4A934240D07B681B685E4A0D
:1029C800934238D07B681B685C4A934230D07B685E
:1029D8001B685B4A934228D07B681B68524A934223
:1029E80020D07B681B68574A934219D07B681B68C4
:1029F800554A934212D07B681B68544A93420AD0C6
:102A08007B681B68524A934202D14FF480531BE003
:102A18004FF4803318E04FF4807315E0102313E06F
:102A2800012311E04FF080730EE04FF480130BE0A8
:102A38004FF4803308E04FF4805305E04FF480737F
:102A480002E0102300E00123424A536057E07B680C
:102A58001B68364A93424FD07B681B68344A9342BE
:102A680048D07B681B68334A934240D07B681B6818
:102A7800314A934238D07B681B68304A934230D041
:102A88007B681B682E4A934228D07B681B68264ABD
:102A9800934220D07B681B682A4A934219D07B68EE
:102AA8001B68294A934212D07B681B68274A9342C5
:102AB8000AD07B681B68264A934202D14FF48053A0
:102AC8001BE04FF4803318E04FF4807315E01023B7
:102AD80013E0012311E04FF080730EE04FF48013F0
:102AE8000BE04FF4803308E04FF4805305E04FF4D7
:102AF800807302E0102300E00123174A53607B68CB
:102B0800012283F821207B68002283F820207B683B
:102B18005B6B002B03D07B685B6B78689847FB7B0B
:102B280018461037BD4680BD8000024008000240AC
:102B38001C0002403000024044000240580002409D
:102B48006C000240080402401C04024030040240A9
:102B580044040240000402400000024080B584B0F2
:102B680000AF78607B68DB6B1B68FB607B681B6869
:102B78001B68BB607B681B6C04229A40FB6813408F
:102B8800002B00F0F180BB6803F00403002B00F079
:102B9800EB807B681B681B6803F02003002B07D1C0
:102BA8007B681B681A687B681B6822F004021A603D
:102BB8007B681B681A465F4B9A4258D97B681B682A
:102BC8005D4A93424FD07B681B685C4A934248D069
:102BD8007B681B685A4A934240D07B681B68594AF5
:102BE800934238D07B681B68574A934230D07B6841
:102BF8001B68564A934228D07B681B684D4A93420B
:102C080020D07B681B68524A934219D07B681B68A6
:102C1800504A934212D07B681B684F4A93420AD0AD
:102C28007B681B684D4A934202D14FF480431BE0F6
:102C38004FF4802318E04FF4806315E0402313E03D
:102C4800042311E04FF080630EE04FF480030BE0A3
:102C58004FF4802308E04FF4804305E04FF480638D
:102C680002E0402300E004233D4A536057E07B68BC
:102C78001B68314A93424FD07B681B682F4A9342A6
:102C880048D07B681B682E4A934240D07B681B68FB
:102C98002C4A934238D07B681B682B4A934230D029
:102CA8007B681B68294A934228D07B681B68214AA5
:102CB800934220D07B681B68254A934219D07B68D1
:102CC8001B68244A934212D07B681B68224A9342AD
:102CD8000AD07B681B68214A934202D14FF4804393
:102CE8001BE04FF4802318E04FF4806315E0402385
:102CF80013E0042311E04FF080630EE04FF48003EB
:102D08000BE04FF4802308E04FF4804305E04FF4D4
:102D1800806302E0402300E00423124A53607B688A
:102D2800DB6A002B00F036817B68DB6A786898479D
:102D380030E100BF80000240080002401C00024051
:102D48003000024044000240580002406C0002403B
:102D5800080402401C0402403004024044040240BB
:102D680000040240000002407B681B6C02229A406B
:102D7800FB681340002B00F0DD80BB6803F0020302
:102D8800002B00F0D7807B681B681B6803F02003CA
:102D9800002B0BD17B681B681A687B681B6822F0C4
:102DA8000A021A607B68012283F821207B681B686D
:102DB8001A467B4B9A4258D97B681B68794A9342DA
:102DC8004FD07B681B68784A934248D07B681B6861
:102DD800764A934240D07B681B68754A934238D044
:102DE8007B681B68734A934230D07B681B68724AC1
:102DF800934228D07B681B68694A934220D07B683D
:102E08001B686E4A934219D07B681B686C4A9342D0
:102E180012D07B681B686B4A93420AD07B681B6898
:102E2800694A934202D14FF400531BE04FF4003338
:102E380018E04FF4007315E0202313E0022311E09B
:102E48004FF000730EE04FF400130BE04FF4003323
:102E580008E04FF4005305E04FF4007302E020232C
:102E680000E00223594A536057E07B681B684D4ACB
:102E780093424FD07B681B684B4A934248D07B688B
:102E88001B684A4A934240D07B681B68484A934271
:102E980038D07B681B68474A934230D07B681B68F0
:102EA800454A934228D07B681B683D4A934220D00C
:102EB8007B681B68414A934219D07B681B68404A6B
:102EC800934212D07B681B683E4A93420AD07B68C3
:102ED8001B683D4A934202D14FF400531BE04FF464
:102EE800003318E04FF4007315E0202313E00223A9
:102EF80011E04FF000730EE04FF400130BE04FF4B5
:102F0800003308E04FF4005305E04FF4007302E08B
:102F1800202300E002232E4A53607B68002283F8B6
:102F280020207B689B6A002B34D07B689B6A78687A
:102F380098472FE07B681B6C08229A40FB68134077
:102F4800002B28D0BB6803F00803002B23D07B6834
:102F58001B681A687B681B6822F00E021A607B687F
:102F68001A6C7B68DB6B012101FA02F25A607B68FC
:102F780001229A637B68012283F821207B68002262
:102F880083F820207B681B6B002B04D07B681B6BAD
:102F98007868984700BF00BF1037BD4680BD00BFA6
:102FA80080000240080002401C000240300002403D
:102FB80044000240580002406C00024008040240ED
:102FC8001C04024030040240440402400004024051
:102FD8000000024080B483B000AF78607B689B6BD0
:102FE80018460C37BD4680BC704780B485B000AF2A
:102FF800F860B9607A603B60FB681A6CFB68DB6B51
:10300800012101FA02F25A60FB681B683A685A60AB
:10301800FB685B68102B08D1FB681B687A689A60AC
:10302800FB681B68BA68DA6007E0FB681B68BA6867
:103038009A60FB681B687A68DA6000BF1437BD467F
:1030480080BC704780B485B000AF78607B6803F0BF
:103058000703FB600C4BDB68BB60BA684FF6FF03E5
:103068001340BB60FB681A02BB68134343F0BF639D
:1030780043F40033BB60044ABB68D36000BF143715
:10308800BD4680BC704700BF00ED00E080B400AFD3
:10309800044BDB681B0A03F007031846BD4680BCD7
:1030A800704700BF00ED00E080B483B000AF034676
:1030B800FB7197F90730002B0BDBFB7903F01F023C
:1030C800064997F907305B09012000FA02F241F836
:1030D800232000BF0C37BD4680BC704700E100E0EC
:1030E80080B483B000AF0346FB7197F90730002B1B
:1030F80012DBFB7903F01F020A4997F907305B09D5
:10310800012000FA02F2203341F82320BFF34F8F49
:1031180000BFBFF36F8F00BF00BF0C37BD4680BC38
:10312800704700BF00E100E080B483B000AF034601
:10313800FB7197F90730002B0CDBFB7903F01F02BA
:10314800074997F907305B09012000FA02F260335A
:1031580041F8232000BF0C37BD4680BC704700BF34
:1031680000E100E080B483B000AF03463960FB7132
:1031780097F90730002B0ADB3B68DAB20C4997F95C
:1031880007301201D2B20B4483F800230AE03B68EF
:10319800DAB20849FB7903F00F03043B1201D2B2FB
:1031A8000B441A7600BF0C37BD4680BC704700BF81
:1031B80000E100E000ED00E080B489B000AFF86005
:1031C800B9607A60FB6803F00703FB61FB69C3F130
:1031D8000703042B28BF0423BB61FB690433062BB8
:1031E80002D9FB69033B00E000237B614FF0FF320B
:1031F800BB6902FA03F3DA43BB681A407B699A4059
:103208004FF0FF317B6901FA03F3D9437B680B4028
:10321800134318462437BD4680BC704780B582B03A
:1032280000AF78607B68013BB3F1807F01D3012355
:103238000FE00A4A7B68013B53600F214FF0FF30D3
:10324800FFF790FF054B00229A60044B07221A6093
:10325800002318460837BD4680BD00BF10E000E0D7
:1032680080B582B000AF78607868FFF7EBFE00BFEA
:103278000837BD4680BD80B586B000AF0346B9604B
:103288007A60FB7300237B61FFF700FF78617A683F
:10329800B9687869FFF790FF024697F90F30114631
:1032A8001846FFF75FFF00BF1837BD4680BD80B5E1
:1032B80082B000AF0346FB7197F907301846FFF755
:1032C800F3FE00BF0837BD4680BD80B582B000AFB1
:1032D8000346FB7197F907301846FFF701FF00BF57
:1032E8000837BD4680BD80B582B000AF7860786889
:1032F800FFF794FF034618460837BD4680BD80B5E2
:1033080082B000AF0346FB7197F907301846FFF704
:103318000BFF00BF0837BD4680BD000080B584B0F4
:1033280000AF78607B68002B01D101232BE17B681B
:1033380093F83D30DBB2002B06D17B68002283F87E
:103348003C20786801F06AFF7B68242283F83D20DE
:103358007B681B681A687B681B6822F001021A6088
:103368007B681B681A687B681B6842F400421A6015
:103378007B681B681A687B681B6822F400421A6025
:10338800FEF7C8FFF8607B685B68814A934207D8FC
:10339800FB68804A934294BF01230023DBB206E016
:1033A800FB687D4A934294BF01230023DBB2002BC4
:1033B80001D00123E7E0FB68784AA2FB03239B0CBA
:1033C800BB607B681B685B6823F03F017B681B68F8
:1033D800BA680A435A607B681B681B6A23F03F017E
:1033E8007B685B686A4A934202D8BB68013309E08C
:1033F800BB684FF4967202FB03F3694AA2FB0323EE
:103408009B0901337A6812680B4313627B681B6857
:10341800DB6923F44F4222F0FF027B685B685C495A
:103428008B4219D8FB68591E7B685B685B00B1FB4F
:10343800F3F3591C40F6FC730B40002B0AD0FB68D1
:10344800591E7B685B685B00B1FBF3F30133C3F380
:103458000B0351E004234FE07B689B68002B11D1DC
:10346800FB68581E7B6859680B465B000B44B0FB31
:10347800F3F30133C3F30B03002B0CBF0123002329
:10348800DBB212E0FB68581E7B6859680B469B004C
:103498000B4499000B44B0FBF3F30133C3F30B0364
:1034A800002B0CBF01230023DBB2002B01D001232A
:1034B80022E07B689B68002B0ED1FB68581E7B6856
:1034C80059680B465B000B44B0FBF3F30133C3F3BD
:1034D8000B0343F400430FE0FB68581E7B685968F0
:1034E8000B469B000B4499000B44B0FBF3F30133EC
:1034F800C3F30B0343F44043796809681343CB6172
:103508007B681B681B6823F0C0017B68DA697B68ED
:103518001B6A1A437B681B680A431A607B681B682E
:103528009B6823F4034323F0FF037A6811697A68E0
:10353800D26811437A6812680B4393607B681B68F2
:10354800DB6823F0FF017B685A697B689B691A4333
:103558007B681B680A43DA607B681B681A687B68AB
:103568001B6842F001021A607B6800221A647B68BB
:10357800202283F83D207B6800221A637B680022A2
:1035880083F83E20002318461037BD4680BD00BF93
:10359800A08601007F841E00FF083D0083DE1B43D8
:1035A800D34D621080B588B002AFF8607A601A46D1
:1035B8000B467B8113463B81FEF7B4FA7861FB68C2
:1035C80093F83D30DBB2202B40F0E0807B6900931C
:1035D800192301227049F86800F064F90346002BAA
:1035E80001D00223D3E0FB6893F83C30012B01D1D2
:1035F8000223CCE0FB68012283F83C20FB681B68AF
:103608001B6803F00103012B07D0FB681B681A68CD
:10361800FB681B6842F001021A60FB681B681A68A5
:10362800FB681B6822F400621A60FB68212283F899
:103638003D20FB68102283F83E20FB6800221A64B4
:10364800FB687A685A62FB683A895A85FB685B8D21
:103658009AB2FB681A85FB68504ADA6279897B69F5
:103668003A6AF86800F09CF80346002B01D0012361
:103678008DE000233B61FB681B685B693B61FB686D
:103688001B689B693B613B6966E07A69396AF8683F
:1036980000F022FA0346002B0DD0FB681B6C042BAC
:1036A80007D1FB681B681A68FB681B6842F4007244
:1036B8001A6001236BE0FB685B6A1A78FB681B6879
:1036C8001A61FB685B6A5A1CFB685A62FB685B8D6F
:1036D8009BB2013B9AB2FB685A85FB681B8D013B84
:1036E8009AB2FB681A85FB681B685B6903F00403E0
:1036F800042B1BD1FB681B8D002B17D0FB685B6A62
:103708001A78FB681B681A61FB685B6A5A1CFB68BD
:103718005A62FB685B8D9BB2013B9AB2FB685A8583
:10372800FB681B8D013B9AB2FB681A857A69396A76
:10373800F86800F019FA0346002B0DD0FB681B6CE3
:10374800042B07D1FB681B681A68FB681B6842F4E6
:1037580000721A6001231AE0FB681B8D002B94D1BC
:10376800FB681B681A68FB681B6842F400721A60E1
:10377800FB68202283F83D20FB68002283F83E2066
:10378800FB68002283F83C20002300E0022318464F
:103798001837BD4680BD00BF020010000000FFFFC3
:1037A80080B588B002AFF8607A603B600B467B81D9
:1037B800FB68DB6A7B617B69082B06D07B69012B80
:1037C80003D07B6913F5803F08D1FB681B681A6832
:1037D800FB681B6842F480721A600BE0FB681B6B85
:1037E800122B07D1FB681B681A68FB681B6842F438
:1037F80080721A603B6800937B6800224FF00111C9
:10380800F86800F04FF80346002B0DD0FB681B68E2
:103818001B6803F48073B3F5807F03D1FB684FF412
:1038280000721A64032335E0FB681B69B3F5804F07
:1038380008D17B89DBB21A46FB681B6802F0FE02DE
:103848001A611BE07B89DB11DBB203F00603DBB2F4
:1038580063F00F03DAB2FB681B681A613B687A6889
:103868000E49F86800F098F80346002B01D00123B0
:1038780010E07B89DAB2FB681B681A613B687A68DA
:103888000749F86800F088F80346002B01D00123A7
:1038980000E0002318461837BD4680BD0800010027
:1038A8000200010080B584B000AFF860B9603B60E9
:1038B8001346FB7148E03B68B3F1FF3F44D0FEF785
:1038C80031F90246BB69D31A3A689A4202D33B6877
:1038D800002B39D1BB681B0CDBB2012B0DD1FB6867
:1038E8001B685B69DA43BB6813409BB2002B0CBFB3
:1038F80001230023DBB21A460CE0FB681B689B69B6
:10390800DA43BB6813409BB2002B0CBF0123002392
:10391800DBB21A46FB799A4216D1FB6800221A6379
:10392800FB68202283F83D20FB68002283F83E20B4
:10393800FB681B6C43F02002FB681A64FB680022DA
:1039480083F83C20012323E0BB681B0CDBB2012B6E
:103958000DD1FB681B685B69DA43BB6813409BB2F7
:10396800002B0CBF01230023DBB21A460CE0FB68D6
:103978001B689B69DA43BB6813409BB2002B0CBFE2
:1039880001230023DBB21A46FB799A4293D0002325
:1039980018461037BD4680BD80B584B000AFF860CA
:1039A800B9607A603B6071E0FB681B685B6903F48F
:1039B8008063B3F5806F23D1FB681B681A68FB68C6
:1039C8001B6842F400721A60FB681B686FF480621F
:1039D8005A61FB6800221A63FB68202283F83D20A5
:1039E800FB68002283F83E20FB681B6C43F004024E
:1039F800FB681A64FB68002283F83C20012367E017
:103A08007B68B3F1FF3F41D0FEF78CF802463B6874
:103A1800D31A7A689A4202D37B68002B36D1BB68E6
:103A28001B0CDBB2012B0CD1FB681B685B69DA430A
:103A3800BB6813409BB2002B14BF01230023DBB2E9
:103A48000BE0FB681B689B69DA43BB6813409BB2B9
:103A5800002B14BF01230023DBB2002B16D0FB6818
:103A680000221A63FB68202283F83D20FB680022AD
:103A780083F83E20FB681B6C43F02002FB681A6445
:103A8800FB68002283F83C20012321E0BB681B0C63
:103A9800DBB2012B0CD1FB681B685B69DA43BB689E
:103AA80013409BB2002B14BF01230023DBB20BE0B1
:103AB800FB681B689B69DA43BB6813409BB2002B09
:103AC80014BF01230023DBB2002B7FF46DAF00236A
:103AD80018461037BD4680BD80B584B000AFF86089
:103AE800B9607A6034E0F86800F086F80346002B85
:103AF80001D0012334E0BB68B3F1FF3F28D0FEF7C3
:103B080011F802467B68D31ABA689A4202D3BB6896
:103B1800002B1DD1FB681B685B6903F08003802BB9
:103B280016D0FB6800221A63FB68202283F83D2028
:103B3800FB68002283F83E20FB681B6C43F02002E0
:103B4800FB681A64FB68002283F83C20012307E025
:103B5800FB681B685B6903F08003802BC3D10023DB
:103B680018461037BD4680BD80B584B000AFF860F8
:103B7800B9607A6034E0F86800F03EF80346002B3C
:103B880001D0012334E0BB68B3F1FF3F28D0FDF733
:103B9800C9FF02467B68D31ABA689A4202D3BB6847
:103BA800002B1DD1FB681B685B6903F00403042B21
:103BB80016D0FB6800221A63FB68202283F83D2098
:103BC800FB68002283F83E20FB681B6C43F0200250
:103BD800FB681A64FB68002283F83C20012307E095
:103BE800FB681B685B6903F00403042BC3D1002343
:103BF80018461037BD4680BD80B483B000AF7860EA
:103C08007B681B685B6903F48063B3F5806F1BD125
:103C18007B681B686FF480625A617B6800221A63B4
:103C28007B68202283F83D207B68002283F83E20B1
:103C38007B681B6C43F004027B681A647B68002273
:103C480083F83C20012300E0002318460C37BD46CA
:103C580080BC704780B582B000AF78607B68002B6D
:103C680001D1012342E07B6893F84130DBB2002B9D
:103C780006D17B68002283F84020786801F0FAFBBF
:103C88007B68242283F841207B681B68DA687B689C
:103C98001B6822F40052DA60786801F0B5F87B6896
:103CA8001B681A697B681B6822F490421A617B685A
:103CB8001B685A697B681B6822F02A025A617B6874
:103CC8001B68DA687B681B6842F40052DA607B681C
:103CD80000225A647B68202283F841207B682022D6
:103CE80083F842207B6800225A630023184608376D
:103CF800BD4680BD80B58AB002AFF860B9603B6050
:103D08001346FB8000237B61FB6893F84130DBB2EC
:103D1800202B75D1BB68002B02D0FB88002B01D16A
:103D280001236EE0FB6800225A64FB68212283F8B5
:103D38004120FDF7F7FE7861FB68FA889A84FB68F2
:103D4800FA88DA84FB689B68B3F5805F08D1FB6862
:103D58001B69002B04D10023FB61BB68BB6103E036
:103D6800BB68FB610023BB612EE03B6800937B6965
:103D780000228021F86800F091FD0346002B05D051
:103D8800FB68202283F8412003233AE0FB69002BDB
:103D98000BD1BB691B881A46FB681B68C2F3080273
:103DA8005A60BB690233BB6107E0FB691A78FB689C
:103DB8001B685A60FB690133FB61FB68DB8C9BB2B3
:103DC800013B9AB2FB68DA84FB68DB8C9BB2002B60
:103DD800CBD13B6800937B6900224021F86800F052
:103DE8005DFD0346002B05D0FB68202283F84120A7
:103DF800032306E0FB68202283F84120002300E02B
:103E0800022318462037BD4680BD80B58AB002AF70
:103E1800F860B9603B601346FB8000237B61FB6858
:103E280093F84230DBB2202B40F08180BB68002B36
:103E380002D0FB88002B01D1012379E0FB68002226
:103E48005A64FB68222283F84220FB6800221A6326
:103E5800FDF768FE7861FB68FA889A85FB68FA883E
:103E6800DA85FB689B68B3F5805F08D1FB681B693E
:103E7800002B04D10023FB61BB68BB6103E0BB6876
:103E8800FB610023BB6147E03B6800937B6900222C
:103E98002021F86800F002FD0346002B05D0FB68DE
:103EA800202283F84220032342E0FB69002B0CD137
:103EB800FB681B685B689BB2C3F308039AB2BB69D3
:103EC8001A80BB690233BB611FE0FB689B68B3F5CE
:103ED800805F07D0FB689B68002B0AD1FB681B69D1
:103EE800002B06D1FB681B685B68DAB2FB691A70A5
:103EF80008E0FB681B685B68DBB203F07F03DAB29B
:103F0800FB691A70FB690133FB61FB68DB8D9BB2AF
:103F1800013B9AB2FB68DA85FB68DB8D9BB2002B0C
:103F2800B2D1FB68202283F84220002300E002235C
:103F380018462037BD4680BD80B58CB000AFF8600C
:103F4800B9601346FB80FB6893F84230DBB2202B44
:103F580046D1BB68002B02D0FB88002B01D101237E
:103F68003FE0FB6801221A63FB6800225A63FB8862
:103F78001A46B968F86800F0EBFC034687F82F305A
:103F8800FB681B6B012B25D100233B61FB681B6879
:103F98001B683B61FB681B685B683B613B69FB68AE
:103FA8001B680C33BB61BB6953E8003F7B617B69CD
:103FB80043F01003BB62FB681B680C33BA6A7A6271
:103FC8003B62396A7A6A41E80023FB61FB69002B8E
:103FD800E5D102E0012387F82F3097F82F3000E071
:103FE800022318463037BD4680BD80B59AB000AF71
:103FF80078607B681B680C33BB64BB6C53E8003F7C
:104008007B647B6C23F490737B667B681B680C3342
:104018007A6E7A653B65396D7A6D41E80023FB64F9
:10402800FB6C002BE5D17B681B6814337B637B6BCF
:1040380053E8003F3B633B6B23F001033B667B681F
:104048001B6814333A6E3A64FB63F96B3A6C41E8C7
:104058000023BB63BB6B002BE5D17B681B6B012B7B
:1040680019D17B681B680C333B623B6A53E8003FFD
:10407800FB61FB6923F01003FB657B681B680C334D
:10408800FA6DFA62BB62B96AFA6A41E800237B6298
:104098007B6A002BE5D17B681B685B6903F04003F2
:1040A800002B36D07B681B681433FB60FB6853E831
:1040B800003FBB60BB6823F04003BB657B681B689F
:1040C8001433BA6DBA617B617969BA6941E8002332
:1040D8003B613B69002BE5D17B68DB6B002B18D07B
:1040E8007B68DB6B00225A637B68DB6B1846FEF744
:1040F800F1FB0346002B0CD07B68DB6B1846FEF700
:1041080069FF0346202B04D17B6810225A640323DD
:104118000AE07B680022DA857B68202283F8422047
:104128007B6800221A63002318466837BD4680BDA5
:1041380080B5BAB000AF78607B681B681B68C7F8A9
:10414800E4307B681B68DB68C7F8E0307B681B6875
:104158005B69C7F8DC300023C7F8D8300023C7F8FC
:10416800D430D7F8E43003F00F03C7F8D830D7F8C5
:10417800D830002B0FD1D7F8E43003F02003002B00
:1041880009D0D7F8E03003F02003002B03D078687B
:1041980000F07CFD5BE2D7F8D830002B00F0DE8021
:1041A800D7F8DC3003F00103002B06D1D7F8E03054
:1041B80003F49073002B00F0D180D7F8E43003F0BB
:1041C8000103002B0BD0D7F8E03003F48073002BE9
:1041D80005D07B685B6C43F001027B685A64D7F8B2
:1041E800E43003F00403002B0BD0D7F8DC3003F0E5
:1041F8000103002B05D07B685B6C43F002027B68EF
:104208005A64D7F8E43003F00203002B0BD0D7F838
:10421800DC3003F00103002B05D07B685B6C43F0B6
:1042280004027B685A64D7F8E43003F00803002BD3
:1042380011D0D7F8E03003F02003002B05D1D7F8D0
:10424800DC3003F00103002B05D07B685B6C43F086
:1042580008027B685A647B685B6C002B00F0F28173
:10426800D7F8E43003F02003002B08D0D7F8E0306B
:1042780003F02003002B02D0786800F007FD7B686C
:104288001B685B6903F04003002B14BF0123002364
:10429800DBB2C7F8D4307B685B6C03F00803002BF3
:1042A80003D1D7F8D430002B4FD0786800F011FC38
:1042B8007B681B685B6903F04003002B41D07B6877
:1042C8001B681433C7F89C30D7F89C3053E8003F7C
:1042D800C7F89830D7F8983023F04003C7F8D030A3
:1042E8007B681B681433D7F8D020C7F8A820C7F814
:1042F800A430D7F8A410D7F8A82041E80023C7F8BD
:10430800A030D7F8A030002BD9D17B68DB6B002B0D
:1043180013D07B68DB6B7E4A5A637B68DB6B18467D
:10432800FEF714FB0346002B16D07B68DB6B5B6B38
:104338007A68D26B104698470EE0786803F03AFE28
:104348000AE0786803F036FE06E0786803F032FE8B
:104358007B6800225A6475E100BF73E17B681B6BC0
:10436800012B40F04F81D7F8E43003F01003002B05
:1043780000F04881D7F8E03003F01003002B00F07C
:1043880041810023BB607B681B681B68BB607B683E
:104398001B685B68BB60BB687B681B685B6903F074
:1043A8004003002B00F0B6807B68DB6B1B685B6802
:1043B800A7F8BE30B7F8BE30002B00F045817B6807
:1043C8009B8DB7F8BE209A4280F03E817B68B7F893
:1043D800BE20DA857B68DB6B9B69202B00F0888028
:1043E8007B681B680C33C7F88830D7F8883053E8E7
:1043F800003FC7F88430D7F8843023F48073C7F8B7
:10440800B8307B681B680C33D7F8B820C7F89420FD
:10441800C7F89030D7F89010D7F8942041E80023D7
:10442800C7F88C30D7F88C30002BD9D17B681B6843
:1044380014337B677B6F53E8003F3B673B6F23F088
:104448000103C7F8B4307B681B681433D7F8B4206D
:10445800C7F88020FB67F96FD7F8802041E8002370
:10446800BB67BB6F002BE1D17B681B6814333B66CD
:104478003B6E53E8003FFB65FB6D23F04003C7F834
:10448800B0307B681B681433D7F8B020FA66BB6677
:10449800B96EFA6E41E800237B667B6E002BE3D190
:1044A8007B68202283F842207B6800221A637B689D
:1044B8001B680C33FB64FB6C53E8003FBB64BB6CAC
:1044C80023F01003C7F8AC307B681B680C33D7F8AF
:1044D800AC20BA657B65796DBA6D41E800233B6510
:1044E8003B6D002BE3D17B68DB6B1846FEF7F2F9D6
:1044F8007B6802225A637B689A8D7B68DB8D9BB24E
:10450800D31A9BB21946786803F00CFD9CE000BFF3
:104518009F4B00087B689A8D7B68DB8D9BB2D31A12
:10452800A7F8CE307B68DB8D9BB2002B00F08E8025
:10453800B7F8CE30002B00F089807B681B680C33FD
:10454800BB63BB6B53E8003F7B637B6B23F49073C7
:10455800C7F8C8307B681B680C33D7F8C8207A6462
:104568003B64396C7A6C41E80023FB63FB6B002BDE
:10457800E3D17B681B6814337B627B6A53E8003F96
:104588003B623B6A23F00103C7F8C4307B681B68B1
:104598001433D7F8C4203A63FB62F96A3A6B41E8EE
:1045A8000023BB62BB6A002BE3D17B68202283F81F
:1045B80042207B6800221A637B681B680C333B61CE
:1045C8003B6953E8003FFB60FB6823F01003C7F822
:1045D800C0307B681B680C33D7F8C020FA61BB6118
:1045E800B969FA6941E800237B617B69002BE3D153
:1045F8007B6802225A63B7F8CE301946786803F010
:1046080091FC23E0D7F8E43003F08003002B09D0B5
:10461800D7F8E03003F08003002B03D0786800F06F
:10462800CEFA14E0D7F8E43003F04003002B0ED0A4
:10463800D7F8E03003F04003002B08D0786800F08A
:104648000DFB04E000BF02E000BF00E000BFE83758
:10465800BD4680BD80B483B000AF786000BF0C3722
:10466800BD4680BC704780B483B000AF786000BF9F
:104678000C37BD4680BC704780B483B000AF78600B
:1046880000BF0C37BD4680BC704780B483B000AF14
:1046980078607B685B6C18460C37BD4680BC7047F9
:1046A80080B59CB000AF78607B685B6AFB667B680E
:1046B8001B681B6803F02003002B72D1FB6E0022DD
:1046C800DA85FB6E1B680C33FB64FB6C53E8003F18
:1046D800BB64BB6C23F48073BB66FB6E1B680C3336
:1046E800BA6EBA657B65796DBA6D41E800233B65A2
:1046F8003B6D002BE5D1FB6E1B681433BB63BB6BB2
:1047080053E8003F7B637B6B23F001037B66FB6E02
:104718001B6814337A6E7A643B64396C7A6C41E8AE
:104728000023FB63FB6B002BE5D1FB6E1B68143386
:104738007B627B6A53E8003F3B623B6A23F040039D
:104748003B66FB6E1B6814333A6E3A63FB62F96A88
:104758003A6B41E80023BB62BB6A002BE5D1FB6ED4
:10476800202283F84220FB6E1B6B012B19D1FB6EB4
:104778001B680C333B613B6953E8003FFB60FB68F7
:1047880023F01003FB65FB6E1B680C33FA6DFA61AE
:10479800BB61B969FA6941E800237B617B69002B39
:1047A800E5D1FB6E00225A63FB6E1B6B012B06D111
:1047B800FB6E9B8D1946F86E03F0B4FB02E0F86EB1
:1047C800FFF751FF00BF7037BD4680BD80B584B08C
:1047D80000AF78607B685B6AFB60FB6801225A6304
:1047E800FB681B6B012B08D1FB689B8D5B089BB298
:1047F8001946F86803F096FB02E0F868FFF73CFFFB
:1048080000BF1037BD4680BD80B584B000AF78606A
:104818000023FB607B685B6ABB60BB681B685B69E5
:1048280003F08003002B14BF01230023DBB2FB60DD
:10483800BB6893F84130DBB2212B08D1FB68002B11
:1048480005D0BB680022DA84B86800F01BF9BB68A1
:104858001B685B6903F04003002B14BF012300238E
:10486800DBB2FB60BB6893F84230DBB2222B08D185
:10487800FB68002B05D0BB680022DA85B86800F019
:1048880028F9BB685B6C43F01002BB685A64B868CF
:1048980003F090FB00BF1037BD4680BD80B586B0E1
:1048A80000AFF860B9603B601346FB713BE03B6AC0
:1048B800B3F1FF3F37D0FDF735F902463B68D31A0D
:1048C8003A6A9A4202D33B6A002B01D103233AE0A9
:1048D800FB681B68DB6803F00403002B23D0BB686C
:1048E800802B20D0BB68402B1DD0FB681B681B6841
:1048F80003F00803082B16D100237B61FB681B68B3
:104908001B687B61FB681B685B687B617B69F86877
:1049180000F0DFF8FB6808225A64FB68002283F87D
:10492800402001230FE0FB681B681A68BB6813402E
:10493800BA689A420CBF01230023DBB21A46FB79FE
:104948009A42B4D0002318461837BD4680BD0000EF
:1049580080B598B000AFF860B9601346FB80BA68BC
:10496800FB689A62FB68FA889A85FB6800225A6499
:10497800FB68222283F84220FB68DB6B3E4A9A627E
:10498800FB68DB6B3D4ADA62FB68DB6B3C4A1A6307
:10499800FB68DB6B00225A6307F10803FB65FB68C1
:1049A800D86BFB681B6804331946FB6D1A68FB88D3
:1049B800FDF730FF00233B61FB681B681B683B6108
:1049C800FB681B685B683B613B69FB681B69002BE4
:1049D80019D0FB681B680C333B643B6C53E8003F01
:1049E800FB63FB6B43F48073BB65FB681B680C338C
:1049F800BA6DFA64BB64B96CFA6C41E800237B6455
:104A08007B6C002BE5D1FB681B681433FB62FB6AE7
:104A180053E8003FBB62BB6A43F001037B65FB6858
:104A28001B6814337A6DBA637B63796BBA6B41E8A0
:104A380000233B633B6B002BE5D1FB681B681433F9
:104A4800BB61BB6953E8003F7B617B6943F040036E
:104A58003B65FB681B6814333A6D7A623B62396ABE
:104A68007A6A41E80023FB61FB69002BE5D100234A
:104A780018466037BD4680BDA9460008D5470008DE
:104A88001148000880B489B000AF78607B681B6863
:104A98000C33FB60FB6853E8003FBB60BB6823F046
:104AA800C003FB617B681B680C33FA69BA617B61E0
:104AB8007969BA6941E800233B613B69002BE5D17C
:104AC8007B68202283F8412000BF2437BD4680BC84
:104AD800704780B495B000AF78607B681B680C3372
:104AE8007B637B6B53E8003F3B633B6B23F4907322
:104AF800FB647B681B680C33FA6C3A64FB63F96BE4
:104B08003A6C41E80023BB63BB6B002BE5D17B68A3
:104B18001B6814333B623B6A53E8003FFB61FB6947
:104B280023F00103BB647B681B681433BA6CFA6218
:104B3800BB62B96AFA6A41E800237B627B6A002B90
:104B4800E5D17B681B6B012B19D17B681B680C3383
:104B5800FB60FB6853E8003FBB60BB6823F01003B1
:104B68007B647B681B680C337A6CBA617B617969FA
:104B7800BA6941E800233B613B69002BE5D17B68BA
:104B8800202283F842207B6800221A6300BF543732
:104B9800BD4680BC704780B584B000AF78607B6844
:104BA8005B6AFB60FB680022DA85FB680022DA8416
:104BB800F86803F0FFF900BF1037BD4680BD80B428
:104BC80085B000AF78607B6893F84130DBB2212B69
:104BD8003ED17B689B68B3F5805F14D17B681B6905
:104BE800002B10D17B681B6AFB60FB681B881A4688
:104BF8007B681B68C2F308025A607B681B6A9A1CB0
:104C08007B681A6208E07B681B6A591C7A68116223
:104C18001A787B681B685A607B68DB8C9BB2013B07
:104C28009BB27A681946D184002B0FD17B681B6828
:104C3800DA687B681B6822F08002DA607B681B6890
:104C4800DA687B681B6842F04002DA60002300E003
:104C5800022318461437BD4680BC704780B582B021
:104C680000AF78607B681B68DA687B681B6822F095
:104C78004002DA607B68202283F841207868FFF7D9
:104C8800E9FC002318460837BD4680BD80B58CB0C6
:104C980000AF78607B6893F84230DBB2222B40F09B
:104CA800AE807B689B68B3F5805F17D17B681B6912
:104CB800002B13D10023FB627B689B6ABB627B6875
:104CC8001B685B689BB2C3F308039AB2BB6A1A807D
:104CD8007B689B6A9A1C7B689A6226E07B689B6A61
:104CE800FB620023BB627B689B68B3F5805F07D0DB
:104CF8007B689B68002B0AD17B681B69002B06D157
:104D08007B681B685B68DAB2FB6A1A7008E07B682C
:104D18001B685B68DBB203F07F03DAB2FB6A1A70C8
:104D28007B689B6A5A1C7B689A627B68DB8D9BB2A6
:104D3800013B9BB27A681946D185002B5DD17B680F
:104D48001B68DA687B681B6822F02002DA607B68DF
:104D58001B68DA687B681B6822F48072DA607B68FB
:104D68001B685A697B681B6822F001025A617B68DC
:104D7800202283F842207B6800225A637B681B6BE1
:104D8800012B35D17B6800221A637B681B680C33C2
:104D98007B617B6953E8003F3B613B6923F010036B
:104DA8007B627B681B680C337A6A3A62FB61F9693B
:104DB8003A6A41E80023BB61BB69002BE5D17B68F7
:104DC8001B681B6803F01003102B0AD10023FB603B
:104DD8007B681B681B68FB607B681B685B68FB6003
:104DE800FB687B689B8D1946786803F09BF802E0A6
:104DF8007868FFF738FC002302E0002300E0022374
:104E080018463037BD4680BD80B584B000AF7860A5
:104E18007B681B681B6923F440517B68DA687B68F0
:104E28001B680A431A617B689A687B681B691A4386
:104E38007B685B691343BB607B681B68DB6823F492
:104E4800B05323F00C037A681268B9680B43D36037
:104E58007B681B685B6923F440717B689A697B688F
:104E68001B680A435A617B681B682C4A934203D12A
:104E7800FDF764FAF86002E0FDF74CFAF860FA68AA
:104E880013469B0013449A001A447B685B689B0096
:104E9800B2FBF3F3224AA2FB03235B091901FA6868
:104EA80013469B0013449A001A447B685B689B0076
:104EB800B2FBF3F21A4BA3FB02035B09642000FB6D
:104EC80003F3D31A1B013233154AA2FB03235B09F0
:104ED80003F0F0031944FA6813469B0013449A0040
:104EE8001A447B685B689B00B2FBF3F20C4BA3FB94
:104EF80002035B09642000FB03F3D31A1B0132335E
:104F0800074AA2FB03235B0903F00F027B681B68B7
:104F18000A449A6000BF1037BD4680BD0038014082
:104F28001F85EB5180B500AFFCF7A4FD00F028F811
:104F380000F08EF800F026F900F042F900F01CFAB3
:104F480000F044FA00F06CFA00F0A6F90A4B1B686E
:104F580098680023022200210AF048FB07480AF05B
:104F68003DFB02F0AFFD08F0BDF908F0EFF903F0E2
:104F78003FF800BFF9E700BF8C010020B823010803
:104F880080B590B000AF07F1180328220021184619
:104F98000AF0ECFC3B1D00221A605A609A60DA6045
:104FA8001A610123BB614FF48033FB6100233B622C
:104FB8000123BB6202237B634FF48033BB634FF44E
:104FC800E013FB6307F118031846FCF7D9FD034605
:104FD800002B01D000F036F80F237B600223BB6062
:104FE8000023FB604FF480633B6100237B613B1D22
:104FF80002211846FDF746F80346002B01D000F0C1
:1050080021F800BF4037BD4680BD000080B584B0A0
:1050180000AF78607B68DBB2FB7307F10F010A23EE
:1050280001220748FEF766FE0346002B01D17B6884
:1050380001E04FF0FF3318461037BD4680BD00BF72
:105048009802002080B400AF72B600BF00BFFDE731
:1050580080B588B000AF07F1100300221A605A60CB
:105068009A60DA60434B9B69424A43F0200393619C
:10507800404B9B6903F02003FB60FB683D4B9B6939
:105088003C4A43F0100393613A4B9B6903F01003C9
:10509800BB60BB68374B9B69364A43F00403936196
:1050A800344B9B6903F004037B607B68314B9B693D
:1050B800304A43F0080393612E4B9B6903F00803C1
:1050C8003B603B68012202212B48FDF714FB0022BC
:1050D8004FF480512848FDF70EFB01224FF48071F0
:1050E8002648FDF708FB2F233B6100237B61012342
:1050F800BB6107F1100319462148FDF751F9012357
:105108003B6100237B610223BB6107F11003194651
:105118001A48FDF745F941F202033B6101237B611F
:105128000023BB610223FB6107F1100319461248F3
:10513800FDF736F94FF480733B6101237B6100234F
:10514800BB610223FB6107F1100319460B48FDF709
:1051580027F94FF400433B6100237B610123BB61C6
:1051680007F1100319460548FDF71AF900BF203763
:10517800BD4680BD00100240000C014000080140FF
:105188000010014080B582B000AF0C4B5B690B4A40
:1051980043F001035361094B5B6903F001037B6032
:1051A8007B68002205211020FEF765F81020FEF725
:1051B8007EF800BF0837BD4680BD00BF0010024022
:1051C80080B500AF124B134A1A60114B124A5A604D
:1051D8000F4B00229A600E4B0022DA600C4B4FF402
:1051E80080421A610A4B00225A61094B00229A61D7
:1051F800074B0022DA61064B00221A620448FEF7C8
:105208008DF80346002B01D0FFF71CFF00BF80BDBF
:10521800FC01002000540040801A060080B588B0C8
:1052280000AF786007F1100300221A605A609A6094
:10523800DA607B681B68154A934223D1144B9B693B
:10524800134A43F008039361114B9B6903F0080369
:10525800FB60FB68C0233B6112237B610323FB6176
:1052680007F1100319460B48FDF79AF8084BDB695C
:10527800074A43F40013D361054BDB6903F40013B9
:10528800BB60BB6800BF2037BD4680BD00540040EE
:1052980000100240000C014080B586B000AF07F155
:1052A800080300221A605A609A60DA603B460022BE
:1052B8001A605A601D4B4FF080421A601B4B472200
:1052C8005A601A4B00229A60184B40F2E732DA60B3
:1052D800164B00221A61154B80229A611348FBF77E
:1052E800FBFF0346002B01D0FFF7ACFE4FF48053C1
:1052F800BB6007F1080319460C48FCF72CF9034674
:10530800002B01D0FFF79EFE00233B6000237B604B
:105318003B4619460548FCF72FFB0346002B01D0F6
:10532800FFF790FE00BF1837BD4680BD5002002031
:1053380080B584B000AF78607B681B68B3F1804F9C
:1053480013D10C4BDB690B4A43F00103D361094BC2
:10535800DB6903F00103FB60FB68002205211C20C8
:10536800FDF789FF1C20FDF7A2FF00BF1037BD46DF
:1053780080BD00BF0010024080B500AF114B124A3B
:105388001A60104B4FF4E1325A600E4B00229A60BB
:105398000C4B0022DA600B4B00221A61094B0C22DD
:1053A8005A61084B00229A61064B0022DA610548CF
:1053B800FEF750FC0346002B01D0FFF743FE00BF69
:1053C80080BD00BF980200200038014080B500AFC2
:1053D800114B124A1A60104B4FF4E1325A600E4BCF
:1053E80000229A600C4B0022DA600B4B00221A61F3
:1053F800094B0C225A61084B00229A61064B002285
:10540800DA610548FEF726FC0346002B01D0FFF7BA
:1054180019FE00BF80BD00BFE0020020004400402C
:1054280080B500AF114B124A1A60104B4FF4E132AD
:105438005A600E4B00229A600C4B0022DA600B4B2C
:1054480000221A61094B0C225A61084B00229A610A
:10545800064B0022DA610548FEF7FCFB0346002BE9
:1054680001D0FFF7EFFD00BF80BD00BF280300207B
:105478000048004080B58CB000AF786007F1200389
:1054880000221A605A609A60DA607B681B686E4A6C
:10549800934232D16D4B9B696C4A43F480439361CC
:1054A8006A4B9B6903F48043FB61FB69674B9B690B
:1054B800664A43F004039361644B9B6903F0040359
:1054C800BB61BB694FF400733B6202237B62032319
:1054D800FB6207F1200319465D48FCF761FF4FF4B2
:1054E80080633B6200237B620023BB6207F12003D9
:1054F80019465748FCF754FFA2E07B681B68554AD9
:1055080093425ED1514BDB69504A43F40033D36177
:105518004E4BDB6903F400337B617B694B4B9B6922
:105528004A4A43F004039361484B9B6903F0040320
:105538003B613B6904233B6202237B620323FB62DA
:1055480007F1200319464248FCF72AFF08233B626B
:1055580000237B620023BB6207F1200319463C4805
:10556800FCF71EFF3C4B3D4A1A603B4B00225A6039
:10557800394B00229A60384B8022DA60364B002281
:105588001A61354B00225A61334B20229A61324B03
:105598000022DA613048FDF7C7F80346002B01D036
:1055A800FFF750FD7B682C4ADA632B4A7B6853620D
:1055B800002205212620FDF75EFE2620FDF777FE56
:1055C8003EE07B681B68264A934239D11F4BDB6952
:1055D8001E4A43F48023D3611C4BDB6903F4802308
:1055E800FB60FB68194B9B69184A43F008039361F9
:1055F800164B9B6903F00803BB60BB684FF48063DC
:105608003B6202237B620323FB6207F120031946F6
:105618001448FCF7C5FE4FF400633B6200237B622D
:105628000023BB6207F1200319460E48FCF7B8FEB9
:10563800002205212720FDF71EFE2720FDF737FE53
:1056480000BF3037BD4680BD003801400010024021
:105658000008014000440040700300206C00024034
:1056680000480040000C014080B400AF00BFFDE7D7
:1056780080B400AF00BFFDE780B400AF00BFFDE716
:1056880080B400AF00BFFDE780B400AF00BFFDE706
:1056980080B400AF00BFBD4680BC704780B400AF87
:1056A80000BFBD4680BC704780B400AF00BFBD4698
:1056B80080BC704780B500AFFCF722FA00BF80BD00
:1056C80080B500AF0248FDF749FA00BF80BD00BFB2
:1056D8007003002080B500AF0248FBF74CFE00BF06
:1056E80080BD00BF5002002080B500AF0248FEF721
:1056F8001FFD00BF80BD00BFE002002080B500AFE5
:105708000248FEF715FD00BF80BD00BF280300203A
:1057180080B584B000AF184B9B69174A43F001036A
:105728009361154B9B6903F00103BB60BB68124B87
:10573800DB69114A43F08053D3610F4BDB6903F0F7
:1057480080537B607B6800220F216FF00100FDF71A
:1057580092FD0A4B5B68FB60FB6823F0E063FB602B
:10576800FB6843F00073FB60044AFB68536000BFAA
:105778001037BD4680BD00BF001002400000014048
:1057880080B586B000AF7860144A154BD31A7B6198
:105798007B693B61134B1B68002B02D1114B124AEA
:1057A8001A60104B1A687B6813443A699A4207D208
:1057B8000AF04EF903460C221A604FF0FF3309E055
:1057C800084B1B68FB60074B1A687B681344054A43
:1057D8001360FB6818461837BD4680BD00C000201E
:1057E80000040000B4030020100E002080B400AFB5
:1057F80001231846BD4680BC704780B582B000AF13
:10580800786039600AF024F9034616221A604FF0CE
:10581800FF3318460837BD4680BD80B582B000AF5B
:1058280078604FF0FF317868FFF7E7FF00BFFDE7CA
:1058380080B586B000AFF860B9607A6000237B61FC
:105848000AE0AFF300800146BB685A1CBA60CAB2CE
:105858001A707B6901337B617A697B689A42F0DB55
:105868007B6818461837BD4680BD80B586B000AF46
:10587800F860B9607A6000237B6109E0BB685A1C54
:10588800BA601B781846FFF7C1FB7B6901337B615F
:105898007A697B689A42F1DB7B6818461837BD46FF
:1058A80080BD80B483B000AF78604FF0FF331846F6
:1058B8000C37BD4680BC704780B483B000AF7860B9
:1058C80039603B684FF400525A60002318460C3781
:1058D800BD4680BC704780B483B000AF78600123B8
:1058E80018460C37BD4680BC704780B485B000AF01
:1058F800F860B9607A60002318461437BD4680BC4A
:1059080070470000FBF7E2FC0B480C490C4A0023E7
:1059180002E0D458C4500433C4188C42F9D3094A5D
:10592800094C002301E013600432A242FBD30AF0C1
:1059380095F8FFF7F7FA704700000020DC01002017
:10594800704E0108DC0100200C0E0020FEE780B438
:1059580085B000AF78600B467B804FF6FF73FB8104
:105968000023BB8126E0BB897A6813441B781A465A
:10597800FB895340FB810023FB7215E0FB8903F090
:105988000103002B0AD0FB895B08FB81FB8983F4A8
:10599800BF4383F07E03DB43FB8102E0FB895B08A6
:1059A800FB81FB7A0133FB72FB7A072BE6D9BB89B3
:1059B8000133BB81BA897B889A42D4D3FB891846C4
:1059C8001437BD4680BC704780B483B000AF03462F
:1059D800FB71FB79062B1FD801A252F823F000BFF8
:1059E800055A0008095A00080D5A0008115A0008FB
:1059F800155A0008195A00081D5A0008094B0CE0EE
:105A0800094B0AE0094B08E0094B06E0094B04E0A2
:105A1800094B02E0094B00E0094B18460C37BD461C
:105A280080BC704700240108042401080C240108E4
:105A3800142401081C24010828240108342401081E
:105A48004024010880B400AF024B1846BD4680BC14
:105A5800704700BF4424010880B582B000AF0346F8
:105A68003960FB71074AFB791376FCF75BF802464D
:105A78003B68D31A034A1361FB7918460837BD46B9
:105A880080BD00BFB803002080B582B000AF786049
:105A98000B467B8013463B805C220021174809F0A7
:105AA80065FF7B68002B1ED07B88002B1BD07B6892
:105AB8001A78124B1A707B88012B03D97B68013343
:105AC8001B7800E000230D4A53707B88202B28BFE9
:105AD80020239AB2094BDA80084BDB881A4679688A
:105AE800074809F0F0FF054A3B885381034B002221
:105AF8001A7100BF0837BD4680BD00BFB80300203B
:105B0800D103002080B500AF2720FDF7DEFB27205A
:105B1800FDF7F5FB00BF80BD80B483B000AF074B35
:105B28001B681B687B60054B1B685B683B607B6878
:105B38003B6800BF0C37BD4680BC70472803002077
:105B480080B485B000AF78600023FB607B6803F009
:105B58000103002B03D0FB6843F00103FB607B6863
:105B680003F00403002B03D0FB6843F00203FB603F
:105B78007B6803F00203002B03D0FB6843F00403A7
:105B8800FB607B6803F00803002B03D0FB6843F03D
:105B98000803FB60FB6818461437BD4680BC704795
:105BA80080B400AF0C4B1B685A690B4B1B6822F082
:105BB80040025A61094B1B68084A23F0010313602D
:105BC800074B4FF470625A60064B00221A7000BFF0
:105BD800BD4680BC704700BF28030020300002404B
:105BE800000002405404002080B582B000AF1F4B73
:105BF8005B691E4A43F0010353611C4B5B6903F068
:105C080001037B607B68FFF7CBFF40220021184827
:105C180009F0ACFE174B1B681A1D174B9A60164B00
:105C2800134ADA60144B40225A60134B4FF4425225
:105C38001A60114B1B68104A43F0010313600D4BA7
:105C48001B685A690B4B1B6842F040025A61094BAA
:105C58001B68DA68074B1B6842F00402DA60074BDE
:105C680001221A7000BF0837BD4680BD00100240EF
:105C780014040020280300203000024054040020AF
:105C880080B582B000AF2948FEF7AFF9FFF73AFFB9
:105C9800FFF786FF254B1B68DA68244B1B6822F048
:105CA8002002DA60214B1B68DA68204B1B6822F45B
:105CB8008072DA601D4B1B685A691C4B1B6822F006
:105CC80001025A61194B1B68DA68184B1B6842F0CD
:105CD8000402DA600023FB710CE0144B1B681B689C
:105CE80003F02003202B09D1104B1B685B68FB795C
:105CF8000133FB71FB791F2BEFD900E000BFFFF7E1
:105D08000BFF0A4B00225A64084B0022DA85074B26
:105D180000229A85054B202283F84220034B00225B
:105D28001A6300BF0837BD4680BD00BF28030020A6
:105D380080B500AF174B1B68DA68164B1B6842F03A
:105D48000402DA60134B1B681B6803F00803082B76
:105D580014D0104B1B681B6803F00203022B0DD0F4
:105D68000C4B1B681B6803F00403042B06D0094B7B
:105D78001B681B6803F00103012B01D1FFF7CCFE60
:105D8800044B00225A64034B202283F8422000BFB0
:105D980080BD00BF2803002080B586B000AF7860C2
:105DA800084611461A4603467B800B467B7013460D
:105DB8003B70FBF7B7FEF8600023FB8200233B61D2
:105DC8007B68002B05D07B88002B02D07B88202B9A
:105DD80007D93B6A002B02D03B6A00221A800123B4
:105DE8008EE07B881A460021786809F0BFFD464B93
:105DF80000225A64444A7B889385434A7B88D3852A
:105E0800414B202283F842203F4B1B68DA683E4B07
:105E18001B6842F00402DA603EE00023BB7207F11F
:105E28000A01052301223848FDF7EFFF0346FB72FC
:105E3800354B5B6C3A6913433B61334B1B681B68FA
:105E48001846FFF77DFE02463B6913433B61FB7A28
:105E5800002B1AD1FB8A5A1CFA821A467B68134413
:105E6800BA7A1A707A88FB8AD31A9AB2264BDA85DC
:105E7800FB8A012B10D97B6801331B785BB2002B9E
:105E88000ADAFB8A042B07D912E0FB7A012B03D12B
:105E98001D4B202283F84220FBF744FE0246FB6894
:105EA800D31AB3F5C87F03D2FA8A7B889A42B4D34F
:105EB800154A3B6953647A88FB8AD31A9AB2124B03
:105EC800DA85114B202283F842203B6A002B02D04E
:105ED8003B6AFA8A1A80FA8A7B889A4208D2FB8A35
:105EE800042B07D97B6801331B785BB2002B01DADE
:105EF800002305E03B69002B01D0012300E00323C8
:105F080018461837BD4680BD2803002080B584B0E8
:105F180000AFF8607B600B467B8113467B727B8900
:105F280000221946F868FFF7AFFD7B7A002B01D1F4
:105F3800012200E00022064B1A71054A7B7A13768B
:105F4800034A7B68136100BF1037BD4680BD00BFA0
:105F5800B803002080B586B000AFF860B96013467A
:105F6800FB80FB68002B01D0FB6800E0114B194651
:105F7800114809F0C3FA0023FB8212E0FB8ABA68D1
:105F880013441B7819460D4809F0B8FAFB8A5A1CC5
:105F9800FB889A4202D2202009F0C2FAFB8A013318
:105FA800FB82FA8AFB889A42E8D300BF00BF183701
:105FB800BD4680BD54240108582401085C2401080A
:105FC800F0B58BB006AF78607B68002B01D07B689A
:105FD80000E0314BFB60314B1B7E1846FFF7F4FCA9
:105FE80002462E4B1B781E462C4B5B7819462B4BD2
:105FF800DB881846294B1B891C46284B5B891D46A4
:10600800264B1B6904930395029401900091334633
:10601800F968234809F072FA204B9B78002B05D0C9
:106028001E4B9B7819461F4809F068FA1B4B9B8941
:10603800002B03D1194BDB89002B08D0174B9B8908
:106048001946164BDB891A46174809F057FA134BBD
:106058005B69002B05D0114B5B691946134809F0A1
:106068004DFA134809F0BAFA0C4BDB881A46114965
:106078001148FFF76FFF0E4809F0B0FA074B1B896C
:106088001A460E490E48FFF765FF094809F0A6FAB7
:1060980000BF1437BD46F0BD64240108B8030020D2
:1060A8006C240108C0240108D4240108F82401083C
:1060B8000C250108D103002010250108F103002058
:1060C8001825010880B485B000AF03460A46FB7165
:1060D8001346BB71FB79022B04D0FB79042B01D04A
:1060E800012300E00023FB73BB79012B01D1FB7B6B
:1060F80005E0FB7B002B0CBF01230023DBB2184615
:106108001437BD4680BC704780B59CB002AFF860BC
:106118007A601A460B467B8113463B81FBF702FDEA
:106128007866FB68002B09D07B68002B06D07B893A
:106138000233402B02D83B89202B0BD93A897B8923
:106148001946F868FFF7A0FC796E0520FFF784FC74
:106158000346CEE17A8907F11403F968184609F075
:10616800B2FC7A8907F1140311461846FFF7EFFBD2
:106178000346A7F862307B89B7F86220D2B2683349
:106188003B4403F8542CB7F862301B0A9AB27B8957
:106198000133D2B268333B4403F8542C7B89023371
:1061A800A7F860303A89B7F8601007F11403184669
:1061B800FFF76AFCFFF764FD002387F85F3097F864
:1061C8005F30002B01D0FFF70FFDB7F8602007F113
:1061D800140132239148FDF78DFD034687F85E30A0
:1061E80097F85E30002B10D0FFF7DAFCFFF7A0FD20
:1061F80097F85E30022B01D1062300E00123796E67
:106208001846FFF729FC034673E1854B01221A71F2
:106218003B891A460021786809F0A8FB00237B8295
:10622800FB681A78FB6801331878398907F112037B
:10623800009303467868FFF7AFFD034687F85D30A3
:106248007B8A202B01D920237B827A8A744B1A817E
:106258007B8A002B05D07B8A1A467968714809F039
:1062680032FC6E4B5B6C6E4A536197F85D30002BC5
:1062780012D07B8A3A899A420ED97B8A042B05D997
:106288007B6801331B785BB2002B05DB796E02203B
:10629800FFF7E2FB03462CE1614B1B89A7F85A3054
:1062A800B7F85A30002B15D07B681A78FB681B7832
:1062B8009A420FD0B7F85A203B899A4201D301225B
:1062C80000E00022564BDA70796E0520FFF7C4FB18
:1062D80003460EE1B7F85A30012B22D97B68013307
:1062E8001A78FB6801331B7863F07F03DBB29A42AC
:1062F80017D07B6801331A78FB6801331B789A4200
:106308000FD0B7F85A203B899A4201D3012200E006
:106318000022434BDA70796E0520FFF79DFB034698
:10632800E7E0B7F85A30012B3FD97B6801331B7877
:106338005BB2002B39DAB7F85A30042B05D8796EDE
:106348000220FFF789FB0346D3E0354B0122DA70C0
:106358007B689A78324B9A7003217868FFF7F7FACE
:1063680003461A462E4B9A817B6803331B781AB270
:106378007B6804331B781BB21B021BB213431BB28E
:106388009AB2274BDA81264B9A89254BDB899A42A8
:1063980005D0796E0320FFF75FFB0346A9E0796E0D
:1063A8000420FFF759FB0346A3E0B7F85A203B89BE
:1063B8009A4205D2796E0220FFF74EFB034698E019
:1063C800174B0122DA703B89023B9BB21946786869
:1063D800FFF7BDFA03461A46114B9A813B89023BE7
:1063E8007A6813441B781AB23B89013B79680B44DD
:1063F8001B781BB21B021BB213431BB29AB2084B89
:10640800DA81074B9A89064BDB899A420CD0796E60
:106418000320FFF721FB03466BE000BF28030020A1
:10642800B8030020F1030020FB6801331B78102B10
:1064380004D0FB6801331B78062B25D17B68023317
:106448001A78FB6802331B789A4217D17B680333AA
:106458001A78FB6803331B789A420FD17B680433A0
:106468001A78FB6804331B789A4207D17B68053396
:106478001A78FB6805331B789A4234D0796E052068
:10648800FFF7EAFA034634E0FB6801331B78032B75
:1064980004D0FB6801331B78042B25D1FB68043337
:1064A8001B781BB21B021AB2FB6805331B781BB2A0
:1064B80013431BB2A7F85830B7F858305B00A7F859
:1064C8005630B7F85630FF2B07D87B6802331A7856
:1064D800B7F85630DBB29A4206D0796E0520FFF73E
:1064E800BBFA034605E000BF796E0020FFF7B4FA57
:1064F800034618466837BD4680BD00BF80B588B0E2
:1065080000AF0346FB710B46BB7113467B71FB79E9
:106518003B7410237B740023BB74E023FB740023BB
:106528003B7502237B750423BB75AB23FB75BB79D5
:10653800002B14BF01230023DBB23B767B79002BB1
:1065480014BF01230023DBB27B760023BB7607F15F
:10655800080207F1100008230B21FFF7D5FD0346B9
:1065680018462037BD4680BD80B58CB000AF3B6073
:106578000346FB710B46BB711346BB803B68FB852A
:106588003B681B0CBB85002387F82B3097F82B3012
:106598005A1C87F82B2030333B44FA7903F8202C17
:1065A80097F82B305A1C87F82B2030333B441022A5
:1065B80003F8202C97F82B305A1C87F82B203033FF
:1065C8003B44002203F8202C97F82B305A1C87F8FC
:1065D8002B2030333B44F02203F8202C97F82B3043
:1065E8005A1C87F82B2030333B44002203F8202C18
:1065F80097F82B305A1C87F82B2030333B44052260
:1066080003F8202C97F82B305A1C87F82B203033AE
:106618003B440A2203F8202C97F82B305A1C87F8A1
:106628002B2030333B44002203F8202C97F82B30E2
:106638005A1C87F82B2030333B44BA7903F8202CB6
:10664800BB881B0A9AB297F82B30591C87F82B1075
:10665800D2B230333B4403F8202C97F82B305A1C25
:1066680087F82B20BA88D2B230333B4403F8202C69
:10667800FB8D1B0A9AB297F82B30591C87F82B1000
:10668800D2B230333B4403F8202C97F82B305A1CF5
:1066980087F82B20FA8DD2B230333B4403F8202CF4
:1066A800BB8D1B0A9AB297F82B30591C87F82B1010
:1066B800D2B230333B4403F8202C97F82B305A1CC5
:1066C80087F82B20BA8DD2B230333B4403F8202C04
:1066D80097F82B305A1C87F82B2030333B4497F817
:1066E800382003F8202C97F82B305A1C87F82B20D9
:1066F80030333B4497F83C2003F8202C97F82B3094
:1067080099B207F1080207F110000823FFF7FCFC13
:10671800034618463037BD4680BD000080B584B0BA
:1067280000AFFBF7FFF9F86000233B7006237B708E
:106738000023BB70FF23FB7066233B7100237B7132
:106748003B4606211846FFF702F903467B817B8901
:10675800DBB2BB717B891B0A9BB2DBB2FB71FFF713
:106768008FFA3946322308221648FDF7C3FA034642
:106778007B727B7A002B14D0FFF7DAFA7B7A022B34
:1067880001D1062300E001233B72FBF7CBF9024657
:10679800FB68D31A3A7A38460821FFF7B7FB3B7AE9
:1067A8000CE0FFF7C5FAFBF7BDF90246FB68D31A00
:1067B800384600220821FFF7A9FB002318461037A6
:1067C800BD4680BD2803002080B586B000AF0346D3
:1067D8000A46FB711346BB71FB793B7406237B7435
:1067E8000023BB74FE23FB7498233B75BB79002BF5
:1067F80014BF01230023DBB27B7507F1080207F100
:10680800100008230621FFF77FFC034618461837B7
:10681800BD4680BD80B586B000AF0346FB71FB79ED
:106828003B7406237B740023BB740A23FB74002388
:106838003B7501237B7507F1080207F11000082357
:106848000621FFF761FC034618461837BD4680BD90
:1068580080B58AB000AF03463960FB71FB793B75A0
:1068680003237B750023BB754623FB7500233B760A
:1068780003237B7607F1080207F114000B23062196
:10688800FFF742FC034687F8273097F82730002B9C
:1068980002D097F8273029E0FB7A1BB21B021AB204
:1068A8003B7B1BB213431BB2BB847B7B1BB21B021B
:1068B8001AB2BB7B1BB213431BB27B84FB7B1BB29C
:1068C8001B021AB23B7C1BB213431BB23B843B8CAA
:1068D8001A047B8C1343FB61BB8C012B02D1FB692F
:1068E8005B4200E0FB693A681360002318462837CA
:1068F800BD4680BD90B589B000AFF860B9607A60D8
:106908000023FB6147E0284AFB6952F82340274AE5
:10691800FB6952F82330F9681846F9F743FE034635
:1069280019462046F9F73CFE0346BB61204AFB693D
:1069380052F823401F4AFB6952F82330B9681846B9
:10694800F9F730FE034619462046F9F729FE0346B3
:106958007B61B969B869F9F72DFF03461C46796967
:106968007869F9F727FF034619462046F9F71AFE12
:10697800034611491846F9F715FE03461946FB69FF
:106988009B007A68D418084606F07CFF034623600B
:10699800FB690133FB61FB69032BB4DD00BF00BF5A
:1069A8002437BD4690BD00BFF446010814470108CE
:1069B800044701082447010800C8AF4380B582B0E6
:1069C80000AF786039607B6823F000430C491846B3
:1069D800FAF798F80346002B0BD03B6823F00043E6
:1069E80007491846FAF78EF80346002B01D0012311
:1069F80000E00023DBB218460837BD4680BD00BF63
:106A08000000B04180B582B000AF0123FB710AE0FD
:106A1800FB7900211846FFF7D7FE0F20FBF78CF80B
:106A2800FB790133FB71FB79042BF1D900BF00BF5F
:106A38000837BD4680BD80B584B000AF7860FBF7ED
:106A480071F8F86004E001F0D3FA0520FBF774F858
:106A5800FBF768F80246FB68D31A7A689A42F2D8BC
:106A680000BF00BF1037BD4680BD000080B483B0B2
:106A780000AF0346FB71FB79032B17D801A252F82C
:106A880023F000BF9D6A0008A36A0008A96A0008ED
:106A9800AF6A00084FF07E530AE04FF07E5307E0DC
:106AA8004FF07E5304E04FF07E5301E04FF07E53E9
:106AB80018460C37BD4680BC704700BFB0B586B0DD
:106AC80002AF3B600346FB710B46BB711346BB80AC
:106AD8000223FB730023BB7345E0BA88B979F879C0
:106AE8000123019397F8203000933B68FFF73CFDA2
:106AF8000346FB73FB7B002B12D1BB7B002B0DD015
:106B08007B6A002B0AD07B6A1B78002B06D0FA79A7
:106B1800BB7B0133796A1B4808F0F0FC00232CE0AA
:106B28007B6A002B12D07B6A1B78002B0ED0FC7975
:106B3800BB7B5D1CFB7B1846FEF746FF03460093B4
:106B48002B462246796A104808F0D8FCFB7B062BB6
:106B580003D00E48FFF734FA08E05A20FAF7ECFFA2
:106B6800BB7B0133BB73BB7B022BB6D9FB7B062BEC
:106B780002D10748FFF724FAFB7B18461037BD46B9
:106B8800B0BD00BF2025010844250108642501087F
:106B98007825010880B582B000AF124B4FF0000293
:106BA8001A60114B4FF000021A60104A4FF00001B2
:106BB8004FF00000FFF79EFE00237B600AE00B4ABF
:106BC8007B6852F823200A497B6841F823207B68B8
:106BD80001337B607B68032BF1DD00BF00BF083702
:106BE800BD4680BD580400205C04002060040020DD
:106BF8007004002080B584B000AF0346FB71002309
:106C0800FB730123BB7312E0F979BB7B00221846A2
:106C1800FFF774FC03467B737B7B002B01D07B7BE7
:106C2800FB731420FAF788FFBB7B0133BB73BB7B74
:106C3800042BE9D9FB7B18461037BD4680BD000000
:106C4800B0B582B000AF0123FB713BE00223BB71FA
:106C580000237B711BE0FB791846FFF7DBFD034639
:106C6800BB71BB79002B16D0FC797B795D1CBB7995
:106C78001846FEF7A9FE03462A462146254808F08D
:106C88003DFC2820FAF758FF7B7901337B717B792B
:106C9800022BE0D900E000BFBB79002B0CD0FC79B7
:106CA800BB791846FEF790FE03461A4621461A4855
:106CB80008F024FCBB7929E01420FAF73DFFFB79A2
:106CC8000133FB71FB79042BC0D9144B4FF0000240
:106CD8001A60134B4FF000021A60124A4FF000017D
:106CE8004FF00000FFF706FE00233B600AE00D4A64
:106CF8003B6852F823200C493B6841F823203B6845
:106D080001333B603B68032BF1DD0023184608374D
:106D1800BD46B0BD8C250108A825010858040020EF
:106D28005C040020600400207004002080B582B05C
:106D380000AF0346FB71FB79022B02D17820FFF7E5
:106D48007AFE00BF0837BD4680BD80B582B000AF6F
:106D58000346FB71FB79022B02D15020FFF76BFE33
:106D680000BF0837BD4680BD2DE9B04FAEB006AFB5
:106D7800F860B9607A603B6070220021924808F0A0
:106D8800F5FD924B1B680133904A13608F4B1B68CB
:106D98008D4A13608C4AFB6853608B4ABB689360CA
:106DA800894A7B68D360884A3B681361864B052211
:106DB80083F86920002387F89F300BE097F89F300D
:106DC800814A1344052283F8652097F89F300133E0
:106DD80087F89F3097F89F30032BEFD9D7F8DC302E
:106DE800002B06D0D7F8DC301B78002B01D001230C
:106DF80000E0002387F86F304FF00001D7F8C0009B
:106E0800F9F780FE0346002B03D04FF07E53C7F8F6
:106E1800C0304FF00001D7F8C400F9F773FE0346FD
:106E2800002B03D04FF07E53C7F8C430B7F8C830F2
:106E3800002B03D14FF49673A7F8C830B968F868E7
:106E4800FFF7BCFD0346002B06D039687868FFF7CA
:106E5800B5FD0346002B20D1F868F9F745FB8246BB
:106E68008B46B868F9F740FB04460D467868F9F791
:106E78003BFB804689463868F9F736FB02460B46E5
:106E8800CDE90423CDE90289CDE9004552465B46A8
:106E98004F4808F033FB0423E7E207F144031A469E
:106EA800B968F868FFF726FD07F134031A46396810
:106EB8007868FFF71FFD4FF00003C7F898304FF0D0
:106EC8000003C7F894304FF00003C7F89030002350
:106ED80087F86E300023C7F88C305AE0D7F88C302A
:106EE8009B00A0333B4453F86C2CD7F88C309B00A4
:106EF800A0333B4453F85C3C19461046F9F750FB65
:106F080003461A46D7F88C309B00A0333B4443F81D
:106F18007C2CD7F88C309B00A0333B4453F87C2C56
:106F28002949D7F88C3004339B000B445A60D7F8B2
:106F38008C309B00A0333B4453F87C3C23F0004347
:106F48007B65D7F89810786DF9F7F0FD0346002BAC
:106F580002D07B6DC7F89830D7F88C309B00A033EF
:106F68003B4453F87C3C1946D7F89000F9F7C0FD2C
:106F78000346002B08D0D7F88C309B00A0333B4445
:106F880053F87C3CC7F89030D7F88C300133C7F8F9
:106F98008C30D7F88C30032BA0DD0023C7F888305D
:106FA800A5E0D7F888309B00A0333B4453F87C3CDD
:106FB8004FF000011846F9F79BFD0346002B09D056
:106FC800D7F8C03008E000BF80040020F00400209B
:106FD80094260108D7F8C430C7F88430D7F8883029
:106FE8009B00A0333B4453F87C3C23F00043BB6533
:106FF80097F86E30002B38D0D7F888309B00A03334
:107008003B4453F87C3C4FF000011846F9F78EFDDD
:107018000346002B29D0BA49D7F89000F9F786FD26
:107028000346002B21D0D7F888309B00A0333B447F
:1070380053F87C4CB349D7F89000F9F7BBFB0346EB
:1070480019462046F9F768FD0346002BD7F8883023
:10705800DBB21846FFF70AFD03461946D7F8840045
:10706800F9F7A8FB0346C7F88430A74AD7F8883051
:107078000C339B001344D7F884205A60D7F8841047
:10708800B86DF9F797FB03461A46D7F888309B0086
:10709800A0333B4443F88C2CD7F888309B00A033AE
:1070A8003B4453F88C2C9849D7F8883008339B0018
:1070B8000B445A60D7F888309B00A0333B4453F800
:1070C8008C3C1946D7F89400F9F712FD0346002BBB
:1070D80008D0D7F888309B00A0333B4453F88C3C49
:1070E800C7F89430D7F888300133C7F88830D7F814
:1070F8008830032B7FF755AF834A97F86E3082F8B4
:1071080060307F49D7F89800F9F7F2FC0346002B66
:1071180007D17B49D7F89400F9F7EAFC0346002B1E
:1071280009D0794B012283F86320774B002283F83A
:107138006920002399E1002387F8833002E197F85A
:10714800833087F88230D7F8DC30002B0DD06F49B8
:10715800D7F8DC00F9F72AFD0346002B05D197F88C
:1071680083306B4AD35C87F8823097F882300133DA
:1071780087F8673097F882309B00A0333B4453F878
:107188007C3C4FF000011846F9F7B2FC0346002B8F
:1071980001D0012200E0002297F867301146184616
:1071A800FEF790FF034687F8663097F882309B0019
:1071B800A0333B4453F88C3C56491846F9F7FAFA81
:1071C80003464FF07C511846F9F7ECF90346184688
:1071D800F9F7CCFC03463B6697F882304A4A1344D9
:1071E80097F8662083F8442097F88230464912338E
:1071F8003A6E41F8232097F882309B00A0333B4435
:1072080053F88C3CD7F894101846F9F787FB0346D7
:10721800FB674149F86FF9F76BFC0346002B01D077
:107228003D4BFB67B7F8C8301846F9F76BFA0346C9
:10723800F96F1846F9F7BEFA03461846F9F796FCAF
:107248000346A7F87A30B7F87A30002B02D1012329
:10725800A7F87A3097F882302B492C33B7F87A2080
:1072680021F8132097F867301846FFF75FFDB7F845
:107278007A2097F8661097F86700284B0193022345
:1072880000933B6EFFF71AFC034687F85F301E4BEE
:1072980093F8612097F88230012101FA03F3DBB2F9
:1072A8001343DAB2184B83F8612097F88230164AF4
:1072B800134497F85F2083F8652097F85F30002B18
:1072C8000CD097F8674097F85F301846FEF77CFBBC
:1072D80003461A462146124808F010F997F85F301D
:1072E800002B21D0084A97F8673082F864300D489F
:1072F80008F074F9FFF786FB97F85F30B5E000BF38
:107308000AD7233C3333333F80040020C4260108C6
:1073180034470108246B8844CDCC4C3DCC26010869
:10732800D4260108EC260108D7F8D800FFF783FB1C
:1073380097F867301846FFF708FD97F88330013350
:1073480087F8833097F88330032B7FF6F8AEFFF782
:10735800E5F9034687F86D30464B012283F8622031
:10736800444A97F86D3082F8693097F86D30002BF1
:1073780009D097F86D301846FEF726FB03461946E4
:107388003D4808F0BBF897F86D30002B07D03B4814
:10739800FEF716FEFFF736FB97F86D3065E03849C3
:1073A800D7F89400F9F706FA03464FF07C511846CF
:1073B800F9F7F8F803461846F9F7D8FB0346BB6611
:1073C800B86EF9F79FF90446B7F8C8301846F9F7C8
:1073D80099F903462B491846F9F7ECF9034619467B
:1073E8002046F9F79BFA034627491846F9F7E2F9C8
:1073F80003461846F9F7BAFB0246D7F8CC301344CF
:107408007B677A6FD7F8D0309A4202D2D7F8D0305B
:107418007B677A6FD7F8D4309A4202D9D7F8D4303C
:107428007B67144A7B6FD366786FFFF704FB174AB4
:107438007B681360164A3B68136000233B670CE0C7
:107448003B6F9B00A0333B4453F86C2C11493B6FB6
:1074580041F823203B6F01333B673B6F032BEFDD84
:10746800044B012283F8632000231846A037BD4649
:10747800BDE8B08F80040020142701082C270108DC
:10748800246B88440000C04000007A44580400205F
:107498005C0400206004002080B58CB008AFF86060
:1074A800B9607A603B603B6A0793A02306934FF468
:1074B800FA5305934FF4FA7304934FF47A730393D2
:1074C8004FF496730293FB690193BB6900933B6881
:1074D8007A68B968F868FFF747FC0346184610371A
:1074E800BD4680BD80B588B004AFF860B9607A60E9
:1074F8003B60094B02934FF07E5301934FF07E534C
:1075080000933B687A68B968F868FFF7C5FF0346D7
:1075180018461037BD4680BD4027010880B58CB09D
:1075280008AFF860B9607A603B600F4B0793A023FF
:10753800069342F6E06305934FF42F7304934FF4D8
:10754800966303934FF496730293FB690193BB69A7
:1075580000933B687A68B968F868FFF705FC03464A
:1075680018461037BD4680BDC426010890B5A3B0A3
:1075780002AFF860B9607A603B604FF00003FB67C8
:107588004FF00003BB67D7F89830002B03D0D7F82B
:10759800983000221A604FF00001D7F89000F9F7F0
:1075A800B1FA0346002B03D04FF07E53C7F8903052
:1075B8004FF00001D7F89400F9F7A4FA0346002B1E
:1075C80003D04FF07E53C7F89430B968F868FFF7D6
:1075D800F5F90346002B06D039687868FFF7EEF90D
:1075E8000346002B01D104237AE107F140031A4630
:1075F800B968F868FFF77EF907F130031A46396869
:107608007868FFF777F9002387F877307AE097F8FA
:1076180077309B0080333B4453F8502C97F87730F1
:107628009B0080333B4453F8403C97F87740194619
:107638001046F8F7B5FF03461A46A30080333B44CB
:1076480043F8602C97F877309B0080333B4453F81D
:10765800603C23F000431946F86FF9F749FA0346EE
:10766800002B09D097F877309B0080333B4453F8C0
:10767800603C23F00043FB6797F877309B0080332A
:107688003B4453F8603C4FF000011846F9F730FAD4
:107698000346002B02D0D7F8903001E0D7F8943099
:1076A8003B6597F877309B0080333B4453F8603C48
:1076B80023F0004397F87740396D1846F9F77AF8C0
:1076C80003461A46A30080333B4443F8702C97F8CE
:1076D80077309B0080333B4453F8703C1946B86FB1
:1076E800F9F706FA0346002B07D097F877309B0086
:1076F80080333B4453F8703CBB6797F877300133CD
:1077080087F8773097F87730032B80D97649F86F68
:10771800F9F7EEF90346002B06D17349B86FF9F76C
:10772800E7F90346002B01D00023D9E0002387F8AE
:10773800763089E097F87630013387F85F3097F82C
:1077480076309B0080333B4453F8603C4FF0000197
:107758001846F9F7CDF90346002B01D0012200E0C5
:10776800002297F85F3011461846FEF7ABFC034637
:1077780087F85E3097F876309B0080333B4453F8A7
:10778800703C5A491846F9F715F803464FF07C51F2
:107798001846F8F707FF03461846F9F7E7F90346CE
:1077A800BB6597F876309B0080333B4453F8703CB8
:1077B800B96F1846F9F7B2F803463B674C49386F7A
:1077C800F9F796F90346002B01D0494B3B67494925
:1077D800386FF8F7EFFF03461846F9F7C7F903467D
:1077E800A7F86E30B7F86E30002B02D10123A7F846
:1077F8006E3097F85F301846FFF798FAB7F86E20A2
:1078080097F85E1097F85F003B4B019302230093B3
:10781800BB6DFFF753F9034687F8573097F8573091
:10782800002B04D0FFF7EEF897F8573058E078208F
:10783800FFF701F997F85F301846FFF786FA97F8CF
:107848007630013387F8763097F87630032B7FF659
:1078580071AFFEF763FF034687F867302349B86FB7
:10786800F8F7A8FF03464FF07C511846F8F79AFE40
:1078780003461846F9F77AF903463B66386EF8F777
:1078880041FF03461D491846F9F748F803461C49C5
:107898001846F8F78FFF03461846F9F767F90346C5
:1078A8005033BB6697F86730002B04D0FFF7AAF86F
:1078B80097F8673014E0BB6E772B01D87823BB6646
:1078C800BB6EB3F57A6F02D94FF47A63BB66D7F80B
:1078D8009830002B03D0D7F89830BA6E1A6000237E
:1078E80018468437BD4690BD0AD7233C246B88448C
:1078F800CDCC4C3D000016445827010800006145D6
:1079080000007A4480B485B000AF78603960002305
:10791800FB730AE0FB7B3A681A44FB7B79680B44EB
:1079280012781A70FB7B0133FB73FB7B3A681344B4
:107938001B78002B02D0FB7B2E2BEBD9FB7B7A68C4
:10794800134400221A7000BF1437BD4680BC70472C
:1079580080B582B000AF03463960FB7139680848CA
:10796800FFF7D0FF074AFB7982F88030054B1B6F81
:107978000133044A136700BF0837BD4680BD00BF06
:10798800AD0600202C06002080B582B000AF7860DC
:1079980079680648FFF7B6FF054B5B6F0133044A69
:1079A800536700BF0837BD4680BD00BFDD06002015
:1079B8002C06002090B585B000AF786039600023B0
:1079C800BB607B68002B03D07B681B78002B01D140
:1079D800002325E007F108031946786806F008FE39
:1079E800F860BB687A689A4214D0BB681B78002B91
:1079F80010D1FB6823F000440B492046F9F7A0F8A2
:107A08000346002B06D108492046F9F78FF80346AC
:107A1800002B01D0002303E03B68FA681A600123B9
:107A280018461437BD4690BDFFFF7F7F80B483B0F2
:107A380000AF7860064BDB6E0133054AD366044A13
:107A48007B68136600BF0C37BD4680BC704700BF1B
:107A58002C06002080B582B000AF786014497868A1
:107A6800F9F7A4F80346002B1BD012497868F9F7F8
:107A78009DF80346002B14D00F497868F9F796F85B
:107A88000346002B0DD00D497868F9F78FF80346A7
:107A9800002B06D00A497868F9F788F80346002BC6
:107AA80001D1012300E0002318460837BD4680BDF8
:107AB8005C270108642701086C270108742701085E
:107AC8007C27010880B582B000AFFC22002118484D
:107AD80007F04CFF174B00221A80174B00221A7030
:107AE800164B00221A704FF4807215491548FCF79E
:107AF80023FA0346FB710E4AFB7982F85630FB796C
:107B0800002B11D10F4BDB6B002B0DD0084B012242
:107B180083F855200B4BDB6B1B681A68094BDB6B32
:107B28001B6822F004021A6000BF0837BD4680BDFA
:107B38002C060020F4050020280600202906002035
:107B4800F4040020E002002080B596B000AF786011
:107B5800F9F7E8FF386500233B61994A3B6DD36527
:107B6800974B9B6E0133964A936607F11403796825
:107B78001846FFF7C7FE7B681B78002B06D107F174
:107B8800140319460120FFF7E3FE43E12C2178682E
:107B980007F0F4FE78657B6D002B05D07B6D002225
:107BA8001A707B6D01337B657B68FB648549F86CD3
:107BB800F8F7FCFF0346002B36D17B6D002B03D072
:107BC8007B6D1B78002B06D107F11403194605209D
:107BD800FFF7BEFE1EE107F110030A221946786D71
:107BE80006F0D8FD78643B697A6D9A4203D03B6908
:107BF8001B78002B06D007F1140319460620FFF75F
:107C0800A7FE07E16E4A7B6C13656D4B012283F872
:107C180054206B4BD3F8F8300133694AC2F8F83076
:107C2800386DFFF703FFF5E06749F86CF8F7BEFF1A
:107C38000346002B20D0F86CFFF70CFF0346002BFF
:107C48001AD16249F86CF8F7B1FF0346002B13D03C
:107C58005F49F86CF8F7AAFF0346002B0CD05D4982
:107C6800F86CF8F7A3FF0346002B05D007F11403BF
:107C78001846FFF789FECDE07B6D002B06D107F192
:107C8800140319460520FFF763FEC3E02C21786D25
:107C980007F074FEB864BB6C002B06D107F114031F
:107CA80019460520FFF754FEB4E0BB6C00221A7099
:107CB80007F10C031946786DFFF77CFE0346002B8D
:107CC8000AD0BB6C013307F1080211461846FFF7CA
:107CD80071FE0346002B06D107F11403194606204E
:107CE800FFF736FE96E03849F86CF8F75FFF034671
:107CF800002B13D1FB68324A1360BB68304A5360CB
:107D08002F4B01221A722E4A3B6DD3602C4BD3F8AD
:107D1800E43001332A4AC2F8E43078E0F86CFFF71F
:107D280099FE0346002B13D0FB68254A1361BB68F4
:107D3800234A5361224B01221A76214A3B6DD361B3
:107D48001F4BD3F8E83001331D4AC2F8E8305EE033
:107D58001E49F86CF8F72AFF0346002B14D1FB687C
:107D6800174A1362BB68164A5362154B012283F8FF
:107D78002820134A3B6DD362114BD3F8EC30013302
:107D88000F4AC2F8EC3042E01149F86CF8F70EFFE0
:107D98000346002B20D1FB68094A1363BB68084AD5
:107DA8005363074B012283F83820054A3B6DD363A0
:107DB800034BD3F8F0300133014AC2F8F03026E023
:107DC8002C06002080270108842701088C27010839
:107DD800942701089C2701081049F86CF8F7E6FE7B
:107DE8000346002B13D1FB680D4A1364BB680C4A89
:107DF80053640B4B012283F84820094A3B6DD36436
:107E0800074BD3F8F4300133054AC2F8F430386D23
:107E1800FFF70CFE5837BD4680BD00BF9C27010800
:107E28002C06002080B582B000AF0346FB71384BAA
:107E38005B6E0133364A5366F9F774FE0346344ADB
:107E48009365FB79242B18D1324B1B78002B0DD06E
:107E5800314B1B78002B09D02F4B1B781A462F4B20
:107E6800002199542D490320FFF772FD294B012267
:107E78001A70294B00221A7047E0264B1B78002BFA
:107E880007D1FB79232B3DD125490220FFF760FD5F
:107E980038E0FB79232B0FD11F4B1B781A461F4B59
:107EA800002199541D48FFF74FFE1A4B00221A7003
:107EB800194B00221A7028E0FB790D2B24D0FB798E
:107EC8000A2B21D0144B1B782E2B0AD8124B1B7867
:107ED8005A1CD1B2104A11701946104AFB795354F2
:107EE80013E00D4B1B781A460C4B002199540B4993
:107EF8000420FFF72DFD074B00221A70064B0022C5
:107F08001A7002E000BF00E000BF0837BD4680BD20
:107F18002C0600202906002028060020F80500204D
:107F2800A427010880B582B000AF78600B467B803B
:107F38007B681B681C4A934232D17B88FF2B29D966
:107F48000BE01A4B1B885A1C91B2184A11801A462A
:107F5800174B9B5C1846FFF765FF144B1B88FF2BDC
:107F6800EFD9124B00221A801BE0104B1B881A46CF
:107F78000F4B9B5C1846FFF755FF0C4B1B880133D2
:107F88009AB20A4B1A80094B1B88FF2B02D9074B60
:107F980000221A80054B1B887A889A42E5D100E0B6
:107FA80000BF0837BD4680BD00440040F4050020EE
:107FB800F404002080B582B000AF78607B681B684D
:107FC800094A93420BD17868FCF75FFB0346074ADE
:107FD800D367064B9B6F0133044A936700E000BFE9
:107FE8000837BD4680BD00BF004400402C06002075
:107FF80080B58CB000AF524B93F85430002B00F092
:108008009B804F4B002283F854200023FB62FB6ABD
:108018005A1CFA6230333B44242203F8242CFB6AAE
:108028005A1CFA6230333B44482203F8242CFB6A7A
:108038005A1CFA6230333B44422203F8242CFB6A70
:108048005A1CFA6230333B442C2203F8242C3C4B54
:108058001B6DBB6200237B62BB6A002B08D17B6A65
:108068005A1C7A6230333B44302203F8302C48E003
:10807800BB6ADB0FDBB23B623B6A002B21D0BB6AD9
:108088005B42BB621DE0BA6A2E4B83FB0213991058
:10809800D317C91A0B469B000B445B00D11ACAB20E
:1080A8007B6A591C79623032D2B230333B4403F8D0
:1080B800302CBB6A234A82FB03129210DB17D31AB7
:1080C800BB62BB6A002B02DD7B6A0A2BDBDD3B6AE5
:1080D800002B16D07B6A5A1C7A6230333B442D221F
:1080E80003F8302C0DE07B6A013B7B62FB6A5A1C6B
:1080F800FA6239467A6A0A44127830333B4403F804
:10810800242C7B6A002BEEDCFB6A5A1CFA623033A3
:108118003B44232203F8242CFB6A5A1CFA623033AE
:108128003B440A2203F8242CFB6A9AB207F10C019B
:1081380014230548FBF7DEFD00BF3037BD4680BD80
:108148002C06002067666666E002002080B58AB0CB
:1081580000AF78607B68002B03D07B681B78002B0E
:1081680001D100231DE007F10C007B680F4A18219C
:1081780007F0F0FA78627B6A002B02DD7B6A172B26
:1081880001DD00230DE07B6A9AB207F10C011E2382
:108198000748FBF7AFFD0346002B01D1012300E0A0
:1081A800002318462837BD4680BD00BFA827010810
:1081B800E002002080B582B000AF78600A4B1B6EE9
:1081C800002B01D100230BE0F9F7ACFC0246064B6B
:1081D8001B6ED31A7A689A422CBF01230023DBB2A4
:1081E80018460837BD4680BD2C060020B0B584B0BF
:1081F80000AF786039607B681A683B681B6819466D
:108208001046F8F7CDF90346FB6001231C464FF0F2
:108218000001F868F8F78AFC0346002B01D1002317
:108228001C46E3B21C4601231D464FF00001F868C6
:10823800F8F75EFC0346002B01D100231D46EBB284
:10824800E31A18461037BD46B0BD80B483B000AFFE
:10825800786039607A683B689A4203D37A683B68E9
:10826800D31A02E03A687B68D31A18460C37BD4621
:1082780080BC704790B59FB000AFF860B9607A6075
:108288003B60002387F8773000233B670023FB66B9
:10829800F9F748FCB86663E0694BD3F8E4307B66CD
:1082A800674BD3F8F0303B667B6E002B53D03B6EA8
:1082B800002B50D07A6E3B6F9A424ED03A6EFB6ECE
:1082C8009A424AD05E4BDB685D4AD26B114618462B
:1082D800FFF7BBFF0346502B41D8594B1B68584A40
:1082E800126B97F8774011461846F8F759F9034684
:1082F8001A46A30078333B4443F82C2C504B5B6858
:108308004F4A526B97F8774011461846F8F748F9E4
:1083180003461A46A30078333B4443F8402C97F8A9
:108328007730474A126B9B0078333B4443F8542C10
:1083380097F87730424A526B9B0078333B4443F8B6
:10834800682C97F87730013387F877307B6E3B6776
:108358003B6EFB6604E000BF02E000BF00E000BF28
:1083680097F87730042B07D8F9F7DCFB0246BB6E89
:10837800D31AB3F5617F8FD397F87730022B01D8E2
:10838800002358E097F8771007F14C002D4B042292
:1083980006F043FA97F8771007F13800294B0422C2
:1083A80006F03BFA97F8771007F12400254B0422D2
:1083B80006F033FA97F8771007F11000214B0422E2
:1083C80006F02BFAFB68002B0AD097F877305B0889
:1083D800DBB29B0078333B4453F82C2CFB681A60C3
:1083E800BB68002B0AD097F877305B08DBB29B009C
:1083F80078333B4453F8402CBB681A607B68002BE9
:108408000AD097F877305B08DBB29B0078333B449F
:1084180053F8542C7B681A603B68002B0AD097F8F5
:1084280077305B08DBB29B0078333B4453F8682C09
:108438003B681A60012318467C37BD4690BD00BFD3
:108448002C060020F581000880B58EB000AF78605A
:108458003960002387F83730F9F764FB38631DE08B
:108468002D4B1B7E002B19D02B4B00221A7697F828
:108478003730294A12699B0038333B4443F81C2C97
:1084880097F83730244A52699B0038333B4443F805
:10849800302C97F83730013387F8373097F8373072
:1084A800042B07D8F9F73EFB02463B6BD31AB3F50A
:1084B800617FD5D397F83730022B01D8002326E007
:1084C80097F8371007F11C00144B042206F0A5F9A1
:1084D80097F8371007F10800104B042206F09DF9B1
:1084E80097F837305B08DBB29B0038333B4453F8CE
:1084F8001C2C7B681A6097F837305B08DBB29B004E
:1085080038333B4453F8302C3B681A600123184633
:108518003837BD4680BD00BF2C060020F581000815
:1085280080B500AF20210548FAF7CEF80346002BA6
:1085380001D1012300E00023184680BD001001404E
:1085480080B582B000AFFFF7EBFF0346FB71FB7904
:10855800002B05D0074B1B78002B01D1012300E02D
:108568000023BB71034AFB791370BB79184608379F
:10857800BD4680BD3007002080B483B000AF78606E
:1085880039607A683B689A4203D37A683B68D31AA1
:1085980000E0002318460C37BD4680BC7047000039
:1085A800B0B584B000AF03463960FB710023FB739C
:1085B8001EE0FB7939681846FEF74AF90346BB7393
:1085C800BB7B002B01D1012316E0FC79FB7B5D1CF2
:1085D800BB7B1846FDF7F8F903462A4621460848AA
:1085E80006F08CFF2820F9F7A7FAFB7B0133FB7311
:1085F800FB7B022BDDD9002318461037BD46B0BDE2
:108608002428010880B483B000AF78607B68002B11
:10861800B8BF5B4218460C37BD4680BC704780B572
:1086280082B000AF0346FB71FB79022B02D17820A0
:1086380004F0C8FC00BF0837BD4680BD80B582B0D5
:1086480000AF0346FB71FB79022B02D1502004F0E6
:10865800B9FC00BF0837BD4680BD0000F0B587B043
:1086680002AF3B600346FB710B46BB711346BB80F0
:108678000223FB730023BB733BE0FB791846FFF72B
:10868800CEFFBA88B979F8790123019397F8283091
:1086980000933B68FDF768FF0346FB73FB7B002BE9
:1086A80005D1FB791846FFF7C9FF00232BE0FB6AC9
:1086B800002B01D0FC6A00E0154CFD79BB7B5E1CE9
:1086C800FB7B1846FDF780F90346009333462A469C
:1086D8002146104806F012FFFB7B062B03D00E48FC
:1086E800FDF76EFC08E05A20F9F726FABB7B013348
:1086F800BB73BB7B022BC0D9FB7B062B02D107487F
:10870800FDF75EFCFB7B18461437BD46F0BD00BF85
:10871800442801084C2801086C280108842801080D
:1087280080B483B000AF78600B46FB707B685B78E1
:10873800FA789A420AD17B689B78022B0CD87B681E
:108748009B780133DAB27B689A7005E07B68002277
:108758009A707B68FA785A707B689B78012B07D9E6
:108768007B681B78FA789A4202D07B68FA781A708C
:1087780000BF0C37BD4680BC704780B483B000AFE3
:1087880078607B681B78002B01D0012300E0002370
:1087980018460C37BD4680BC7047000080B500AF56
:1087A80003220021314807F0E1F803220021304874
:1087B80007F0DCF8032200212E4807F0D7F803223F
:1087C80000212D4807F0D2F8032200212B4807F09A
:1087D800CDF8032200212A4807F0C8F8294B0022C7
:1087E8001A70294B00221A70284B00221A70284B45
:1087F80000221A70274B00221A70274B00221A7089
:10880800F9F790F90346254A1360244B1B68244A5C
:108818001360224B1B68234A1360204B1B68224AB3
:108828001360224B00221A601C4B1B68204A1360FD
:10883800204B00221A70204B00221A701F4B4FF059
:1088480000021A601E4B4FF000021A601D4B4FF0D9
:1088580000021A601C4B4FF000021A601B4B0022EA
:108868001A7000F06FFA00BF80BD00BFAC0700208F
:10887800B0070020B4070020B8070020BC0700207C
:10888800C0070020C3070020C4070020C507002038
:10889800C6070020C7070020C80700207C07002063
:1088A8008007002084070020880700208C0700200C
:1088B80090070020940700209507002098070020C3
:1088C8009C070020A0070020A4070020A80700207C
:1088D80080B582B000AFF9F725F97860314B1B6895
:1088E8007A68D31A092B58D92E4A7B68136001215C
:1088F8002D48F9F7E9FE0346002B01D1012300E0DA
:10890800002319462948FFF70BFF02212648F9F7EB
:10891800DBFE0346002B01D1012300E000231946AA
:108928002348FFF7FDFE04211F48F9F7CDFE034653
:10893800002B01D1012300E0002319461D48FFF751
:10894800EFFE08211848F9F7BFFE0346002B01D1B6
:10895800012300E0002319461748FFF7E1FE012133
:108968001648F9F7B1FE0346012B01D1012300E0B7
:10897800002319461248FFF7D3FE4FF400410F4871
:10898800F9F7A2FE0346002B01D1012300E00023E2
:1089980019460C48FFF7C4FE00E000BF0837BD4683
:1089A80080BD00BF7C07002000100140AC070020FC
:1089B800B0070020B4070020B807002000080140D5
:1089C800BC070020C007002080B582B000AF0C486B
:1089D800FFF7D3FE0346FB71FB79002B05D0094B4B
:1089E8001B78002B01D1012300E00023BB71054A4D
:1089F800FB791370BB7918460837BD4680BD00BFA8
:108A0800BC070020C307002080B584B000AF7860A1
:108A180039607B68002B02D03B68002B01D1002312
:108A280013E07868FFF7A9FE0346FB73FB7B002B76
:108A380005D03B681B78002B01D1012300E00023FF
:108A4800BB733B68FA7B1A70BB7B18461037BD4670
:108A580080BD000080B500AF03490448FFF7D4FF8C
:108A68000346184680BD00BFC4070020C007002089
:108A780080B400AF04231846BD4680BC7047000090
:108A880080B584B000AF0346FB71FFF7F1FF0346E2
:108A9800BB73BB7B002B01D1002318E0FB79032BB0
:108AA80001D90023FB71FB790B4AD35CFB73FA7B7A
:108AB800BB7B9A4207D3FB79BA7BB3FBF2F101FB8C
:108AC80002F29B1AFB73FB7B1B01044A13441846F2
:108AD8001037BD4680BD00BF10000020384801088F
:108AE80080B58AB002AFF8607A601A460B46FB720E
:108AF8001346BB720023FB777B68002B59D0BB7AE7
:108B0800002B56D07B6800221A700023BB7748E000
:108B1800FB68002B04D0BB7FFA6813441B7802E083
:108B2800BB7F274AD35CFB75264BBB61FFF7A0FFD1
:108B380003461A46FB7D934205D2FB7D224A1B0160
:108B480013441B68BB61FB7F7A68D018BA7AFB7F35
:108B5800D31A1946BB7F002B01D11C4A00E01C4ADE
:108B6800BB69009313461B4A06F0F4FD38613B6964
:108B7800002B20DD3B69DAB2B97AFB7FCB1ADBB276
:108B88009A4206D3BB7A013B7A68134400221A70D2
:108B980012E03B69DAB2FB7F1344FB77BB7F0133FA
:108BA800BB77BA7FFB7A9A4206D2BB7F032BAFD939
:108BB80002E000BF00E000BF2037BD4680BD00BF17
:108BC8001000002098280108384801089C2801084E
:108BD800A0280108A428010880B485B000AF034686
:108BE8000A46FB711346BB710023FB730AE0FB7B4B
:108BF8000B4AD35CFA799A4201D101230AE0FB7B44
:108C08000133FB73FA7BBB799A4202D2FB7B032BBD
:108C1800EDD9002318461437BD4680BC704700BF05
:108C28000C00002080B584B000AF0346FB71FFF74D
:108C38001FFF0346BB73BB7B002B01D1002320E041
:108C48000123FB7318E0FA79FB7B1344BA7B93FB8F
:108C5800F2F101FB02F29B1A7B730C4B1A787B7BB7
:108C680011461846FFF7B8FF0346002B01D17B7B5E
:108C780007E0FB7B0133FB73FA7BBB7B9A42E2D9AB
:108C8800FB7918461037BD4680BD00BFCA070020D3
:108C980080B584B000AF0346FB71FFF7E9FE0346D9
:108CA800BB73BB7B002B01D1002322E00123FB73A4
:108CB8001AE0FA79BB7B1A44FB7BD31ABA7B93FB85
:108CC800F2F101FB02F29B1A7B730C4B1A787B7B47
:108CD80011461846FFF780FF0346002B01D17B7B26
:108CE80007E0FB7B0133FB73FA7BBB7B9A42E0D93D
:108CF800FB7918461037BD4680BD00BFCA07002063
:108D080080B483B000AF0023FB7106E0FB790A4A08
:108D1800FF21D154FB790133FB71FB79032BF5D982
:108D2800064B00221A70064B00221A7000BF0C373F
:108D3800BD4680BC704700BF0C000020CA07002059
:108D4800CB07002080B582B000AFFFF791FE034645
:108D5800BB710023FB710CE0FA79BB799A4201D20E
:108D6800FA7900E00022FB790849CA54FB790133FB
:108D7800FB71FB79032BEFD9FFF7C2FF044B0022ED
:108D88001A7000BF0837BD4680BD00BF1000002024
:108D9800C907002080B500AF1248FFF7EEFC034674
:108DA8001A46114B1A701148FFF7E7FC03461A469A
:108DB8000F4B1A700F48FFF7E0FC03461A460E4B9C
:108DC8001A700E48FFF7D9FC03461A460C4B1A7066
:108DD8000C48FFF7D2FC03461A460B4B1A7000BF2B
:108DE80080BD00BFAC070020C5070020B0070020E9
:108DF800C6070020B4070020C7070020B8070020D6
:108E0800C8070020BC070020C307002080B582B037
:108E180000AF0346FB71FB79FF2B01D1094B0DE035
:108E2800FFF726FE03461A46FB79934205D2FB79E3
:108E3800054A1B0113441B6800E0044B1846083719
:108E4800BD4680BDAC2801083848010898280108AB
:108E580080B582B000AFFFF70BFE03467B717B79CC
:108E6800002B02D1FFF74CFF23E00023FB7116E033
:108E7800FB79114AD35CBB71BA797B799A4207D3E3
:108E8800FB797A79B3FBF2F101FB02F29B1ABB7111
:108E9800FB790A49BA79CA54FB790133FB71FB792A
:108EA800032BE5D9064B04221A70044B1A78054B9C
:108EB8001A700837BD4680BD100000200C00002045
:108EC800CA070020CB07002090B58BB002AF4A4BF1
:108ED8001B78032B01D9012300E00023FB7604F063
:108EE80035FC4649002004F0B8FCFB7E002B04D07A
:108EF8004349012004F0B1FC22E0424BFB61FFF73B
:108F0800B7FD03461A46404B1B789A4206D93E4B9A
:108F18001B783E4A1B0113441B68FB61364B1B78C8
:108F28005A1C3846FB690193042300931346384AB8
:108F3800182106F00FFC3B461946012004F08DFC71
:108F4800344B1B781846FFF761FF0446314B5B78BA
:108F58001846FFF75BFF03463846009323462E4A20
:108F6800182106F0F7FB3B461946022004F075FC71
:108F7800284B9B781846FFF749FF0446254BDB78BA
:108F88001846FFF743FF0346384600932346234A13
:108F9800182106F0DFFB3B461946032004F05DFC70
:108FA800FB7E002B0CD01E49042004F056FC1D4902
:108FB800052004F052FC1C49062004F04EFC0FE08A
:108FC8001A49042004F049FC1949052004F045FC1D
:108FD8001849062004F041FC1349072004F03DFC21
:108FE80004F0C0FBF8F79EFD0346134A136000BF68
:108FF8002437BD4690BD00BFCA070020B02801082D
:10900800BC28010898280108CB0700203848010827
:10901800CC2801080C000020E0280108EC280108F1
:10902800F82801080829010814290108202901083D
:1090380034290108442901089007002080B586B02A
:1090480000AF394B1B78032B6AD8384B1B78364A4C
:10905800127811461846FFF7BFFD0346002B20D0B3
:10906800FFF706FD03461A46304B1B789A4206D98D
:109078002E4B1B782E4A1B011344196800E02D491A
:10908800294B1B785A1C04232B4806F037FA274B28
:109098001B781846FFF7C6FD03461A46234B1A707D
:1090A8003FE0214B1B781A46204B1978234B9954E3
:1090B8001D4B1B780133DAB21B4B1A701A4B1B7805
:1090C800032B23D90023FB7508E0FA7DFB7D1B49A0
:1090D800895C1B4AD154FB7D0133FB75FB7D032B57
:1090E800F3D93A46162304211548FFF7F9FC3B4605
:1090F8001946144806F002FA012003F085FE3C20C8
:1091080003F060FF002003F07FFE0AE0074B1B78A6
:109118001846FFF787FD03461A46044B1A7000E00D
:1091280000BF1837BD4680BDCA070020CB07002006
:109138003848010898280108542901080C00002023
:10914800100000209829010880B400AF0E4B1B784E
:10915800002B03D10D4B00221A7012E00A4B1B782A
:10916800013BDAB2084B1A70074B1B781A46084BBA
:109178009A5C064B1A70044B1B781A46044BFF2165
:109188009954BD4680BC7047CA070020CB07002011
:109198000C00002080B586B000AF0F4B1B78002B69
:1091A80005D00E4806F01AFA00F0D6F810E000F0E4
:1091B8001FFFFFF74DFEFFF7EDFD094B01221A7067
:1091C8003A46162304210748FFF78AFCFFF77CFE7E
:1091D8001837BD4680BD00BFA9070020BC2901087B
:1091E800C90700201000002080B586B000AF074BEB
:1091F80000221A703A46162304210548FFF770FC2E
:1092080000F0AAF800BF1837BD4680BDC907002086
:109218001000002080B500AF324B1B78002B01D125
:1092280000235DE030493148FFF7EEFB0346002B91
:109238000ED02F4B1B78032B08D82E4B1B781846C3
:10924800FFF726FD03461A462A4B1A70FFF73CFE25
:1092580029492A48FFF7D8FB0346002B0ED0244B98
:109268001B78032B08D8234B1B781846FFF7DAFC2A
:1092780003461A461F4B1A70FFF726FE204921485D
:10928800FFF7C2FB0346002B03D0FFF7D7FEFFF71B
:109298001BFE1D491D48FFF7B7FB0346002B03D0F3
:1092A800FFF752FFFFF710FEFFF78EFB0346002B78
:1092B80015D00F4B1B78032B04D90A4B00221A70C8
:1092C80001230DE00A4B1B7804221946104806F0CA
:1092D80015F91049052004F0C0FA04F043FA0023F8
:1092E800184680BDC9070020C5070020AC0700202C
:1092F800CA070020CB070020C6070020B0070020BF
:10930800C7070020B4070020C8070020B8070020BE
:10931800082A0108442A010880B500AF04F016FAAB
:109328000949002004F099FA0849022004F095FA46
:109338000749042004F091FA0649062004F08DFA42
:1093480004F010FA00BF80BD582A0108682A0108F5
:10935800782A01088C2A0108B0B58AB004AF04F055
:10936800F5F9324B1B78002B17D03149002004F057
:1093780074FA3049022004F070FA2F49042004F0EE
:109388006CFA2E49062004F068FA04F0EBF9F8F7B5
:10939800C9FB03462A4A136045E02A49002004F025
:1093A8005CFA294B1B681846F7F79EF804460D46E9
:1093B800264B1B681846F7F797F802460B463846BF
:1093C800CDE90223CDE90045214A162106F0C2F96C
:1093D8003B461946012004F040FA1E49022004F0D9
:1093E8003CFA1D49032004F038FA1C49042004F013
:1093F80034FA1B49052004F030FA1A49062004F013
:109408002CFA3A46162304211748FFF769FB3B4616
:109418001946072004F021FA04F0A4F9F8F782FBB2
:109428000346074A13601837BD46B0BDA907002098
:109438009C2A0108AC2A0108BC2A0108CC2A010888
:1094480090070020DC2A0108740700207807002014
:10945800E82A0108F82A01080C2B0108202B01082A
:109468002C2B01083C2B01081000002080B582B08D
:1094780000AFF8F757FB7860054B1B687A68D31A7A
:10948800C72B01D9FFF768FF00BF0837BD4680BD6D
:109498009007002080B483B000AF786000BF0C371D
:1094A800BD4680BC70470000B0B584B002AF012350
:1094B800FB7141E0FB7901211846FCF703FE0346E6
:1094C800FB70F978F879344B019302230093282331
:1094D8003C22FFF7C3F80346BB70BB78002B25D0AE
:1094E800FC79FB78002B01D12C4D00E02C4DBB788A
:1094F8001846FCF769FA0346009328232A462146B2
:10950800284805F0FBFF0123BB710AE0BB79002165
:109518001846FDF759F90F20F8F70EFBBB79013310
:10952800BB71BB79042BF1D9BB7830E01920F8F76F
:1095380003FBFB790133FB71FB79042BBAD9FDF7E7
:10954800EDF803463B713B79002B1BD03B7918465D
:10955800FCF73AFA03461946134805F0CFFF0123F2
:109568007B710AE07B7900211846FDF72DF90F2061
:10957800F8F7E2FA7B7901337B717B79042BF1D917
:109588003B7904E04FF4967003F01CFD0023184665
:109598000837BD46B0BD00BF4C2B0108542B01084D
:1095A800582B01085C2B0108842B010890B589B061
:1095B80000AF0023FB778DE04FF000037B604FF096
:1095C80000033B603A463B1D1146184603F06AFD0E
:1095D8000346002B04D1454806F000F8002381E03B
:1095E8007B687A6811461846F7F7E4F803461C4684
:1095F8003B683A6811461846F7F7DCF803461946FF
:109608002046F6F7CFFF0346184604F03BF9B86149
:109618003749B869F7F776FA0346002B01D00123DA
:1096280060E07B683A6811461846FDF7C7F90346BB
:10963800002B04D12F4805F0D1FF002352E02E491A
:10964800B869F7F755FA0346002B01D0BB6900E06B
:10965800294B7B617C687B68B9691846F7F75EF926
:10966800034679691846F7F7A5F8034619462046D0
:10967800F6F796FF03463B613C683B68B9691846B4
:10968800F7F74CF9034679691846F7F793F8034654
:1096980019462046F6F784FF0346FB607868396868
:1096A800FB683A69FDF71EFF0346FB72FB7A002B45
:1096B8000AD0FB7A1846FCF787F9034619460F4883
:1096C80005F01CFF00230DE0FA2003F07BFCFB7F74
:1096D8000133FB77FB7F072B7FF66EAF084805F059
:1096E8007DFF002318462437BD4690BD9C2B0108FA
:1096F8009A99193FD42B01083333B33E082C01083B
:10970800302C010890B595B004AF0346FB710023D7
:1097180087F83F30AB4B1B7887F83630AA48FEF7FE
:1097280015FD0346002B02D1A84805F057FF4FF45A
:10973800AF7003F047FC04F009F8A549002004F0D5
:109748008CF8A449022004F088F804F00BF8C8202B
:1097580003F038FC4FF4FA70FEF72CFD0346002B9B
:1097680010D103F0F3FF9C49002004F076F89B49E0
:10977800022004F072F803F0F5FF994805F02EFF77
:1097880000232BE2002387F83E3000E14FF000036E
:10979800FB604FF00003BB6007F1080207F10C0300
:1097A8001146184603F07EFC0346002B10D103F047
:1097B800CDFF8C49002004F050F88B49022004F0BA
:1097C8004CF803F0CFFF894805F008FF002305E2B5
:1097D800FB68FA6811461846F6F7ECFF03461C4684
:1097E800BB68BA6811461846F6F7E4FF03461946FF
:1097F8002046F6F7D7FE0346184604F043F83863C8
:10980800386BF6F771FE02460B4697F83E1007F1E3
:1098180010000291CDE90023754A162105F09AFF40
:1098280007F110031946022004F017F803F09AFF15
:109838007049386BF7F766F90346002B03D001230C
:1098480087F83F30A8E04FF08341386BF7F76EF99F
:109858000346002B08D1FB68BA6811461846FDF785
:10986800ADF80346002B1AD103F070FF62490020BF
:1098780003F0F3FF5C49022003F0EFFF03F072FFEF
:10988800386BF6F731FE02460B464FF000005B4995
:10989800CDE900015A4805F031FE00239EE15949FF
:1098A800386BF7F743F90346002B11D05549386B4D
:1098B800F6F776FE0346BB634FF08041B86BF7F7C7
:1098C80035F90346002B10D04FF08043BB630CE002
:1098D8004FF07C51386BF7F70BF90346002B01D09A
:1098E8003B6B01E04FF07C53BB63FC68FB68396B52
:1098F8001846F7F713F80346B96B1846F6F75AFFF8
:10990800034619462046F6F74BFE0346FB62BC6841
:10991800BB68396B1846F7F701F80346B96B184668
:10992800F6F748FF034619462046F6F739FE034680
:10993800BB62F868B968BB6AFA6AFDF7D3FD0346EB
:1099480087F8273097F82730002B17D097F827305B
:109958001846FCF739F8034619462B4805F0CEFDA2
:1099680003F0F4FE2949002003F077FF1B49022089
:1099780003F073FF03F0F6FE00232FE14FF4967017
:1099880003F020FB97F83E30013387F83E3097F814
:109998003E301D2B7FF6FAAE97F83F30002B3DD1B5
:1099A80003F0D4FE1A49002003F057FF194902209A
:1099B80003F053FF03F0D6FE174805F00FFE00230F
:1099C8000CE100BFA9070020702C0108782C0108C1
:1099D800AC2C0108BC2C0108CC2C0108D82C01089F
:1099E800E42C01080C2D0108682A0108202D010823
:1099F800502D01089A99193F602D01080000304048
:109A0800682D010800004040B02D0108F82D01081C
:109A1800082E0108142E0108242E0108FB79002BBA
:109A28004ED003F093FE6F49002003F016FF6E49F5
:109A3800022003F012FF03F095FEFFF735FD034601
:109A480087F8263097F82630002B17D003F07EFED3
:109A58006649002003F001FF6549022003F0FDFE7E
:109A680003F080FE97F826301846FBF7ADFF034653
:109A78001946604805F042FD0023AFE003F066FE9A
:109A88005D49002003F0E9FE5C49022003F0E5FE91
:109A980003F068FEFFF78AFD0346002B10D103F0A0
:109AA80055FE5749002003F0D8FE5649022003F01E
:109AB800D4FE03F057FE544805F090FD00238DE0D6
:109AC800FDF7BEF80346002B10D003F03FFE4F49C8
:109AD800002003F0C2FE4E49022003F0BEFE03F050
:109AE80041FE4C4805F07AFD002377E0002387F813
:109AF80037300AE097F83730474A002142F82310F8
:109B080097F83730013387F8373097F83730032B19
:109B1800F0D9424B01221A70414B4FF000021A60F3
:109B2800404B4FF000021A60FDF734F83E4B00221C
:109B38001A703E4B00221A70F7F7F4FF03463C4AAE
:109B480013603B4B1B683B4A1360394B1B683A4A0E
:109B580013603A4B00221A60394B4FF000021A602A
:109B6800384B4FF000021A60374B4FF000021A6072
:109B7800364B4FF000021A60354B00221A70354BF5
:109B880000221A70344B00221A7003F0DFFD3349AB
:109B9800002003F062FE3249022003F05EFE3149E4
:109BA800042003F05AFE3049052003F056FE2F49E1
:109BB800062003F052FE03F0D5FD97F83630002B4F
:109BC80002D02B4805F00AFD2A4805F007FD4FF49E
:109BD800FA7003F0F7F9FFF7BFFB01231846443783
:109BE800BD4690BD4C2E0108582E0108682E01086C
:109BF800782E0108842E0108BC2E0108CC2E0108FD
:109C0800DC2E0108D82C0108EC2E0108242F0108AD
:109C1800302F0108402F010860070020700700203E
:109C2800740700207807002095070020940700207B
:109C38008007002084070020880700208C07002068
:109C4800980700209C070020A0070020A4070020F8
:109C5800A8070020A9070020AA070020DC2A01087D
:109C68006C2F01082C2B0108202B0108782F0108E4
:109C7800842F0108C02F010880B483B000AF0346C9
:109C8800FB71FB79013B032B12D801A252F823F098
:109C9800A99C0008AD9C0008B19C0008B59C000870
:109CA800064B06E0064B04E0064B02E0064B00E0DC
:109CB800064B18460C37BD4680BC7047E82F010894
:109CC800EC2F0108F42F0108FC2F010804300108CB
:109CD80080B582B000AF1648FEF74FFD0346FB7112
:109CE8001448FEF74AFD0346BB711348FEF745FDCD
:109CF80003467B711148FEF740FD03463B71FB7933
:109D0800002B01D001230FE0BB79002B01D00223E7
:109D18000AE07B79002B01D0032305E03B79002B77
:109D280001D0042300E0002318460837BD4680BD53
:109D3800AC070020B0070020B4070020B8070020B7
:109D480080B582B000AF786039607B681B681949BC
:109D58001846F6F7EBFE0346002B02D07B68154A3F
:109D68001A607B681B6814491846F6F7C1FE03465B
:109D7800002B02D07B68104A1A603B681B680D49AB
:109D88001846F6F7D3FE0346002B02D03B68094A73
:109D98001A603B681B6808491846F6F7A9FE03468F
:109DA800002B00D102E03B68034A1A6000BF083765
:109DB800BD4680BD0000A0410000A0C180B400AF36
:109DC8004FF081431846BD4680BC704790B585B0BA
:109DD80000AF78600023FB730123BB7311E0BB7BEA
:109DE80000211846FCF7F0FC03467B737B7B002BB5
:109DF80001D07B7BFB730F20F7F79EFEBB7B013303
:109E0800BB73BB7B042BEAD97B68002B05D07B682E
:109E18001B78002B01D07C6800E00B4CFB7B1846BC
:109E2800FBF7D2FD03461A462146084805F066FBB3
:109E3800FB7B002B02D00648FCF7C2F8FB7B1846D8
:109E48001437BD4690BD00BF0C300108143001081E
:109E58002830010890B583B000AF78600B46FB70DE
:109E6800164B01221A70164B01221A7003F06EFC71
:109E78001449002003F0F1FC1349022003F0EDFC23
:109E88001249042003F0E9FC1149062003F0E5FC1F
:109E980003F068FC7B68002B01D07C6800E00D4C67
:109EA800FB781846FBF790FD03461A4621460A48F8
:109EB80005F024FB00BF0C37BD4690BDA907002064
:109EC800AA0700209C2A0108AC2A0108BC2A01081C
:109ED800CC2A0108383001084030010880B584B028
:109EE80000AF354B1B78002B03D1344B1B78002B6C
:109EF80037D00023FB73F7F715FEB8602E4B1B789D
:109F0800002B2ED02E4B1B68BA68D31A002B28DAE8
:109F18000123BB7311E0BB7B00211846FCF754FCFE
:109F28000346FB71FB79002B01D0FB79FB730C20F6
:109F3800F7F702FEBB7B0133BB73BB7B042BEAD96B
:109F4800FB7B002B0DD0FB7B1846FBF73DFD034642
:109F580019461C4805F0D2FAFB7B19461A48FFF748
:109F680079FF154B00221A70144B00221A70F7F76C
:109F7800D9FD0346154A1360144B1B68104A136039
:109F8800124B1B68124A1360124B00221A60124BC4
:109F98001B68124A1360124B1B68124A13600E4B5F
:109FA8001B68114A13600E4B1B68104A136000BFF0
:109FB8001037BD4680BD00BF9507002094070020DC
:109FC8008407002090300108A8300108800700208D
:109FD800880700208C0700207407002098070020BD
:109FE800780700209C070020A0070020A407002075
:109FF80080B582B000AF2E4B1B78002B03D12D4BC0
:10A008001B78002B2AD00023FB710123BB7111E0C0
:10A01800BB7900211846FCF7D7FB03467B717B7997
:10A02800002B01D07B79FB710C20F7F785FDBB79FC
:10A038000133BB71BB79042BEAD9FB791846FBF7CE
:10A04800C3FC034619461C4805F058FAFB79002B57
:10A0580004D0FB7919461948FFF7FCFE144B00227F
:10A068001A70144B00221A70F7F75CFD0346144A65
:10A078001360134B1B68134A1360114B1B68124A79
:10A088001360124B00221A60114B1B68114A1360AF
:10A09800114B1B68114A13600D4B1B68104A136063
:10A0A8000D4B1B680F4A136000BF0837BD4680BDC3
:10A0B8009507002094070020B0300108CC30010833
:10A0C8008007002084070020880700208C070020D4
:10A0D8007407002098070020780700209C070020BC
:10A0E800A0070020A407002090B587B000AF7860D3
:10A0F800374B1B78002B67D0364B1B68002B63D07F
:10A10800354B1B687A68D31A7B61324B1B687A69B6
:10A118009A420AD3314B1B68314A1360314B1B6892
:10A12800314A1360FFF7A2F94FE07869F6F7EAFAC7
:10A138000446284B1B681846F6F7E4FA0346194606
:10A148002046F6F7EBFB03463B61244B1B68274A86
:10A15800126811461846F6F723FA03463969184675
:10A16800F6F728FB03461A46204B1B68194610468B
:10A17800F6F718FA0346FB601A4B1B681C4A12686C
:10A1880011461846F6F70CFA034639691846F6F7E9
:10A1980011FB03461A46164B1B6819461046F6F77C
:10A1A80001FA0346BB6007F1080207F10C031146E8
:10A1B8001846FFF7C5FDFB68094A1360BB680A4AE1
:10A1C8001360FFF753F900E000BF1C37BD4690BD90
:10A1D800950700208C07002088070020A007002092
:10A1E80074070020A40700207807002098070020A3
:10A1F8009C0700202DE9F04FA7B010AF03460A4690
:10A2080087F82730134687F82630F7F78BFC386530
:10A218009D4B1B68BB639D4B1B687B639A4B1B68FC
:10A228003B639A4B1B68FB62FFF7C8FD7865002308
:10A23800BB6297F82730002B06D1FFF74FFE944BEF
:10A2480000221A700123E9E2924B1B78002B1FD0E1
:10A25800914B1B78002B19D18F4B01221A7003F0F8
:10A2680075FA8E49002003F0F8FA8D49022003F0B0
:10A27800F4FA8C49042003F0F0FA8B49062003F025
:10A28800ECFA03F06FFA894805F0A8F90023C5E253
:10A298007F4B1B7897F827209A4201D10123BDE212
:10A2A80097F82630002B11D1814B1B78002B0DD04D
:10A2B800804B1B7897F827209A4207D17E4B1B6862
:10A2C8003A6DD31A002B01DA0123A7E297F826305A
:10A2D800002B11D0764B1B78002B0DD0754B1B78BB
:10A2E80097F827209A4207D0FFF782FE694B1B7820
:10A2F800002B01D0002391E297F82730013B032B74
:10A308006AD801A252F823F021A3000851A300083B
:10A3180081A30008B1A300085C4B1B681946674875
:10A32800F6F73EF903461946786DF6F7FFFB034644
:10A33800002B00D152E0554B1B6819465F48F6F7D1
:10A348002FF903467B6549E0504B1B685B4918466B
:10A35800F6F728F903461946786DF6F7E7FB034642
:10A36800002B00D13AE0494B1B6854491846F6F7D0
:10A3780019F903467B6531E0434B1B684F49184682
:10A38800F6F710F903461946786DF6F7CFFB034642
:10A39800002B00D122E03C4B1B6848491846F6F7D1
:10A3A80001F903467B6519E0374B1B68194643489A
:10A3B800F6F7F6F803461946786DF6F7B7FB034645
:10A3C800002B00D10AE0304B1B6819463B48F6F7D2
:10A3D800E7F803467B6501E001231FE24FF0000127
:10A3E800786DF6F785FB0346002B02D04FF000038B
:10A3F8007B6597F82730013B032B7FD801A252F8E1
:10A4080023F000BF1DA400083BA4000859A40008BD
:10A41800CDA400087B6B796D1846F6F7C3F80346A0
:10A428007B63FB6A796D1846F6F7BCF80346FB6256
:10A4380066E07B6B796D1846F6F7B2F803467B63E6
:10A44800FB6A796D1846F6F7ABF80346FB6257E0EE
:10A45800BB6B796D1846F6F7A3F80346BB6318493A
:10A46800786DF6F7A7F903461A467B6B194610462E
:10A47800F6F798F803467B633B6B796D1846F6F759
:10A488008FF803463B633BE0740700207807002001
:10A49800A8070020A9070020AA0700209C2A010875
:10A4A800AC2A0108BC2A0108CC2A0108D8300108C6
:10A4B8009507002094070020840700200000A04191
:10A4C8003D0AD73EBB6B796D1846F6F76BF8034625
:10A4D800BB63A649786DF6F76DF903461A467B6BA0
:10A4E80019461046F6F75EF803467B633B6B796DB9
:10A4F8001846F6F757F803463B6301E001238DE160
:10A508003B6BFB64FB6ABB64BB6B7B647B6B3B6430
:10A5180007F12C0207F1300311461846FFF710FC2B
:10A5280007F1340207F1380311461846FFF708FC13
:10A538003B6B8F4A126811461846F6F731F8034606
:10A5480023F000438B491846F6F7D2FA0346002B4E
:10A5580039D0FB6A884A126811461846F6F720F87F
:10A56800034623F0004383491846F6F7C1FA034629
:10A57800002B28D097F827301846FFF77DFB0646B2
:10A588007B4B1B681846F5F7AFFF04460D467A4B20
:10A598001B681846F5F7A8FF02460B464FF0000067
:10A5A8007649CDE90201CDE9002322462B46314602
:10A5B800734804F0A3FF734A97F827301370FFF726
:10A5C8008DFC01232AE13B6B1946F86CF5F7E8FF8F
:10A5D800034623F000436C491846F6F7A7FA0346EA
:10A5E800002B2CD1FB6A1946B86CF5F7D9FF034646
:10A5F80023F0004364491846F6F798FA0346002BFF
:10A608001DD1BB6B1946786CF5F7CAFF034623F0DA
:10A6180000435D491846F6F789FA0346002B0ED128
:10A628007B6B1946386CF5F7BBFF034623F00043F4
:10A6380055491846F6F77AFA0346002B4ED097F894
:10A6480027301846FFF718FB0646F86CF5F74CFF5D
:10A65800C7E90601B86CF5F747FF82468B463B6BA6
:10A668001846F5F741FFC7E90401FB6A1846F5F7F4
:10A678003BFFC7E90201786CF5F736FFC7E900012F
:10A68800386CF5F731FF80468946BB6B1846F5F7FD
:10A698002BFF04460D467B6B1846F5F725FF4FF058
:10A6A8000002364BCDE90E23CDE90C01CDE90A4570
:10A6B800CDE90889D7E90034CDE90634D7E9023471
:10A6C800CDE90434D7E90434CDE90234CDE900AB4F
:10A6D800D7E9062331462D4804F010FF244B1868AB
:10A6E800254B1968BA6B7C6B07F1280302934FF06E
:10A6F8007E5301934FF07E5300932346FCF736FFB9
:10A70800034687F83F3097F83F30002B4CD003F0D2
:10A718001DF81F49002003F0A0F81E49022003F08D
:10A728009CF803F01FF897F827301846FFF7A4FAAB
:10A73800044697F83F301846FBF746F903461A4691
:10A748002146154804F0DAFE144B00221A70144B07
:10A7580000221A700B4A97F82730137097F83F3089
:10A7680019461048FFF776FB002357E03D0AD73E0D
:10A77800740700200AD7233C7807002000003440E3
:10A7880018310108A80700206F12833A54310108D4
:10A79800B4310108C0310108D431010895070020FF
:10A7A80094070020F8310108BB6A4F2B01D85023C9
:10A7B800BB6297F82630002B02D11B4B1B78002B6D
:10A7C800194B01221A70194A97F827301370F7F7B6
:10A7D800A9F90346164A1360154B1B68154A1360FE
:10A7E800BB6A154A1360154B1B68154A1360154B55
:10A7F8001B68154A13603B6B144A1360FB6A144AC2
:10A8080013600B4B1A68BB6A13441433114A136064
:10A81800114B00221A70FEF729FE012318465C37F7
:10A82800BD46BDE8F08F00BF9507002094070020C3
:10A8380080070020880700208C070020740700206C
:10A8480098070020780700209C070020A007002018
:10A85800A407002084070020A807002090B589B02D
:10A8680002AF78607B68002B05D07B681B78002BD3
:10A8780001D07B6800E0244B3B610123FB7524E099
:10A88800F87D3B69019302230093002301220021F4
:10A89800FDF7E4FE0346BB73BB7B002B0FD0FC7DAA
:10A8A800BB7B1846FBF790F80346224639691748E0
:10A8B80004F024FE1648FFF789FABB7B1FE0282026
:10A8C800F7F73AF9FB7D0133FB75FB7D042BD7D9EC
:10A8D800FBF724FF0346FB73FB7B002B0BD0FB7BB2
:10A8E8001846FBF771F803461A463969094804F017
:10A8F80005FEFB7B03E0782002F064FB002318468A
:10A908001C37BD4690BD00BF043201080C32010857
:10A918002432010838320108F0B58FB002AF7860F0
:10A928000023FB62002387F82B3015E097F82B30C3
:10A938009B007A6813441B681846FDF763FE0346BC
:10A94800FB60FA68FB6A9A4201D9FB68FB6297F8D8
:10A958002B30013387F82B3097F82B30032BE5D9B0
:10A96800FB6A142B0DD8714B1B78002B07D070484D
:10A9780004F034FE6F48FFF771FF0346D2E000236E
:10A98800D0E0002387F82A308EE097F82A30013388
:10A99800BB7697F82A309B007A6813441B681846E0
:10A9A800FDF730FE03467B6197F82A309B007A68F2
:10A9B80013441B68DB0FDBB2FB74FB6A002B0DD062
:10A9C8007869F5F79FFE0446F86AF5F79BFE03469B
:10A9D80019462046F5F7A2FF034601E04FF00003B1
:10A9E8007B627B69002B02D1534B7B6208E05249A2
:10A9F800786AF6F77DF80346002B01D04E4B7B6250
:10AA08004E49786AF5F7D6FE03461846F6F7AEF8CB
:10AA180003467B847B8C002B01D101237B847A8CB9
:10AA2800F97CB87E464B0193022300937B69FDF7BE
:10AA380015FE0346BB74BB7C002B2DD0BC7EFB7C73
:10AA4800002B01D13F4D00E03F4D7E8CBB7C18466A
:10AA5800FAF7BAFF034601937B69009333462A4607
:10AA680021463A4804F04AFD012387F821300DE0D9
:10AA780097F8213000211846FBF7A6FE0F20F7F7BC
:10AA88005BF897F82130013387F8213097F82130A7
:10AA9800042BEDD9BB7C45E02820F7F74DF897F853
:10AAA8002A30013387F82A3097F82A30032B7FF6AB
:10AAB8006CAFFBF733FE0346FB76FB7E002B0AD018
:10AAC800FB7E1846FAF780FF03461946204804F033
:10AAD80015FDFB7E26E0F86AF5F714FE03461D49CE
:10AAE8001846F5F71BFF03461B491846F5F762FEA3
:10AAF80003461846F6F73AF8034603F5FA73FB617E
:10AB0800FB69B3F5C87F02D24FF4C873FB61FB69D8
:10AB1800B3F5FA5F02D94FF4FA53FB61F86902F012
:10AB280051FA002318463437BD46F0BDA907002066
:10AB38004C3201089C320108CDCC4C3D0000164433
:10AB4800AC320108542B0108582B0108B432010813
:10AB5800E43201080000614500007A442DE9B04361
:10AB680092B004AF07F11C0300221A605A609A6081
:10AB7800DA6007F10C0300221A605A609A60DA6002
:10AB880000237B63B54B1B78002B04D1B44804F039
:10AB980025FD00235DE1B34B00221A70FFF728FA68
:10ABA80002F0D4FDB049002002F057FE02F0DAFDB1
:10ABB800012387F8333059E097F83330013B07F128
:10ABC8001C029B001A4497F8333011461846FDF7CB
:10ABD800E7FC0346002B0DD102F0B8FDA349002085
:10ABE80002F03BFEA249022002F037FE02F0BAFD55
:10ABF80000232EE197F83330013B9E4A52F8231088
:10AC080097F83330013B9B0038333B4453F81C2CF6
:10AC180097F83330013B8A1A9B0038333B4443F89A
:10AC28002C2C97F83330013B9B0038333B4453F8C6
:10AC38002C3C1846FDF7E6FC03461A467B6B93420C
:10AC48000CD297F83330013B9B0038333B4453F820
:10AC58002C3C1846FDF7D6FC03467B631420F6F718
:10AC68006BFF97F83330013387F8333097F8333078
:10AC7800042BA1D97B6B142B2CD87F4B1B78002B72
:10AC880016D07E48FFF7EAFD0346002B10D002F0ED
:10AC98005DFD7B49002002F0E0FD7A49022002F0C8
:10ACA800DCFD02F05FFD784804F098FC0023D0E05A
:10ACB8006C4B01221A70754B4FF000021A60744BEE
:10ACC8004FF000021A60FBF765FF0020FEF71AFD3F
:10ACD8000346BEE07B6B41F2873293427ED94FF048
:10ACE8000003BB604FF000037B603A1D07F10803C7
:10ACF8001146184602F0D6F90346002B6AD0BB6805
:10AD0800BA6811461846F5F755FD03461C467B6898
:10AD18007A6811461846F5F74DFD03461946204650
:10AD2800F5F740FC0346184602F0ACFDF862BB6834
:10AD38001846F5F7D9FB804689467B681846F5F72B
:10AD4800D3FB04460D46F86AF5F7CEFB02460B46E0
:10AD5800CDE90223CDE9004542464B46796B4D4883
:10AD680004F0CCFB4FF08241F86AF5F7CBFE0346BE
:10AD7800002B33D0484804F031FC3F4B1B78002BA4
:10AD880016D03E48FFF76AFD0346002B10D002F0AC
:10AD9800DDFC3B49002002F060FD3A49022002F048
:10ADA8005CFD02F0DFFC384804F018FC002350E09A
:10ADB8002C4B01221A70354B4FF000021A60344BAD
:10ADC8004FF000021A60FBF7E5FE0120FEF79AFC3F
:10ADD80003463EE0796B314804F090FB07F10C0321
:10ADE8001846FFF799FD0346002B0DD002F0AEFC84
:10ADF8002B49002002F031FD2A49022002F02DFDE6
:10AE080002F0B0FC002324E0204B4FF000021A604F
:10AE18001F4B4FF000021A60FBF7BCFE02F096FCD5
:10AE28002149002002F019FD2049022002F015FDF9
:10AE380002F098FC0120FEF765FC0346002B04D1C4
:10AE48001B4804F0CBFB002303E01A4804F0C6FBC0
:10AE5800012318463837BD46BDE8B0837007002087
:10AE6800FC320108CC0700202433010834330108E0
:10AE7800302F010860070020A90700209C32010834
:10AE880048330108782E0108583301087407002058
:10AE98007807002090330108D433010818340108DA
:10AEA80054340108C03101086834010878340108B5
:10AEB80088340108B034010880B483B000AF034679
:10AEC800FB71FB79013B032B12D801A252F823F046
:10AED800E9AE0008EDAE0008F1AE0008F5AE0008D6
:10AEE800064B06E0064B04E0064B02E0064B00E08A
:10AEF800064B18460C37BD4680BC7047CC27010866
:10AF0800E82701080428010820280108AC280108BE
:10AF180080B487B000AFF8607A603B600B46FB7284
:10AF28000023FB757B68002B26D03B68002B23D0C1
:10AF38007B68144A1A603B68134A1A60FB7A042B30
:10AF480002D10123FB750DE0FB68002B0AD0FB68DA
:10AF58001B784C2B06D1FB6801331B78422B01D19F
:10AF68000123FB75FB7D002B07D07B68074A1A601D
:10AF78003B68044A1A6000E000BF1C37BD4680BC2D
:10AF8800704700BFA4707D3FAE47813F5C8F823F12
:10AF9800B0B58EB004AFF8607B600B46FB72134609
:10AFA800BB7202F0D3FB1F49002002F056FCFB687D
:10AFB800002B01D0FB6800E01B4BFA7AB97A07F145
:10AFC800100001910092194A162104F0C3FB07F101
:10AFD80010031946012002F040FC7868F5F784FA5E
:10AFE80004460D46B86BF5F77FFA02460B4607F1A3
:10AFF8001000CDE90223CDE900450D4A162104F0E1
:10B00800A9FB07F110031946032002F026FC0949A1
:10B01800062002F022FC02F0A5FB00BF2837BD463F
:10B02800B0BD00BFDC340108E8340108F034010881
:10B03800E82A01080035010880B588B000AFF8603B
:10B04800B9607A603B604FF08043FB61FB6823F096
:10B0580000427B6823F000431946104602F030FC9A
:10B06800B861BB6823F000423B6823F000431946EF
:10B07800104602F025FC78611749B868F5F756FDC7
:10B088000346002B08D014493868F5F74FFD0346EE
:10B09800002B01D0114BFB6197F82830002B0DD104
:10B0A8000F49B869F5F742FD0346002B0FD00C494C
:10B0B8007869F5F73BFD0346002B08D00949F86984
:10B0C800F5F734FD0346002B01D0064BFB61FB6905
:10B0D80018462037BD4680BD000020419A99993F07
:10B0E800000050413333B33F80B58EB000AFF860F5
:10B0F800B9607A603B60B968F868FBF75FFC0346A3
:10B10800002B06D039687868FBF758FC0346002BFB
:10B1180001D1002341E007F120031A46B968F86815
:10B12800FBF7E8FB07F110031A4639687868FBF764
:10B13800E1FB002387F837302AE097F837309B0087
:10B1480038333B4453F8282C97F837309B00383372
:10B158003B4453F8183C19461046F5F721FA0346C4
:10B168003B63396C386BF5F7E1FC0346002B01D0E3
:10B17800002312E00B49386BF5F7BAFC0346002BA5
:10B1880001D0002309E097F83730013387F83730CA
:10B1980097F83730032BD0D9012318463837BD46E6
:10B1A80080BD00BFCDCC4CC090B593B002AFF86065
:10B1B800B9607A603B60F9687868F5F7F1F9034699
:10B1C800BB63B9683868F5F7EBF903467B63B96B7D
:10B1D800B86BF5F7EFFA03461C46796B786BF5F711
:10B1E800E9FA034619462046F5F7DCF903461846FE
:10B1F80002F048FB38634FF08041386BF5F78EFB5F
:10B2080003461846F5F7B2FC034687F83F3097F82F
:10B218003F301846F5F776FA034619461846F5F70B
:10B22800C1F903461946386BF5F780FC0346002B35
:10B2380004D097F83F30013387F83F3097F83F3014
:10B24800002B40F08C80012387F83F3087E00123F2
:10B2580087F83E30002387F83D306EE097F83D30A0
:10B268001846F5F74FFA044697F83F301846F5F7B1
:10B2780049FA034619462046F5F750FB0346FB6298
:10B2880097F83D3001331846F5F73CFA044697F82D
:10B298003F301846F5F736FA034619462046F5F7C3
:10B2A8003DFB0346BB62F96AB86BF5F783FA0346C0
:10B2B8001946F868F5F776F903467B62F96A786B00
:10B2C800F5F778FA03461946B868F5F76BF90346B7
:10B2D8003B62B96AB86BF5F76DFA03461946F86828
:10B2E800F5F760F90346FB61B96A786BF5F762FA1E
:10B2F80003461946B868F5F755F90346BB6197F850
:10B3080050300093BB69FA69396A786AFFF794FE8E
:10B3180078617B690093BB69FA69396A786AFFF7D3
:10B32800E3FE0346002B03D1002387F83E300AE0F2
:10B3380097F83D30013387F83D3097F83D2097F86E
:10B348003F309A428AD397F83E30002B02D097F8C4
:10B358003F300EE097F83F30013387F83F3097F8D9
:10B368003F30172B7FF673AF1821044804F0C6F856
:10B37800182318464437BD4690BD00BF0C35010858
:10B388002DE9F04F91B006AF0346FB714FF0000373
:10B39800FB614FF00003BB614FF000037B614FF08E
:10B3A80000033B614FF00003FB604FF00003BB60FC
:10B3B800FB79002B02D0FB79042B01D90023ACE0E8
:10B3C800FB79013B87F827304FF4FA70FCF7F2FE5F
:10B3D8000346002B0CD007F1100307F1140207F104
:10B3E800180107F11C00FCF745FF0346002B0AD1A2
:10B3F800FB791846FFF760FD03461946494804F0F3
:10B408007DF8002389E07869396907F1080307F1B5
:10B418000C0201F0F3FD0346002B27D0FA6897F8D9
:10B428002730414951F8233019461046F5F7B8F846
:10B43800034623F000433D491846F5F777FB0346DA
:10B44800002B13D1BA6897F82730394951F82330BF
:10B4580019461046F5F7A4F8034623F0004333498C
:10B468001846F5F763FB0346002B2AD0FB791846EC
:10B47800FFF722FD06467B691846F5F735F8824640
:10B488008B463B691846F5F72FF804460D46FB69CD
:10B498001846F5F729F880468946BB691846F5F736
:10B4A80023F802460B46CDE90423CDE90289CDE90C
:10B4B800004552465B4631461E4804F01FF80023FB
:10B4C8002BE0FB69FA6911461846F5F773F903464C
:10B4D8001C46BB69BA6911461846F5F76BF903466D
:10B4E80019462046F5F75EF80346184602F0CAF9F1
:10B4F80038621149386AF5F705FB0346002B0BD073
:10B50800FB791846FFF7D8FC0146FA69BB69F87958
:10B5180000F06EF8012300E0002318462C37BD46E2
:10B52800BDE8F08F4435010878480108CDCCCC3D02
:10B538008848010874350108CDCC4C3FF0B589B076
:10B5480002AF0346B9607A60FB73FB7B002B08D01F
:10B55800FB7B042B05D8BB68002B02D07B68002B33
:10B5680001D100233CE0FB7B2C2202FB03F31E4AA3
:10B5780013447B617B691B78002B30D07B695A6848
:10B588007B699B6819461046FBF718FA0346002B9F
:10B598001BD1FB7B1846FFF78FFC06467B695B686F
:10B5A8001846F4F7A1FF04460D467B699B681846C8
:10B5B800F4F79AFF02460B46CDE9002322462B46B4
:10B5C80031460A4803F09AFF09E07B695A68BB686C
:10B5D8001A607B699A687B681A60012300E000237F
:10B5E80018461C37BD46F0BDD0070020B835010805
:10B5F80090B589B000AFB9607A603B600346FB73D1
:10B60800FB7B002B00F0C180FB7B042B00F2BD808C
:10B61800FB7B2C2202FB03F35E4A1344BB61BB692C
:10B628001B78FB77FB7F1D2B02D8FB7F0133FB7751
:10B63800FB7F002B01D10123FB77FB7F1846F5F731
:10B6480061F803467B61BB695C68534B1A68BB6948
:10B658005B6819461046F4F7A3FF03467969184654
:10B66800F5F75CF9034619462046F4F79BFF0346B5
:10B678001A46BB695A60BB699C68484B1A68BB6923
:10B688009B6819461046F4F78BFF034679691846FC
:10B69800F5F744F9034619462046F4F783FF0346B5
:10B6A8001A46BB699A60BB69DC68BB69DB681946E6
:10B6B8007868F4F775FF034679691846F5F72EF9A7
:10B6C800034619462046F4F76DFF03461A46BB6940
:10B6D800DA60BB691C69BB691B6919463868F4F7ED
:10B6E8005FFF034679691846F5F718F903461946C6
:10B6F8002046F4F757FF03461A46BB691A61BB692F
:10B70800FA7F1A70264BD3F8F430002B3ED0F6F7A8
:10B7180009FA0246224BDB6C19461046FCF72CFF4F
:10B728000346B3F5FA7F31D8BB695C691C4B1A6CC8
:10B73800BB695B6919461046F4F732FF034679691D
:10B748001846F5F7EBF8034619462046F4F72AFFA2
:10B7580003461A46BB695A61BB699C69104B5A6C0F
:10B76800BB699B6919461046F4F71AFF03467969C5
:10B778001846F5F7D3F8034619462046F4F712FFA2
:10B7880003461A46BB699A6100E000BF2437BD46EC
:10B7980090BD00BFD0070020740700207807002064
:10B7A8002C06002080B400AF00BFBD4680BC7047A7
:10B7B80080B483B000AF7860084611461A46034645
:10B7C800FB700B46BB7013467B7000BF0C37BD4641
:10B7D80080BC704780B487B000AF3B1D00221A6060
:10B7E8005A609A60DA600D4B1B683B600023BB759A
:10B7F8000B4B00221A700023FB7507E0FB7D094AFA
:10B80800002142F82310FB7D0133FB75FB7D032BE0
:10B81800F4D91C37BD4680BC704700BF20360108EC
:10B82800BC080020AC0800202DE9F04186B002AF2A
:10B8380078600B46FB701346BB700023FB73002334
:10B84800BB7330E0FCF7D4FBF6F76CF9B8602F4B0C
:10B85800D3F8E430002B0BD02C4BDB681946B868C2
:10B86800FCF78AFE0346B3F5FA7F01D8012347E0C7
:10B87800BB7B002B0DD1FB7B002B0AD12448FCF7A6
:10B8880065FC0346002B02D1224803F0A7FE0123E2
:10B89800FB73BB7B0133022B02D8782001F092FBAB
:10B8A800BB7B0133BB73BB7B022BCBD97B68002BE3
:10B8B80001D07C6800E0184CFE7897F80280134BA2
:10B8C800D3F8E450F6F72EF90246104BDB68194618
:10B8D8001046FCF751FE0346019300954346324655
:10B8E80021460E4803F00AFE7B68002B01D07968D8
:10B8F80000E00949FA78BB78094803F0FFFD002306
:10B9080018461037BD46BDE8F08100BF2C06002060
:10B91800243601082C3601089828010860360108E9
:10B92800A836010880B483B000AF78600846114695
:10B938001A460346FB700B46BB7013467B7000BF6C
:10B948000C37BD4680BC70472DE9F04FA3B006AF59
:10B958000346FB710B46BB7113467B71FB79002BC9
:10B9680002D0FB79042B01D90023A3E2FB79013B28
:10B9780087F86230FB791846FFF79EFA07F124032F
:10B9880007F12802F979FFF7C3FA7C4BFB6600231D
:10B9980087F86B3084E24FF000033B624FF00003FE
:10B9A800FB614FF00003BB614FF000037B614FF078
:10B9B80000033B614FF00003FB60FB791846FFF77B
:10B9C8007BFABB7900221946FFF72EFF0346002BAE
:10B9D8000CD1FB791846FFF76FFA014697F86B30E0
:10B9E8001A46674803F08AFD002363E2B42001F099
:10B9F800E9FA4FF4FA70FCF7DDFB0346002B0CD094
:10BA080007F1140307F1180207F11C0107F12000E0
:10BA1800FCF730FC0346002B03D1FA2001F0D2FAE0
:10BA280039E2B869796907F10C0307F1100201F0EE
:10BA3800E5FA0346002B27D03A6997F86230514956
:10BA480051F8233019461046F4F7AAFD034623F0AF
:10BA580000434D491846F5F769F80346002B13D102
:10BA6800FA6897F86230494951F823301946104668
:10BA7800F4F796FD034623F0004343491846F5F7CB
:10BA880055F80346002B03D0FA2001F09BFA02E296
:10BA98003B6A3A6A11461846F4F78CFE03461C4680
:10BAA800FB69FA6911461846F4F784FE03461946FD
:10BAB8002046F4F777FD0346184601F0E3FEF865E3
:10BAC8003349F86DF5F71EF80346002B0BD0FB79C8
:10BAD8001846FFF7F1F901463A6AFB69F879FFF76A
:10BAE80087FD0123E6E14FF00001F86EF5F714F841
:10BAF8000346002B37D04FF08041F86EF4F752FD23
:10BB080003461946F86DF5F711F80346002B2AD0BD
:10BB1800FB791846FFF7D0F90646F86EF4F7E4FC0F
:10BB280082468B46F86DF4F7DFFC04460D46194B48
:10BB38001B681846F4F7D8FC80468946164B1B68E4
:10BB48001846F4F7D1FC02460B46CDE90423CDE9AB
:10BB58000289CDE9004552465B4631460F4803F05D
:10BB6800CDFC0023A6E1FB6DFB660D49F86DF4F7EB
:10BB7800BFFF0346002B15D0FB6D14E0000080BF0B
:10BB8800E836010898480108CDCCCC3DA848010802
:10BB9800CDCC4C3F740700207807002014370108EB
:10BBA8006666E63E994B7B66994BD3F8F430002BDA
:10BBB80029D0F5F7B7FF0246954BDB6C19461046BE
:10BBC800FCF7DAFC0346B3F5FA7F1CD8904B1B6CE4
:10BBD80023F000438F491846F4F79EFF0346002BD5
:10BBE8000AD18B4B5B6C23F000438A491846F4F763
:10BBF80093FF0346002B06D04FF07C51786EF4F784
:10BC0800D9FD03467B663B6AF96D1846F4F786FE54
:10BC1800034683F000431946786EF4F7CBFD0346DC
:10BC2800BB65FB69F96D1846F4F778FE034683F0A7
:10BC380000431946786EF4F7BDFD03467B65764BE5
:10BC48001B681946B86DF4F7ADFC03463B65734BAA
:10BC58001B681946786DF4F7A5FC0346FB64F96C7C
:10BC6800386DFAF7ABFE0346002B18D1FB7918465E
:10BC7800FFF722F90646386DF4F736FC04460D4600
:10BC8800F86CF4F731FC02460B46CDE90023224656
:10BC98002B463146624803F031FC00230AE15E4B33
:10BCA80018685E4B1968FB790093FB6C3A6DFFF7D7
:10BCB8007BFA034687F84B30574B1B687B64574B1E
:10BCC8001B683B64002387F86330DDE097F8633036
:10BCD80001331846F4F716FD044697F84B3018461A
:10BCE800F4F710FD034619462046F4F717FE0346FD
:10BCF800FB63796C386DF4F753FC0346F96B18460F
:10BD0800F4F758FD03461946786CF4F74BFC0346E4
:10BD1800BB63396CF86CF4F743FC0346F96B1846BF
:10BD2800F4F748FD03461946386CF4F73BFC034624
:10BD38007B63394B1868394B1968FB7900937B6B27
:10BD4800BA6BFFF779F93863FB791846FFF7B4F84F
:10BD580097F863300133DAB2BB791946FFF764FD0F
:10BD68000346002B0AD1FB791846FFF7A5F80346CE
:10BD780019462C4803F0C2FB00239BE0264B1868A9
:10BD8800264B1968BB6A7A6A019200937B6BBA6B7F
:10BD9800FBF7C4FB034687F82F3097F82F30002BAA
:10BDA80048D0214A97F82F301370FB791846FFF7CF
:10BDB80083F8044697F82F301846F9F705FE03462E
:10BDC8001A462146194803F099FBFB791846FFF7F4
:10BDD80073F8044697F863300133D8B27A79B979A1
:10BDE80097F82F3003933B6B02930123019397F845
:10BDF8004B30009303462046FFF794FD97F82F3009
:10BE080019460B48FEF726F8002353E06666E63E1F
:10BE18002C060020CDCC4C3F74070020780700206A
:10BE2800603701088C370108BF080020C0370108B7
:10BE3800E0370108224ABB6B1360224A7B6B136010
:10BE48002148FDF727FB4FF4967001F0BBF8FB790A
:10BE58001846FFF731F8044697F863300133D8B233
:10BE68007A79B979002303933B6B029301230193F9
:10BE780097F84B30009303462046FFF753FD97F899
:10BE88006330013387F8633097F8632097F84B30B5
:10BE98009A42FFF41BAF97F86B30013387F86B3089
:10BEA80097F86B300B2B7FF676ADFB791846FFF7CA
:10BEB80067FA034618467437BD46BDE8F08F00BFE1
:10BEC8007407002078070020E0370108F0B597B024
:10BED80004AF78600B46FB701346BB70904B002292
:10BEE8001A707B68002B01D100230BE27B689868ED
:10BEF8007B68197B07F1080307F10C02FFF708F8C4
:10BF08007B681B687B617B685B683B617B681B7B2C
:10BF1800002B0BD07B681B7B07F1100207F1140183
:10BF28001846FFF70BFB034687F846307B693A69EA
:10BF380011461846FAF742FD0346002B1DD17B68CF
:10BF48009B68002B02D07B689E6800E0754E7B6979
:10BF58001846F4F7C9FA04460D463B691846F4F743
:10BF6800C3FA02460B46CDE9002322462B4631464A
:10BF78006D4803F0C3FA0023C4E16C4B1B683B64B3
:10BF88006B4B1B68FB637B69396C1846F4F708FB3D
:10BF98000346BB633B69F96B1846F4F701FB03469C
:10BFA8007B63B96BB86BF4F705FC03461C46796BE9
:10BFB800786BF4F7FFFB034619462046F4F7F2FACC
:10BFC8000346184601F05EFC38635A49386BF4F7AB
:10BFD8008FFD0346002B0DD07B689868534B1C6877
:10BFE800534B1B68BA78F97800932346FEF7D0FFC5
:10BFF800012387E17A6939697B681B7B00930B46CB
:10C00800F96B386CFFF7D0F8034687F82F30002318
:10C0180087F84730FEE097F8473001331846F4F7C1
:10C0280071FB044697F82F301846F4F76BFB03466C
:10C0380019462046F4F772FC0346BB62B96AB86B2E
:10C04800F4F7B8FB03461946386CF4F7ABFA034625
:10C058007B62B96A786BF4F7ADFB03461946F86B57
:10C06800F4F7A0FA03463B62304B1868304B196866
:10C078007B681B7B00933B6A7A6AFEF7DDFFF861F9
:10C088007B689868BA78F9783B6A00937B6AFEF710
:10C098007FFF7B68986897F847300133DAB2FB78FE
:10C0A8001946FFF7C1FB0346002B11D17B689B683B
:10C0B800002B02D07B68996800E01A4997F847304E
:10C0C8005A1C97F82F301C4803F018FA002319E17E
:10C0D800164B1868164B1968FB68BA6801920093EA
:10C0E8003B6A7A6AFBF71AFA0346FB76FB7E002B5B
:10C0F80055D00B4AFB7E137001F028FB0F49002036
:10C1080001F0ABFB0E49022001F0A7FB01F02AFB6E
:10C118007B689B68002B15D07B689C6813E000BF88
:10C12800BF08002098280108EC3701087407002090
:10C1380078070020CDCC4C3D243801085838010838
:10C14800C0310108714C97F847305D1C97F82F6093
:10C15800FB7E1846F9F738FC0346009333462A4617
:10C1680021466B4803F0CAF97B68986897F847300E
:10C178000133DCB2BA78F978FB7E0393FB6902934A
:10C188000023019397F82F3000932346FFF7CAFB4B
:10C19800FB7E19465F48FDF75DFE0023B2E05E4A6C
:10C1A8007B6A13605D4A3B6A13605D48FDF772F96C
:10C1B8004FF4967000F006FF7B68986897F8473050
:10C1C8000133DCB2BA78F97800230393FB69029350
:10C1D8000023019397F82F3000932346FFF7A2FB23
:10C1E800FCF79EF90346002B0FD0FDF701FF7B6893
:10C1F8009B68002B02D07B689B6800E0434B194684
:10C20800484803F07BF900237CE097F84730013376
:10C2180087F8473097F8472097F82F309A42FFF46D
:10C22800FAAE7B6898687B681B7BBA78F978FFF769
:10C23800BFFA7B681B7B002B63D07B681B7BBA78BB
:10C24800F9781846FFF780FB034687F82E3097F8F1
:10C258002E30002B1BD07B681B7B013B012202FA8E
:10C2680003F3DAB2304B1B781343DAB22E4B1A7051
:10C278002E49052001F0F1FA7B681B7B1846FEF772
:10C288001BFE034619462A4803F038F92AE0294BD1
:10C298001B78002B0BD07B681B7B1846FEF70CFE27
:10C2A80003461946244803F029F900232AE07B684D
:10C2B8001B7B013B012202FA03F3DAB21F4B1B7806
:10C2C8001343DAB21D4B1A701D49052001F0C5FA57
:10C2D8007B681B7B1846FEF7EFFD03461946194895
:10C2E80003F00CF901F03EFA012000F08DFD50201A
:10C2F80000F068FE002000F087FD4FF42F7000F07A
:10C3080061FE012318464C37BD46F0BD9828010848
:10C318006C38010894380108740700207807002059
:10C32800A0380108A8380108BD080020C83801084D
:10C33800D4380108A9070020F0380108BE080020F9
:10C34800503901085C39010880B500AF01F0FEF9E9
:10C358003249002001F081FA3149022001F07DFACA
:10C3680001F000FA2F4B1B78002B22D12E4B1B68B3
:10C3780023F000432D491846F4F7C4FB0346002B6D
:10C3880017D02B4B1B6823F0004328491846F4F7B5
:10C39800B9FB0346002B0CD00120FDF7B3F9034687
:10C3A800002B04D1234803F019F9002333E00123BB
:10C3B80031E001F0CBF91949002001F04EFA1E498D
:10C3C800022001F04AFA01F0CDF9FEF7C7FB034657
:10C3D800002B04D1194803F001F900231BE0184B86
:10C3E8001B78002B16D001F0B1F90C49002001F0A0
:10C3F80034FA0B49022001F030FA01F0B3F90120B8
:10C40800FDF780F90346002B04D10A4803F0E6F84B
:10C41800002300E00123184680BD00BFA4390108AD
:10C4280078340108A9070020740700209A99193F59
:10C4380078070020B4390108E8390108F8390108FB
:10C44800CC07002080B586B002AF78607B68002BEF
:10C4580005D07B681B78002B01D07B6800E0214B5E
:10C46800BB60FFF771FF0346002B01D0012334E0C6
:10C478000023FB7329E0FB7B591C4FF4487300939E
:10C48800BB680322184803F039F801F05FF917492F
:10C49800002001F0E2F91649022001F0DEF901F06E
:10C4A80061F9FDF7A5FD4FF4487000F08BFDFEF72C
:10C4B80055FB0346002B05D0B9680E4803F01EF85B
:10C4C80001230AE0FB7B0133FB73FB7B022BD2D9F0
:10C4D800B968094803F012F8002318461037BD461A
:10C4E80080BD00BF283A0108343A0108903A010893
:10C4F800A03A0108B03A0108D83A0108B0B586B0A8
:10C5080002AF7860084611461A460346FB700B4690
:10C51800BB7013467B707B68002B05D07B681B784B
:10C52800002B01D07B6800E0274BFB60FC78BD78CE
:10C538007B781846F9F748FA03464FF44872019297
:10C5480000932B462246F968204802F0D7FF01F0F5
:10C55800FDF81F49002001F080F91E49022001F072
:10C568007CF91D49052001F078F901F0FBF81B481A
:10C57800FDF72CFC4FF4487000F024FDFEF7EEFAAE
:10C588000346002B05D1F968154802F0B7FF0023D0
:10C5980015E01448FBF7DAFD0346002B02D11248D8
:10C5A80003F01CF84FF4967000F00CFDFFF712F939
:10C5B800FA78BB78F9680D4802F0A0FF0123184605
:10C5C8001037BD46B0BD00BF98280108043B0108DC
:10C5D800903A0108843B0108943B0108A03B0108FC
:10C5E800B03B010824360108E83B0108243C010857
:10C5F8002DE9F0418CB004AFF8600B46FB7213468E
:10C60800BB72FB68002B07D0FB689B68002B03D02C
:10C61800FB681B7B002B04D15F4802F0DFFF00237F
:10C62800B4E00023FB77ACE00123BB77FB7F002B52
:10C6380008D1FB681968FB681B7B1A46574802F04B
:10C648005DFF06E0FB681968FA7F0323544802F08F
:10C6580055FF00237B777DE0FA7A7B7F13443B7795
:10C66800FB689A687B7F1B011344BB61BA7A3B7FE6
:10C678001946B869FFF72AFC0346002B67D1002347
:10C68800BB77484B1B78002B02D0FB7F022B1FD9AE
:10C69800FB681E68BB699B68002B02D0BB699C685D
:10C6A80000E0414C97F81C80BD7A404B1B78184637
:10C6B800F9F78AF903463B4A1278029201930095EA
:10C6C8004346224631463A4802F018FF00235DE00F
:10C6D800FB681B687B60BB699B68002B02D0BB6949
:10C6E8009C6800E0304C97F81C80BD7AFB7F5E1C8C
:10C6F8002E4B1B781846F9F767F903460393032373
:10C70800029301960095434622467968294802F02B
:10C71800F5FEBB699868254B1B78BA7A397FFFF715
:10C72800EDFE0346002B1CD1FB681968BB699B68AA
:10C73800002B02D0BB699A6800E01B4A387FBB7A9D
:10C74800009303461C4802F0D9FE00231EE07B7FBD
:10C7580001337B77FB681B7B7A7F9A42FFF47CAFBF
:10C7680000E000BFBB7F002B08D0FB681B79013BB2
:10C77800012202FA03F3FB75012307E0FB7F013373
:10C78800FB77FB7F032B7FF64FAF0023184620373C
:10C79800BD46BDE8F08100BF503C0108783C010867
:10C7A800B03C0108A907002098280108BF0800200C
:10C7B800EC3C01083C3D0108B43D010880B588B057
:10C7C80002AF78600B46FB701346BB707B68002B8A
:10C7D80006D07B681B68002B02D07B681B6800E0D2
:10C7E8002F4B3B610023FB757B68002B19D07B68BE
:10C7F8001B79002B15D07B681B79042B11D87B681B
:10C808001B79013B012202FA03F3FB73254B1A78CB
:10C81800FB7B1340DBB2002B01D0012300E0002397
:10C82800FB75FA78B978FB7D00930B4639691E4889
:10C8380002F064FE00F08AFF1C49002001F00DF8A8
:10C848001B49022001F009F83969052001F005F8B3
:10C8580000F088FF3869FFF7F5FD0346002B05D186
:10C868003969144802F04AFE002314E01248FBF725
:10C878006DFC0346002B03D13969104802F03EFED7
:10C888004FF4967000F09EFBFEF7A4FF39690C4840
:10C8980002F034FE012318461837BD4680BD00BF9C
:10C8A80098280108BD080020F83D0108303E01081D
:10C8B8003C3E01084C3E0108243601087C3E010834
:10C8C800B43E01080000000080B58EB004AF042318
:10C8D80087F82330002387F82730012387F826308C
:10C8E800002387F825301CE097F825301846FCF718
:10C8F800C7F8B861BB69002B07D197F825301946EE
:10C90800994802F0FBFD00231FE1BB691A7B97F8E9
:10C918002730134487F8273097F82530013387F8F4
:10C92800253097F8252097F823309A42DCD38F4B8F
:10C938001B78002B04D18E4802F050FE002304E13E
:10C948003A46162304218B48FCF7CAF8F9F77AF817
:10C9580003463946884A0292884A019200934FF06A
:10C968000002874B874802F0C9FD7BA3D3E9002367
:10C97800CDE902237AA3D3E90023CDE90023824B32
:10C988004FF496724FF49671804802F0B7FD804BD1
:10C9980000221A707F4B00221A707F4B00221A70F7
:10C9A80000F0D4FE7D49002000F057FF7C490220AA
:10C9B80000F053FF00F0D6FE7A48FFF743FD034628
:10C9C800002B04D1784802F009FE0023BDE0774827
:10C9D800FBF7BCFB0346002B02D1754802F0FEFDB5
:10C9E8004FF4967000F0EEFAFEF7F4FE002387F895
:10C9F800243048E097F824301846FCF741F8F861ED
:10CA0800FB69002B09D197F824301946564802F0E3
:10CA180075FDFEF7C7FE002397E097F8272097F8E3
:10CA280026301946F869FFF7E3FD0346002B0DD1C0
:10CA3800FB69196897F824305A1C97F823305D4829
:10CA480002F05CFDFEF7AEFE00237EE097F824308E
:10CA58000133DBB297F823201946F869FFF7AEFED9
:10CA68000346002B03D1FEF79DFE00236DE0FB6912
:10CA78001A7B97F82630134487F8263097F8243025
:10CA8800013387F8243097F8242097F823309A4206
:10CA9800B0D3494802F0A2FD00F058FE47490020F3
:10CAA80000F0DBFE4649022000F0D7FE00F05AFEF7
:10CAB8004448FFF7C7FC0346002B06D1424802F062
:10CAC8008DFDFEF76FFE00233FE0FEF76BFE314B56
:10CAD8001B781946304B1B781A463C4802F00EFD6D
:10CAE8002C4B1B780F2B18D000F030FE3849002053
:10CAF80000F0B3FE3749022000F0AFFE36490520AA
:10CB080000F0ABFE00F02EFE344802F067FD4FF453
:10CB18002F7000F057FA002317E000F017FE304995
:10CB2800002000F09AFE2F49022000F096FE2A49C4
:10CB3800052000F092FE00F015FE2B4802F04EFD95
:10CB48004FF42F7000F03EFA012318462837BD46EF
:10CB580080BD00BFAFF300800000008014AEEF3F3F
:10CB680000000080EB51F03FD03E01087007002024
:10CB7800003F010810000020603F01086C3F0108D9
:10CB880000003040243F0108743F0108803F01083D
:10CB9800BC080020BD080020BE080020C03F0108D6
:10CBA8003C3E0108CC3F0108DC3F0108243601085F
:10CBB8000C400108344001085C400108904001081D
:10CBC800A0400108AC400108BC400108D840010859
:10CBD8001441010824410108344101084041010879
:10CBE800A8410108B4410108C041010880B582B0DC
:10CBF80000AFFBF76DFE794B1B78032B02D0042B9B
:10CC08001DD0DDE0FBF79CFC0346002B00F0DE8026
:10CC18000120FCF777FD0346002B03D06F4B04225D
:10CC28001A7005E04FF4487000F0CCF9FCF774FB7B
:10CC3800FBF776FC03461A46694B1A70C6E0F4F710
:10CC480071FF78607868FDF74FFA6648FCF722FCB8
:10CC5800FBF776FC0346002B23D0FDF7C9F9FBF759
:10CC68005FFC03461A465E4B1A705F4B1B78002B1D
:10CC780002D05D4B00221A70FDF770FF0346002BAF
:10CC880005D0564B04221A70FCF766FBA1E0534B03
:10CC980003221A704FF4487000F094F9FCF73CFB3B
:10CCA80097E0FBF7D7FE0346002B09D04E4B1B78C5
:10CCB800002B02D0FCF798FA8BE0FCF76BFA88E0BF
:10CCC800494B1B78002B28D0FCF7A4FA0346002B0D
:10CCD8007ED0FDF78DF9FBF723FC03461A46404B3F
:10CCE8001A70FFF7F1FD0346002B05D03B4B0422D9
:10CCF8001A70FCF731FB08E0384B04221A704FF425
:10CD0800487000F05FF9FCF727FB3848FBF735FD62
:10CD180003461A46364B1A705AE0FBF755FE03468F
:10CD2800002B2AD0FDF764F9FBF7FAFB03461A46F5
:10CD38002B4B1A702F4B1B78002B02D02E4802F079
:10CD48004DFCFFF7C1FD0346002B05D0234B042201
:10CD58001A70FCF701FB08E0204B04221A704FF40C
:10CD6800487000F02FF9FCF7F7FA2048FBF705FDAB
:10CD780003461A461E4B1A702BE0FCF7A9FF034620
:10CD8800FB70FB78002B05D11C4B00221A70FDF7B5
:10CD9800A5F81EE01A4B1B78FA789A4203D1194B72
:10CDA8001B78002B06D1FB7801211846FDF722FAE3
:10CDB80000BF0EE0FB7800211846FDF71BFA08E0DB
:10CDC800064B03221A70FCF7A7FA02E000BF00E046
:10CDD80000BF00BF0837BD4680BD00BF2807002040
:10CDE8003007002000420108C9070020BC070020C6
:10CDF800C3070020A907002004420108A807002053
:10CE0800940700209507002080B582B000AF034644
:10CE1800FB71FB79002B0CBF01230023DBB21A4600
:10CE280002210348F5F767FC00BF0837BD4680BDFF
:10CE3800000C0140B0B588B004AF786039601A4B77
:10CE48001B781B01194A1344FB60FB6801221A7006
:10CE5800FB687A685A60FB683A689A60F4F762FE81
:10CE68000246FB68DA60104B1B780133DBB203F033
:10CE78000103DAB20C4B1A707868F3F735FB0446F5
:10CE88000D463868F3F730FB02460B46F968C96867
:10CE98000291CDE9002322462B46054802F02EFBDD
:10CEA80000BF1037BD46B0BD54070020340700202E
:10CEB8003842010880B584B000AFF4F733FEF8605B
:10CEC8003B4B93F82830002B20D0394B1B6ABB60B2
:10CED800374B5B6A7B60364B002283F82820354B42
:10CEE8001B78002B12D1334B01221A707968B8686D
:10CEF800FFF7A0FF304B01221A70304AFB6813601D
:10CF08002F4B00221A700120FFF77EFF294B1B7858
:10CF1800002B0ED0264BDB6A002B0AD0244BDB6A91
:10CF2800FA68D31A40F6B732934202D9214B00224D
:10CF38001A70214B1B78012B02D0022B1DD02CE03C
:10CF48001E4B1B68FA68D31AB3F5AF7F29D30020AC
:10CF5800FFF75AFF1A4B1B780133DAB2184B1A70D5
:10CF6800164AFB681360164B1B78022B01D9002266
:10CF780000E00222104B1A7013E0104B1B68FA688D
:10CF8800D31AF92B0FD90120FFF73EFF0B4AFB6894
:10CF98001360094B01221A7005E00020FFF734FFE7
:10CFA80002E000BF00E000BF00BF1037BD4680BDF3
:10CFB8002C0600205507002056070020580700209F
:10CFC8005C07002080B584B000AF7860F4F7AAFD54
:10CFD800F86006E0FBF70CF8FFF76CFF0520F4F7A4
:10CFE800ABFDF4F79FFD0246FB68D31A7A689A42B4
:10CFF800F0D800BF00BF1037BD4680BD80B586B0F1
:10D0080000AFF860B9607A603B600023FB753AE0D6
:10D01800FB7D214A52F823301946F868F3F7C0FA25
:10D02800034623F000431D491846F3F76BFD0346FA
:10D03800002B25D0FB7D1A4A52F823301946B868D0
:10D04800F3F7AEFA034623F0004314491846F3F702
:10D0580059FD0346002B13D07B68002B05D0FB7DC0
:10D068000D4A52F823207B681A603B68002B05D0D4
:10D07800FB7D0B4A52F823203B681A60012306E027
:10D08800FB7D0133FB75FB7D042BC1D900231846BA
:10D098001837BD4680BD00BFB848010800004040B1
:10D0A800CC4801082DE9F04194B006AF78613961A8
:10D0B8004FF000033B634FF00003FB624FF00003A7
:10D0C800BB624FF000037B624FF000033B624FF0FE
:10D0D8000003FB614FF4FA70FBF76CF80346002B72
:10D0E80001D10023EBE039697869FBF7ADF9034614
:10D0F800002B01D00123E2E007F1240307F1280205
:10D1080007F12C0107F13000FBF7B4F80346002BB8
:10D118003BD0B86A796A07F11C0307F12002FFF7D0
:10D128006DFF0346002B28D03B6A23F00043664975
:10D138001846F3F7FBFC0346002B09D1FB6923F0E3
:10D14800004361491846F3F7F1FC0346002B14D05D
:10D158003B6A1846F3F7C8F904460D46FB691846BA
:10D16800F3F7C2F902460B46CDE9002322462B46C7
:10D17800564802F0C3F90023A1E03A6B7B691A60B4
:10D18800FA6A3B691A60012399E0514BD3F8E430FD
:10D19800002B5AD14E4BD3F8F030002B55D04D48C8
:10D1A800FAF7D4FF0346002B4CD04FF4AF70FFF7CB
:10D1B80009FF07F1240307F1280207F12C0107F101
:10D1C8003000FBF757F80346002B3ED0B86A796A5F
:10D1D80007F11C0307F12002FFF710FF0346002B9D
:10D1E80028D03B6A23F0004337491846F3F79EFCE2
:10D1F8000346002B09D1FB6923F000433249184646
:10D20800F3F794FC0346002B14D03B6A1846F3F757
:10D218006BF904460D46FB691846F3F765F90246B3
:10D228000B46CDE9002322462B462B4802F066F92F
:10D23800002344E03A6B7B691A60FA6A3B691A601A
:10D2480001233CE0254802F0C9F9F4F76BFC786348
:10D258001F4BD3F8E8601E4BDB691946786BFBF768
:10D268008BF980461A4BD3F8E430FB60184BDB6827
:10D278001946786BFBF780F9B860154BD3F8F04086
:10D28800134BDB6B1946786BFBF776F97860104B1C
:10D29800D3F8F4500E4BDB6C1946786BFBF76CF93E
:10D2A8000346049303957A6802920194BA6800923F
:10D2B800FB68424631460A4802F020F90023184626
:10D2C8003837BD46BDE8F081CDCCCC3DC042010821
:10D2D8002C0600202436010808430108544301089D
:10D2E8008443010880B500AFF9F754FC0120F9F731
:10D2F80081FC0020FFF788FD00F0C8F90D4B0322E0
:10D308001A70F4F70FFC03460B4A1360FBF708F991
:10D3180003461A46094B1A70FBF740FAFBF7FCFF65
:10D32800F8F790FB0146064B064A074802F0E6F874
:10D3380000BF80BD280700202C07002030070020F0
:10D34800603F01086C3F01088446010880B582B03F
:10D3580000AFFFF7AFFDFFF749FC00BF0837BD4638
:10D3680080BD000080B483B000AF0346FB71FB7939
:10D37800602B05D9FB797A2B02D8FB79203BFB710E
:10D38800FB79203B3A2B00F2CB8001A252F823F024
:10D3980085D4000829D5000829D5000829D5000812
:10D3A80029D5000829D5000829D5000829D500085D
:10D3B80029D5000829D5000829D5000829D500084D
:10D3C80029D5000889D4000895D4000891D400080C
:10D3D80099D400089DD40008A1D40008A5D4000859
:10D3E800A9D40008ADD40008B1D40008B5D4000809
:10D3F800B9D40008BDD400088DD4000829D5000888
:10D4080029D5000829D5000829D5000829D50008FC
:10D4180029D50008C1D40008C5D40008C9D400081B
:10D42800CDD40008D1D40008D5D40008D9D4000838
:10D43800DDD40008E1D40008E5D40008E9D40008E8
:10D44800EDD40008F1D40008F5D40008F9D4000898
:10D45800FDD4000801D5000805D5000809D5000845
:10D468000DD5000811D5000815D5000819D50008F4
:10D478001DD5000821D5000825D500082B4B50E004
:10D488002B4B4EE02B4B4CE02B4B4AE02B4B48E010
:10D498002B4B46E02B4B44E02B4B42E02B4B40E020
:10D4A8002B4B3EE02B4B3CE02B4B3AE02B4B38E030
:10D4B8002B4B36E02B4B34E02B4B32E02B4B30E040
:10D4C8002B4B2EE02B4B2CE02B4B2AE02B4B28E050
:10D4D8002B4B26E02B4B24E02B4B22E02B4B20E060
:10D4E8002B4B1EE02B4B1CE02B4B1AE02B4B18E070
:10D4F8002B4B16E02B4B14E02B4B12E02B4B10E080
:10D508002B4B0EE02B4B0CE02B4B0AE02B4B08E08F
:10D518002B4B06E02B4B04E02B4B02E02B4B00E09F
:10D528002B4B18460C37BD4680BC7047E0480108B5
:10D53800E8480108F0480108F848010800490108CE
:10D54800084901081049010818490108204901083B
:10D5580028490108304901083849010840490108AB
:10D56800484901085049010858490108604901081B
:10D57800684901087049010878490108804901088B
:10D58800884901089049010898490108A0490108FB
:10D59800A8490108B0490108B8490108C04901086B
:10D5A800C8490108D0490108D8490108E0490108DB
:10D5B800E8490108F0490108F8490108004A01084A
:10D5C800084A0108104A0108184A0108204A0108B7
:10D5D800284A010880B586B002AF0346FB710023D4
:10D5E8003B73FB797B7307F10C02642300930223DE
:10D5F80078210648F5F7D6FF0346002B01D0002313
:10D6080000E0012318461037BD4680BDFC0100200C
:10D6180080B58AB002AF78600B467B800023FB831D
:10D628000023BB8326E040233B720023BB830FE02B
:10D63800FB8B7A681A44BB8B0133127820333B4446
:10D6480003F8182CFB8B0133FB83BB8B0133BB83A3
:10D65800FA8B7B889A4202D2BB8B0F2BE8D9BB8B03
:10D6680001339BB207F10802642100917821064832
:10D67800F5F798FFFA8B7B889A42D4D300BF00BF96
:10D688002037BD4680BD00BFFC01002080B500AF3B
:10D698006420F4F751FAAE20FFF79CFF2020FFF733
:10D6A80099FF1020FFF796FFB020FFF793FFC820DF
:10D6B800FFF790FF0020FFF78DFF1020FFF78AFF8C
:10D6C8004020FFF787FF8120FFF784FF7F20FFF7C7
:10D6D80081FFA120FFF77EFFA620FFF77BFFA82090
:10D6E800FFF778FF3F20FFF775FFA420FFF772FFD1
:10D6F800D320FFF76FFF0020FFF76CFFD520FFF75F
:10D7080069FFF020FFF766FFD920FFF763FF2220AB
:10D71800FFF760FFDA20FFF75DFF1220FFF75AFFDF
:10D72800DB20FFF757FF2020FFF754FF8D20FFF77E
:10D7380051FF1420FFF74EFFAF20FFF74BFF00F01B
:10D7480005F800F00FF800BF80BD000080B500AFFD
:10D758004FF480620021024802F008F900BF80BD42
:10D76800C008002080B582B000AF0023FB7116E02E
:10D77800FB79503BDBB21846FFF72CFF0020FFF780
:10D7880029FF1020FFF726FFFB79DB01084A134425
:10D7980080211846FFF73CFFFB790133FB71FB79C9
:10D7A800072BE5D900BF00BF0837BD4680BD00BFC5
:10D7B800C008002080B584B000AF0346FB710B465B
:10D7C800BB7113467B71BB79072B1FD8FB797A2B6A
:10D7D8001CD87B791846FFF7C5FDB8600023FB739A
:10D7E80010E0FB7BBA68D118BA79F879FB7B03445F
:10D7F80008780849D2010A44134402461A70FB7B90
:10D808000133FB73FB7B052BEBD900E000BF10371E
:10D81800BD4680BDC008002080B582B000AF034679
:10D828003A60FB710B46BB710CE03B681A78B9791A
:10D83800FB791846FFF7BEFFFB790633FB713B689F
:10D8480001333B603B681B78002B02D0FB797A2BB5
:10D85800EBD900BF0837BD4680BD80B582B000AFA8
:10D8680003463960FB71FB79072B06D8FB793A68C8
:10D8780019460020FFF7D0FF00E000BF0837BD467B
:10D8880080BD000038B5044600F04AF82146054638
:10D898002046F3F755F920B920460021F3F728F977
:10D8A80008B9284638BD02F0D3F8212203460021E2
:10D8B8001A600846F3F732F80546284638BD00BF17
:10D8C80038B505460C4600F011F808B9204638BDB1
:10D8D800204600F00BF828B121462846F3F726F930
:10D8E8000028F3D02C46204638BD00BF30F0004059
:10D8F8000ED0A0F50003B3F1FE4F0DD3074B421E27
:10D908009A4207D9A0F1FF40B0FA80F04009704769
:10D91800022070470320704704207047FEFF7F00F5
:10D9280020F00042B2F1FF4F2DE9F04104464FD2FA
:10D93800002A4BD00028034654DB10F0FF424FD199
:10D948005B001802114602F10102F9D54942002490
:10D95800C3F31602A1F17F05CB074FF0190E4FF064
:10D96800807C214642F4000258BF52006D105200DC
:10D9780001EB0C039342CFBF134603EB0C01644445
:10D98800D31ABEF1010E4FEA43024FEA5C0CEFD105
:10D99800BBB11A4E1A4F30683968F2F701FED6F853
:10D9A800008001464046F3F7ADF850B13068396859
:10D9B800F2F7F8FD366801463046F3F799F8C8B132
:10D9C8000234601000F17C5000EBC550BDE8F081D6
:10D9D8000146F2F7EFFE2146F2F7E4FDBDE8F081DB
:10D9E800C115B4E70146F2F7DBFD0146F2F796FFF1
:10D9F800BDE8F081013424F00104E2E7344A01086B
:10DA0800304A01082DE9F0410F46904603F0A4FE84
:10DA180004460D46B8F1000F11D0C7F30A53C3F1FD
:10DA28006B03002B0BDD00241B0503F17F5505F567
:10DA3800401522462B46F3F7CBF804460D46204600
:10DA48002946BDE8F08100002DE9F04F9DB0159200
:10DA580000220E464FF000084FF00009049018927B
:10DA680017910A780D462B2A01F101011DD00BD818
:10DA78000D2A06D8082AF3D87AB100239A460B93C0
:10DA880081E0202AECD0F8E72D2A10D10122691C68
:10DA980017910B926A78002A35D1159B1796002B9F
:10DAA80040F08B85404649462AE00022EFE70021F6
:10DAB8000B91302A40F099806A7802F0DF02582AE8
:10DAC80058D102930B9B814A019318AB0093049899
:10DAD80019AB17A902F02EFF10F00F06044605D067
:10DAE800062E12D10023013517950B93159B002B99
:10DAF80040F065850B9B002BD4D0404609F10041CE
:10DB08001DB0BDE8F08F0D46D3E7189A3AB135211C
:10DB18001AA803F011FF1899049803F0E5FA013EDA
:10DB2800042E06D8DFE806F014031E211400DDE9F0
:10DB38001A89E00548BF49F0004929F000431B0D48
:10DB48001B05002BD2D101F083FF22230360CDE710
:10DB5800199ADDE91A8302F2334223F4801343EA67
:10DB68000259E6E7DFF86891E3E76FF000494FF004
:10DB7800FF38DEE7013517952B78302BFAD0002BCC
:10DB8800B4D04FF0010A00272B46BB460A210E9756
:10DB9800184613F8014BA4F13002092A28D90122AA
:10DBA8004C4901F0F8FE002833D0002022465C469C
:10DBB800CDE90600652A01D0452A14D124B95AEACC
:10DBC80000033FF46AAF0024179E731C1793727802
:10DBD8002B2A72D02D2A76D04FF0000CA2F13003F8
:10DBE800092B7DD9179600239FE04FF0000ACAE75A
:10DBF800BBF1080FD7BF0E9A01FB074201FB024297
:10DC0800303AD4BF0E92A2F130070BF1010B1793F3
:10DC1800BEE7179B5A1C17925A78BBF1000F33D0F6
:10DC28005C460690A2F13003092B12D90123079311
:10DC3800C0E7179B01305A1C17925A78302AF8D03F
:10DC4800A2F13103082B00F2BF840690002004469D
:10DC5800179D303A00F1010310D006992044194469
:10DC68000A230691A04211D1082800F1010419DC09
:10DC78000A230E9903FB01230E930023179A1846D3
:10DC8800511C17915278CDE75846D7E7082C04F174
:10DC9800010403DC0E9959430E91E3E7102CD8BF19
:10DCA8005F43DFE70F28DCBF0A2303FB0727E4E70E
:10DCB80000210123CDE9061381E74FF0000CB31CC6
:10DCC8001793B2788AE74FF0010CF8E7204C010867
:10DCD8000000F07F384A0108179B5A1C17925A789F
:10DCE800302AF9D0A2F13103082B3FF67CAF179BFD
:10DCF800A2F1300E194605930B46013317931A7893
:10DD08001946A2F13003092B3CD9059BCB1A082BE5
:10DD180044F61F633CDC9E45A8BF9E46CDF814E040
:10DD2800BCF1000F02D0059B5B420593002C50D13B
:10DD38005AEA00007FF4DAAE079B002B7FF4ADAE01
:10DD4800692A29D026DC492A26D04E2A7FF4A5AE96
:10DD58009F4917A803F010F800283FF49EAE179BC0
:10DD68001B78282B2FD19B491AAA17A803F018F85B
:10DD7800052828D11B9BDDF8688043F0FF4949F44A
:10DD8800E009B3E60A2303FB0E22A2F1300EB3E743
:10DD98000593C5E76E2AD9E78F4917A802F0ECFF6B
:10DDA80000283FF47AAE179B8C49013B17A81793BC
:10DDB80002F0E2FF10B9179B013317934FF00008E8
:10DDC800DFF81C9292E6874801F08CFE804689466F
:10DDD8008CE6DDE90532BBF1000F08BFA3469B1AAC
:10DDE800102C0E98A2460A93A8BF4FF0100AF2F71B
:10DDF80059FB092C8046894611DC0A9B002B3FF40D
:10DE080075AE0A9B71DD162B58DC7749424601EB4B
:10DE1800C3014B46D1E90001F2F7DAFED6E7724BAF
:10DE280003EBCA0353E91223F2F7D2FE80463846C1
:10DE38008946F2F737FB02460B4640464946F2F759
:10DE4800F5F90F2C80468946D7DD0A9BA4EB0A0A10
:10DE58009A44BAF1000F40F397802AF00F061AF09F
:10DE68000F0A51D1B6F59A7F5EDC00234046494639
:10DE78001F46DFF878A13611012E79D10BB1804603
:10DE880089465A49A9F1547901EBC7014246D1E9BB
:10DE980000014B46F2F79CFE514B0A460B40544991
:10DEA80080468B4240D8A1F580118B4286BF4FF047
:10DEB800FF38DFF8409102F1547932E00A9AC4F150
:10DEC80025039342C1DB484DC4F10F0405EBC4019F
:10DED8004246D1E900014B46F2F77AFE0A9B1C1B29
:10DEE80005EBC405D5E9002396E71633ADDBDDE97C
:10DEF80005239A1A3C4B404603EBC2034946D3E933
:10DF08000023F2F78FFF61E73749424601EBCA0168
:10DF18004B46D1E90001F2F75BFE80468946002EA8
:10DF2800A0D1002307939FE0002405940E94069443
:10DF380022234FF00008049ADFF8A49013600E9B88
:10DF4800002B3FF4D3AD1899049803F0CDF8069947
:10DF5800049803F0C9F8DDE9040103F0C5F80E9947
:10DF6800049803F0C1F82146049803F0BDF8BDE514
:10DF7800F20704D5DAE90023F2F72AFE0123013774
:10DF880076100AF1080A77E7CBD0CAF1000A4FEAFF
:10DF98002A161AF00F0A0DD11F2E2DDD0024059424
:10DFA8000E9406942223049A4FF000084FF00009BB
:10DFB8001360C4E70C4B404603EBCA034946D3E958
:10DFC8000023F2F72FFF80468946002EA9D0E3E709
:10DFD800474A01080C4C01083F4A0108794A0108E0
:10DFE8000000F07F084C0108984D0108704D0108A9
:10DFF8000000A07CFFFFEF7F16F0100318BF6A2314
:10E008004046079349460023764FF20704D5D7E9DF
:10E018000023F2F7DDFD0123761007F10807F4D19C
:10E028000BB180468946079BB3B1C9F30A52C2F1C6
:10E038006B03002B49460FDD1F2B59DD342BD8BF4E
:10E048004FF0FF334FF00008CFBF4FF05C79C2F1BB
:10E058004B02934003EA0109002200234046494647
:10E06800F3F71EF8002899D10E9B5A4600932946CB
:10E078002346049803F0A0F80E9000283FF454AF0C
:10E08800DDE905239B1A0A9A0024002AA8BF002369
:10E09800129322EAE273149305940E9B049859682C
:10E0A80002F0E4FF069000283FF442AF0E9B0C30CC
:10E0B8001A6903F10C010232920001F004FD1AAB57
:10E0C800019319AB009342464B460498CDE90C895D
:10E0D80003F0AAFB189000283FF42AAF0121049806
:10E0E80003F000F90346059048B9002305931FE79C
:10E0F8004FF0FF3202FA03F303EA0808ACE7199D70
:10E108001A9A002DABBF129B149BEF185E1B079B3E
:10E11800A8BF149EA5EB03051544334B05F1FF3545
:10E12800B8BF129F9D42C2F136024FDA5B1B1F2B0C
:10E138004FF00101A2EB03023CDC4FF0000B01FAA7
:10E1480003FABD18079BAF4216441E443B46A8BFBE
:10E158002B46B342A8BF3346002BC2BFED1AF61AAE
:10E16800FF1A129B002B16DDDDE904011A4603F0A5
:10E1780077F905900028B8D00146189A049803F05A
:10E18800C7F80F9000283FF4D3AE1899049802F00E
:10E19800ABFF0F9B1893002D1BDC0A9B002B25DD82
:10E1A800149A0699049803F05BF90690F0B90023D5
:10E1B8000693BDE6C5F17F4505F57F0505F57B4569
:10E1C800E23501FA05FB4FF0010ABAE74FF0000B00
:10E1D800F9E72A461899049803F09EF91890002840
:10E1E800DBD1A5E6384C010802FCFFFF002E07DD55
:10E1F80032460699049803F08FF906900028D6D085
:10E20800002F08DDDDE904013A4603F085F90590A1
:10E2180000283FF48DAE069A1899049803F004FA82
:10E22800044600283FF484AEC36805990F93002381
:10E23800C36003F0DDF900283CDA0F9B53EA0803BA
:10E248005ED1C9F313034D46002B59D129F0004381
:10E258001B0D1B05B3F1D66F52D9636913B9236936
:10E26800012B4DDD21460122049803F055F905994B
:10E27800044603F0BDF9002842DDA74B079A2B405E
:10E28800002A5FD0B3F1D66F5CD8B3F15C7F7FF61C
:10E2980089AE40464946A14B0022F2F799FC9E4BB5
:10E2A80080460B408946002B7FF44DAE2223049A0A
:10E2B800136048E64D4662D10F9AC9F3130342B37F
:10E2C800974A934228D1079B4146EBB1924B4FF0B6
:10E2D800FF322B40B3F1D46F19D81B0DC3F16B0378
:10E2E80002FA03F3994217D18E4B9D4202D10131B4
:10E2F8003FF41EAE4FF00008874B2B4003F5801902
:10E30800079B002BC5D11EE64FF0FF33EAE7134603
:10E31800E8E753EA0803B0D0BBF1000F1BD01BEAB3
:10E32800050FEDD00F9B40464946079AB3B1FFF75A
:10E3380069FB02460B46DDE90C01F1F777FF8046E1
:10E348008946DDE7A3F580136FEA13594FF0FF38CC
:10E358006FEA0959D4E71AEA080FE2E7FFF752FB18
:10E3680002460B46DDE90C01F1F75EFF00220023AF
:10E3780080468946F2F794FE0028C1D012E620466E
:10E38800059903F0A9FA00224FF0804306460F468C
:10E39800F2F79AFE00286ED00F9B002B79D1B8F1C6
:10E3A800000F54D1C9F31303002B56D10022304675
:10E3B80039465D4BF2F77EFE002857D100223046E1
:10E3C80039465A4BF2F704FC82468B460BF1004360
:10E3D800CDF820A00993504B4F4A2B401393544B30
:10E3E8002A409A42DDE9086740F0A880A5F15479EF
:10E3F8004046494603F0B0F9DDE90823F2F7E8FBA7
:10E4080042464B46F1F712FF434D4A4A0D409542AA
:10E41800804645D90D9A434B9A4203D10C9B013350
:10E428003FF486AD4FF0FF38DFF8F890189904985C
:10E4380002F05AFE0699049802F056FEDDE904013E
:10E4480002F052FE2146049802F04EFE25E6B8F18D
:10E45800010F02D1002D3FF4A5AD0022364B4FF03D
:10E46800000ACDE90823DFF8C0B0B4E74FF0000A8E
:10E47800DFF8B8B0AAE72D4B002230463946F2F74C
:10E48800A7FB0F9B82468B46002B9FD0CDE908AB9C
:10E49800A1E70022244B92469B46CDE908239AE740
:10E4A80001F15479079B002BC0D129F00043139A3E
:10E4B8001B0D1B059A42B9D150465946F2F7D0FEBA
:10E4C800F2F73CF802460B4650465946F1F7ACFEC7
:10E4D8000F9AC9F3130343EA0803134306460F468A
:10E4E80065D009A3D3E90023F2F7E4FD00287FF4FF
:10E4F8002AAD07A3D3E9002330463946F2F7F8FDE1
:10E50800002893D01FE500BF9535A094FFFFDF3F9B
:10E5180035E5AF350000E03F0000F07F00005039DE
:10E52800FFFF0F00FFFFEF7F0000F03F0000E03F1C
:10E538000000E07FFFFF9F7C0000F0BF079B13B344
:10E54800139BB3F1D46F1ED825A3D3E900235046FB
:10E558005946F2F7B9FD90B159465046F2F710FE08
:10E56800012838BF0120F1F79DFF0F9B82468B469B
:10E57800D3B901F1004310901193DDE91067139AA4
:10E5880007F1D6639F1ADDE90C0103F0E5F80246AE
:10E598000B4630463946F2F71BFBDDE90C23F1F751
:10E5A80045FE804689467DE7CDE910ABE5E70EA339
:10E5B800D3E90023F2F77EFDA2E700230B93179B14
:10E5C800159A1360FFF796BA652A3FF471AB452A8E
:10E5D8003FF46EAB01230793FFF7AABBAFF30080AC
:10E5E8000000C0FFFFFFDF419535A094FFFFCF3F3C
:10E5F8002DE9F843244D0A46244B01462868FFF7C5
:10E6080023FA02460B4606460F46F2F77BFD68B131
:10E61800002F1F4806DA01F06BFA00F1004420468B
:10E62800BDE8F883BDE8F84301F062BA39463046E0
:10E63800F2F7C6FD20F00048044616494046F2F7B6
:10E648007FFAB0B940461349F2F75CFA88B927F067
:10E6580000494FF0FF32304649460F4BF2F752FD62
:10E6680070B94FF0FF32304649460B4BF2F72CFD9C
:10E6780030B914F0FF4FD2D1084B3B40002BCED01D
:10E6880022222B681A60CAE78C0100202000002093
:10E69800084C0108FFFF7F7FFFFFEF7F0000F07F3E
:10E6A800242B2DE9F0478646904601D8012B06D148
:10E6B80001F0CEF9162303600020BDE8F0870D466F
:10E6C80033482A4615F8014B065D16F00806F8D1BE
:10E6D8002D2C10D101262C78951C33F0100215D161
:10E6E800302C0DD12A7802F0DF02582A08D16C7834
:10E6F800023510230AE02B2C04BF2C78951CECE77C
:10E70800002BF6D1302C14BF0A230823002206F16F
:10E71800004C0CF1FF3CBCFBF3F9104603FB19CA93
:10E72800A4F13007092F0FD83C46A3421BDD571C24
:10E7380007D0814514D301D1A24511DB012200FB8A
:10E74800034015F8014BEBE7A4F14107192F01D855
:10E75800373CEAE7A4F16107192F04D8573CE4E7EE
:10E768004FF0FF32EDE7531C08D122236046CEF864
:10E778000030B8F1000FA0D0691E06E006B1404293
:10E78800B8F1000F99D0002AF6D1C8F8001094E724
:10E79800614C010813460A46014602480068FFF723
:10E7A8007FBF00BF8C010020022B10B50AD0920851
:10E7B80003680C68013A002A40F8044B41F8043B0E
:10E7C800F6DC10BD02440C78037800F8014B01F820
:10E7D800013B131A002BF6DCF3E7F8B50F46164693
:10E7E80004461D4698470028314638460CDAA847A3
:10E7F800002802DA3C462046F8BD31462046A847A4
:10E808000028F8DA3446F6E7A8470028F2DC314653
:10E818002046A8470028F5DAEDE72DE9F04F95B036
:10E82800009340EA02039B070746154619D1B2F147
:10E83800040818BF4FF001080023019305FB01F4F9
:10E84800062907EB040307EB050B029328D8029B64
:10E858009B4510D3019B002B40F0188115B0BDE8F3
:10E86800F08F4FF00208E7E743462A463146204634
:10E87800FFF79AFF0FE05C460EE0661B2146304624
:10E88800009B9847002809DDB8F1000FECD12368F8
:10E898003268226033603446A742EED3AB44D6E7F1
:10E8A8004FEA5109641B072905FB09793C4421D02B
:10E8B800282944D9CE086E43009B07EB4602B919B4
:10E8C8003846FFF78AFF494609EB0602009B824655
:10E8D800881BFFF782FF22468146009BA11BA4EB01
:10E8E8004600FFF77AFF024649465046009BFFF76D
:10E8F80074FF8146B8F1000F24D13B68D9F8002095
:10E908003A60C9F80030D946A2465E460023A145C0
:10E9180036D803933946009B484698470028039BFE
:10E928002CDC0AD1B8F1000F13D13368D9F80020D4
:10E938003260C9F800302E440123A944E7E7224693
:10E94800BA46D1E743462A4649463846FFF72CFFE0
:10E95800D9E743462A4649463046FFF725FFEAE706
:10E968000BD1B8F1000F13D12368DAF80020226028
:10E97800CAF800300123AAEB050A641BA1450ED989
:10E98800002B40D1029B9B45BFF464AF5C4636E048
:10E9980043462A4651462046FFF706FFEAE7039317
:10E9A8003946009B204698470028039BD8DAB8F1DF
:10E9B800000F07D1D9F800302268C9F80020236079
:10E9C800641BB9E743462A4621464846FFF7ECFE52
:10E9D800F6E743462A4631462046FFF7E5FE0DE0B6
:10E9E800661B21463046009B9847002809DDB8F190
:10E9F800000FEED123683268226033603446A742A4
:10EA0800EED3AB44BEE7A9EB060BF21B5A45A8BFF1
:10EA18005A462AB143463846A9EB0201FFF7C4FE1D
:10EA2800029BAAEB0404A3EB0A02521BA24228BFD2
:10EA380022462AB1029943464846891AFFF7B4FE8E
:10EA4800029B5C45A3EB040605D823465C469B461F
:10EA580033463E461F46AB4522D9019BBBFBF5F129
:10EA6800072B0CD8B4FBF5F4019A14AB03EBC203E3
:10EA780043F8406C43F83C4C13460133DDE62A4624
:10EA88003846009BFFF7C9FEAC420CD8019B013BFE
:10EA98000193019A14AB03EBC20353E91071CDE65D
:10EAA800AC427FF6D7AEB4FBF5F13746C6E6002B8D
:10EAB8002DE9F0471D46BBBF03F100431D46002367
:10EAC8002D2388B01446B8BF1446129A109E1370AE
:10EAD800149BDDF84CA023F02008B8F1460F05D0B0
:10EAE800B8F1450F00D10136022300E0032307AA3D
:10EAF800049206AACDE902A2CDE9003622462B46A9
:10EB080001F082F8B8F1470F074619D1119BDB07CE
:10EB18000ED500EB06090022002320462946F2F70D
:10EB2800BFFA08B1CDF81C903022079B4B451ED385
:10EB38003846079B159ADB1B136008B0BDE8F087C1
:10EB4800B8F1460F00EB0609E5D10378302B0AD15E
:10EB58000022002320462946F2F7A2FA18B9C6F186
:10EB68000106CAF80060DAF800309944D3E7591C66
:10EB780007911A70D9E7F7B50029B6BF2D232B23C3
:10EB8800494209290270437029DD0DF10704254621
:10EB98000A27B1FBF7F6224607FB1613303302F8B3
:10EBA800013C0B46632B314604F1FF34F1DC303174
:10EBB800931E04F8011C1C46411CAB420AD30DF1FC
:10EBC80009039B1AA54238BF0023821C1344181A54
:10EBD80003B0F0BD13F8016B01F8016FEDE73023C6
:10EBE80030318370C170031DF1E700002DE9F04F4B
:10EBF80091B00C46DDF8688016461F46054600F0C1
:10EC0800DDFE036818460A93F1F7DAFF00230E9336
:10EC1800D8F8003094F818A0073323F00703F3E876
:10EC28000212D4F800B0CDE90812C8F80030134633
:10EC38000A46C4E91223DDE9088323F000490B9052
:10EC48004FF0FF32404649469B4BF2F75BFA70BBE8
:10EC58004FF0FF3240464946974BF2F735FA30BB42
:10EC6800DDE9080100220023F2F724FA10B12D2370
:10EC780084F84330914A924BBAF1470F8CBF9046C3
:10EC8800984603234FF0000923612BF00403236007
:10EC980033462146284600970FAA00F0D3F90130E1
:10ECA80040F08F804FF0FF3011B0BDE8F08FDDE904
:10ECB800082310461946F2F725FA40B1099B814A04
:10ECC800002BBCBF2D2384F843307F4BD4E7636807
:10ECD8000AF0DF095A1C3ED10623636000224BF478
:10ECE8008063236006920EAACDE904A20DAA0392BE
:10ECF8000DF13302CDE90132636828460093DDE95E
:10ED08000823FFF7D4FEB9F1470F80460D9929D1A2
:10ED1800C81C02DB63688B4241DAAAF1020A5FFA77
:10ED28008AFA5246013904F150000D91FFF723FF8A
:10ED38000E9A81461318012A236102DC2268D20741
:10ED480001D5013323619DF83330002BA0D02D234A
:10ED580084F843309CE7B9F1470FBFD1002BBDD1F0
:10ED68000123BAE7BAF1650FDBD9BAF1660F18D1FA
:10ED7800002963680BDD216113B92268D00702D529
:10ED880001330B4423614FF00009A165DBE713B998
:10ED98002268D20701D50233F4E70123F2E74FF0E6
:10EDA800670A0E9B8B4205DC23682161D807EAD5E8
:10EDB8004B1CE7E70029CCBF0122C1F10202134432
:10EDC800E0E723685A0507D42369424631462846B6
:10EDD800B84701302BD165E7BAF1650F40F2DC8006
:10EDE800D4E9120100220023F2F75AF9002833D09F
:10EDF800012331462846354AB84701303FF452AF1F
:10EE0800DDE90D38434502DB2368D8070FD5DDE976
:10EE18000A2331462846B84701303FF443AF4FF044
:10EE2800000908F1FF3804F11A0AC84509DC23680B
:10EE38009B0700F10281E0680F9B9842B8BF184613
:10EE480032E70123524631462846B84701303FF49D
:10EE580029AF09F10109E8E70D9B002B38DC0123F4
:10EE680031462846194AB84701303FF41BAFDDE95F
:10EE78000D3959EA030302D12368D907D7D5DDE94B
:10EE88000A2331462846B84701303FF40BAF4FF00C
:10EE9800000A04F11A0B0D9B5B42534501DC4B46FB
:10EEA80093E701235A4631462846B84701303FF4D4
:10EEB800F9AE0AF1010AEEE7FFFFEF7F3E4A0108CB
:10EEC8003A4A0108464A0108424A01084A4A0108E2
:10EED800A36DDDF838A05345A8BF5346002B9946CB
:10EEE80036DC4FF0000B29EAE97904F11A02A36D28
:10EEF8000893A3EB09035B4531DC0D9B9A453ADC8B
:10EF08002368DA0737D40D9BAAEB0309089BAAEB01
:10EF180003039945A8BF9946B9F1000F33DC4FF0B8
:10EF2800000829EAE97904F11A0B0D9BAAEB0303FF
:10EF3800A3EB090343457FF77AAF01235A463146CD
:10EF48002846B84701303FF4ADAE08F10108ECE7B8
:10EF5800424631462846B8470130C2D1A2E60123CD
:10EF6800314628460892B84701303FF49BAE089ACC
:10EF78000BF1010BBBE73146DDE90A232846B84708
:10EF88000130C0D18EE6089A4B46314628464244A5
:10EF9800B8470130C3D185E6DDF838A0BAF1010FD2
:10EFA80001DCDB0736D50123424631462846B847FF
:10EFB80001303FF477AEDDE90A2331462846B847E9
:10EFC80001303FF46FAED4E91201002200230AF1A8
:10EFD800FF3AF2F765F8C0B9534608F10102314625
:10EFE8002846B84701300CD15CE601235A46314621
:10EFF8002846B84701303FF455AE08F10108D0451E
:10F00800F3DB4B4604F15002E0E64FF0000804F150
:10F018001A0BF4E701234246E1E701234A46314649
:10F028002846B84701303FF43DAE08F10108E368CF
:10F038000F995B1A4345F0DCFDE64FF0000804F138
:10F048001909F4E72DE9F047164698468A680B69CE
:10F0580007469342B8BF1346336091F843200C46E5
:10F06800DDF820900AB1013333602368990642BF66
:10F07800336802333360256815F0060506D104F1BC
:10F08800190AE36832689B1AAB422BDC94F84330C8
:10F098002268003B18BF0123920630D44146384607
:10F0A80004F14302C847013023D02368226903F0E2
:10F0B8000603042B14BF002533684FF0000608BF71
:10F0C800E56804F11A0408BFED1A54F8123C08BFA9
:10F0D80025EAE5759342C4BF9B1AED18B5421AD1CB
:10F0E800002008E00123524641463846C84701300F
:10F0F80003D14FF0FF30BDE8F0870135C1E730207C
:10F10800E11881F843005A1C94F845102244023350
:10F1180082F84310C2E70123224641463846C847D1
:10F128000130E6D00136D9E72DE9F0430D7E85B0F0
:10F13800782D904607460C4699460C9E01F14302ED
:10F1480007D8622D0AD8002D00F0D780582D00F07E
:10F15800BC8004F1420684F842503BE0A5F1630309
:10F16800152BF6D801A151F823F000BFCDF1000806
:10F17800E1F100085BF100085BF100085BF10008B1
:10F188005BF10008E1F100085BF100085BF10008A1
:10F198005BF100085BF10008E9F200080BF20008D7
:10F1A8009BF200085BF100085BF100080BF3000814
:10F1B8005BF100080BF200085BF100085BF1000846
:10F1C800A3F2000833681A1D1B68326004F1420676
:10F1D80084F842300123A1E033682068191D3160AA
:10F1E800060601D51D6803E04506FBD5B3F90050B6
:10F1F800002D03DA2D236D4284F843300A235B483F
:10F2080011E021683368080653F8045B02D4490604
:10F2180048BFADB23360237E54486F2B5CD10823BE
:10F22800002184F843106668002EA66005DB21687B
:10F238002E4321F00401216050D01646B5FBF3F1AE
:10F2480003FB115C10F80CC006F801CDAC46634511
:10F258000D46F3D9082B0BD12368DB0708D52369A2
:10F2680061689942DEBF302306F8013C06F1FF369B
:10F27800921B2261434621463846CDF8009003AAE6
:10F28800FFF7E0FE01304ED14FF0FF3005B0BDE88A
:10F29800F083236843F0200323607825344884F8FA
:10F2A80045502368316813F0800F51F8045B03D18F
:10F2B80013F0400F18BFADB23160D90744BF43F017
:10F2C800200323601DB11023AAE72848E7E7236835
:10F2D80023F020032360F6E70A23A1E71646B9E7DF
:10F2E80033682568181D616930602E061B6801D5D2
:10F2F800196002E06806FBD51980002316462361D1
:10F30800B8E7336800211A1D32601E68626830460B
:10F3180000F0CBFB08B1801B6060636823610023A9
:10F3280084F84330A6E73246414638462369C84741
:10F338000130A9D023689B0713D4E068039B984247
:10F34800B8BF1846A2E70123324641463846C847A7
:10F35800013099D00135E36803995B1AAB42F2DCBE
:10F36800EBE7002504F11906F5E700BF4C4A010850
:10F378005D4A0108002310B50446C0E90033C0E91E
:10F388000433836081814366C28183611946082200
:10F398005C3000F0EBFA0D4B246263620C4BA36205
:10F3A8000C4BE3620C4B23630C4B9C4206D003F1DD
:10F3B8006802944202D0D0339C4205D104F158002F
:10F3C800BDE8104000F06EBB10BD00BFC9F70008D3
:10F3D800EBF7000823F8000849F80008C00C0020E3
:10F3E800024A0349034800F06BB800BF140000202C
:10F3F800092001089001002041680C4B10B5994282
:10F40800044601D002F0FCFDA168094B994202D0E4
:10F41800204602F0F5FDE168064B994204D02046EB
:10F42800BDE8104002F0ECBD10BD00BFC00C0020CC
:10F43800280D0020900D00200C4B0D4A10B504211A
:10F448001A600C480022FFF795FF0A4B01221C4660
:10F45800092103F16800FFF78DFF04F1D0000222B3
:10F46800BDE810401221FFF785BF00BFF80D00204E
:10F47800E9F30008C00C0020014800F014BB00BFED
:10F48800010E0020014800F00FBB00BF010E002054
:10F4980010B50446FFF7F0FF236A1BB1BDE8104022
:10F4A800FFF7F0BF044B2362044B1B68002BF5D118
:10F4B800FFF7C2FFF2E700BF01F40008F80D0020D3
:10F4C8002DE9F8430746884614460026D4E90195F5
:10F4D800B9F1010905D52468002CF7D13046BDE8FB
:10F4E800F883AB89012B07D9B5F90E30013303D066
:10F4F80029463846C04706436835E9E70FB407B5DB
:10F50800064904AB086853F8042B8168019302F09C
:10F51800E5FB03B05DF804EB04B070478C010020F4
:10F52800024B01461868826802F0EFBD8C0100208A
:10F53800036A70B505460E4684680BB9FFF7A8FF45
:10F54800636EDB0705D4A389980502D4A06D00F08B
:10F55800AAFAA389190702D52369002B35D12146B8
:10F56800284600F0AFF980B34FF0FF35636EDA0735
:10F5780005D4A3899B0502D4A06D00F095FA28460E
:10F5880070BD002B04DAA269934217DB0A2915D053
:10F5980023685A1C22601970A36816F8011F013BE2
:10F5A800A3600029EDD1002B11DA22460A21284652
:10F5B80000F04AF90130D7D00A25D7E72246284675
:10F5C80000F042F90130E7D1CEE7013EE4E72368D5
:10F5D8005A1C22600A221A70EEE70000024B01460C
:10F5E8001868FFF7A5BF00BF8C0100202DE9F7437D
:10F5F8001D46574B04461F680E46904627B13B6A86
:10F6080013B93846FFF744FFB8F1020F06D0B8F136
:10F61800010F00F29A80002DC0F29780636ED9071F
:10F6280005D4A3899A0502D4A06D00F03CFA2146BE
:10F63800384602F0E5FC616B41B104F1440399429C
:10F6480002D0384601F0C6F8002363630023A361A3
:10F658006360A3891B0603D53846216901F0BAF80F
:10F66800A389B8F1020F23F44A6323F00303A381AB
:10F6780061D001AB6A462146384602F0E9FCA3890D
:10F688001843A0812DBB009D284601F027FC0646A3
:10F69800002852D1DDF80090A94540D14FF0FF3540
:10F6A800B4F90C3043F00202A2810022A26004F1F6
:10F6B80047022260226101226261626ED60704D489
:10F6C800980502D4A06D00F0EFF9284603B0BDE814
:10F6D800F083002ED8D03B6A13B93846FFF7D8FE1E
:10F6E800B8F1010F08BFA389C4E9046504BF43F05A
:10F6F8000103A381B4F90C30266013F008021ED070
:10F70800D90741BF00226D42A260A56158BFA5601C
:10F71800626ED20701D49B0513D50025D5E748466C
:10F7280001F0DCFB06460028B8D0A3894D4643F01B
:10F738008003A381CFE70025B2E7A946F5E7A260D9
:10F74800E6E7A06D00F0B0F9E7E74FF0FF35BCE75A
:10F758008C0100200CB430B5184B0C1E1D689DB0F0
:10F7680008DA8B234FF0FF302B601DB0BDE8304026
:10F7780002B070474FF40273ADF814304FF0000335
:10F788001B930CBF234604F1FF33049307934FF6F2
:10F79800FF7302900690ADF81630284621AB209AE8
:10F7A80002A9019302F07AF9431CBCBF8B232B609A
:10F7B800002CDAD00022029B1A70D6E78C010020B8
:10F7C80010B50C46B1F90E1000F01EF90028ABBFB9
:10F7D800636DA3891B1823F48053ACBF6365A381B1
:10F7E80010BD2DE9F0411F468B890546DB050C4607
:10F7F800164605D502230022B1F90E1000F0F2F8E2
:10F80800A389324623F48053A38128463B46B4F9A2
:10F818000E10BDE8F04100F009B910B50C46B1F979
:10F828000E1000F0DFF8B4F90C30421C0BBF23F4C3
:10F83800805343F48053A381A38118BF606510BD32
:10F84800B1F90E1000F0BEB8F8B50E4614460546DC
:10F8580018B1036A0BB9FFF71BFEA369A360A3895C
:10F868001A0701D5236943B92146284600F02AF82A
:10F8780018B14FF0FF373846F8BD23682269F6B251
:10F88800981A63693746834205DC2146284602F008
:10F89800B7FB0028EDD1A368013BA36023685A1C7D
:10F8A80022601E706269431C9A4204D0A389DB0758
:10F8B800E1D50A2EDFD12146284602F0A1FB002817
:10F8C800D9D0D6E738B5284B054618680C4618B184
:10F8D800036A0BB9FFF7DCFDB4F90C301A0721D421
:10F8E800D80607D409222A6043F040034FF0FF30BE
:10F8F800A38130E0590712D5616B41B104F144038B
:10F90800994202D0284600F065FF00236363002275
:10F91800B4F90C306260226923F02403226043F0BA
:10F928000803A38122693AB99A0501D5180603D5B7
:10F938002146284602F0B0FBB4F90C3013F001025E
:10F948000AD00022A26062695242A261226942B9C9
:10F9580013F08000C8D138BD990758BF6269A2600A
:10F96800F4E70020F7E700BF8C01002003460244BB
:10F97800934200D1704703F8011BF9E70346C9B267
:10F98800184613F8012B12B18A42F9D170470029A1
:10F9980018BF0020704710B56AB10139841810F8F3
:10F9A800012B11F8013F9A4203D1A04201D0002A4D
:10F9B800F5D1D01A10BD1046FCE70000004870478A
:10F9C8001001002038B50023054D044608462B6079
:10F9D800F5F767FF431C02D12B6803B1236038BDDC
:10F9E800FC0D002038B50446084611460022054D96
:10F9F8002A601A46F5F779FF431C02D12B6803B138
:10FA0800236038BDFC0D002038B504460846114671
:10FA18000022054D2A601A46F5F70AFF431C02D159
:10FA28002B6803B1236038BDFC0D002038B50446AF
:10FA3800084611460022054D2A601A46F5F715FFBB
:10FA4800431C02D12B6803B1236038BDFC0D002094
:10FA5800014B1868704700BF8C01002070B5002664
:10FA68000C4D0D4B5B1B9C10A64209D1002602F0E1
:10FA780091FC0A4D0A4B5B1B9C10A64205D170BD38
:10FA880055F8043B98470136EEE755F8043B98478C
:10FA98000136F2E7684E0108684E0108684E010811
:10FAA8006C4E0108704770477047034610B5C9B2DD
:10FAB80002449342184601D1002003E00478013340
:10FAC8008C42F6D110BD0A44914200F1FF3300D1B7
:10FAD800704710B511F8014B914203F8014FF9D165
:10FAE80010BD000000200149704700BF0000F87FEA
:10FAF800004870470000C07F2DE9F74F03690C6983
:10FB08000746A3427EDB013CA30000F1140501F186
:10FB18001408009305EB8403019358F8243055F832
:10FB2800242001339A42B2FBF3F608EB84092ED362
:10FB38004FF0000AC446AE46D3465CF8043B98B280
:10FB480006FB00A01B0C020C06FB0323DEF80020BA
:10FB580080B292B2121A5A44DEF800004FEA134AF1
:10FB68009BB2C3EB224303EB104392B242EA034237
:10FB7800E1454FEA234B4EF8042BDED2009BEB58AD
:10FB88002BB9019B043B9D421A462FD33C61384652
:10FB980001F02EFD002825DB2946002058F8042B0B
:10FBA800D1F800C01FFA82FE1FFA8CF3A3EB0E03F4
:10FBB8000344120CC2EB234202EB1C429BB243EA01
:10FBC8000243C1454FEA224041F8043BE6D255F8CA
:10FBD800242005EB840322B9043B9D421A460BD32B
:10FBE8003C610136304603B0BDE8F08F1268043B33
:10FBF800002ACBD1013CC6E71268043B002AEFD1AA
:10FC0800013CEAE70020EEE72DE9F04F16461F46D3
:10FC1800C26999B08146CDE90E67259C82B910204A
:10FC280001F05CF90246C9F81C0020B9EF21A84B85
:10FC3800A84802F0E9FA0023C0E901330360C36071
:10FC4800116859B101235268484693404A608B6055
:10FC580001F04AFA0022D9F81C301A60B7F10008FE
:10FC6800B5BF01230023236023609B4BBCBF28F052
:10FC78000048CDF83C8033EA08031AD142F20F73EA
:10FC8800249AC8F3130858EA0608136000F074852C
:10FC9800269B53B9914B21E0914B03930833269A45
:10FCA8001360039819B0BDE8F08F8C4B03930333AE
:10FCB800F5E7DDE90E34CDE90A34DDE90A01002271
:10FCC8000023F1F7EDF9824650B10123249A13601D
:10FCD800269B13B1834B269A1360834B0393E0E76B
:10FCE80016AB019317AB00934846DDE90A2301F0F0
:10FCF8009BFD5FEA1854169D04907BD0DDE90A014C
:10FD08000B9BA4F2FF34C3F3130343F07F5343F474
:10FD18004013CDF850A019460022744BF0F784FA2E
:10FD280065A3D3E90023F0F753FF65A3D3E90023C4
:10FD3800F0F77CFA064620460F46F0F7C3FB62A3AD
:10FD4800D3E90023F0F744FF02460B463046394614
:10FD5800F0F76CFA06460F46F1F7EAF900228046FA
:10FD6800002330463946F1F7A5F948B14046F0F787
:10FD7800A9FB32463B46F1F793F908B908F1FF3879
:10FD8800B8F1160F53D8DDE90A01594B03EBC80344
:10FD9800D3E90023F1F78EF900284AD0002308F1AF
:10FDA800FF3811932D1B6B1E099349BF00230027B1
:10FDB800C5F101070993B8F1000F3CDB099BCDF8A9
:10FDC80040804344099300230C93229B092B64D859
:10FDD800052BC4BF043B2293229BC8BF0024A3F178
:10FDE8000203D8BF0124032B00F28680DFE803F06A
:10FDF8005153362B179C2C4404F23243202BC1BF9D
:10FE0800C3F1400308FA03F804F2124326FA03F395
:10FE1800D6BFC3F1200348EA030006FA03F0F0F75F
:10FE280041FB0122A1F1F873013C149273E701230D
:10FE3800B7E71190B6E7C8F100030C930023A7EBCE
:10FE480008071093C1E701230D93239B43440893AC
:10FE58000133012B0593B8BF012306E001230D935D
:10FE6800239B002B4BDD0893059300210422D9F82E
:10FE78001C0002F114059D4246D94160484601F034
:10FE8800F5F80390002842D1024640F2AF11194B11
:10FE9800CEE60023E3E70023D6E7012400230D94F0
:10FEA80022934FF0FF3300220893059312232392E5
:10FEB800DBE700BFAFF3008061436F63A787D23FE2
:10FEC800B3C8608B288AC63FFB799F501344D33F41
:10FED800834A01089A4A01080000F07F7F4A010816
:10FEE800764A01084B4A01084A4A01080000F83FCF
:10FEF800984D0108F24A010801230D93D1E7012327
:10FF08001A4608930593D2E701315200B1E7D9F8B0
:10FF18001C30039A1A60059B0E2B00F2A180002C5E
:10FF280000F09E80B8F1000F36DD9F4B08F00F02FD
:10FF380003EBC20318F4807F4FEA2815D3E900AB1E
:10FF480016D0DDE90A01994B0324D3E90823F0F719
:10FF580069FFCDE9060105F00F05944E75B9DDE995
:10FF6800060152465B46F0F75DFF82468B462DE060
:10FF7800DDE90A34CDE906340224EEE7E90708D5BD
:10FF8800D6E9002350465946F0F722FE82468B46B2
:10FF980001346D100836E1E700F0AD80DDE90A01B3
:10FFA800C8F10005804B05F00F0203EBC203D3E94B
:10FFB8000023F0F70DFE022482468B4600237B4E79
:10FFC8002D11002D40F08C80002BCED1119B002BE1
:10FFD80000F09580002250465946754BF1F76AF8B3
:10FFE800002800F08C80059B002B00F08880089B7F
:08FFF800002B35DD08F1FF3399
:020000040801F1
:1000000050465946069300226C4BF0F7E5FD8246B8
:100010008B46089E01342046F0F758FA52465B465C
:10002000F0F7DAFD0022664BF0F704F90446A1F17F
:100030005075CDE91245002E69D10022504659462F
:10004000604BF0F7F5F822462B4682468B46F1F7D7
:1000500053F8002840F0998222465046594605F14F
:100060000043F1F72BF820BB179B002BC0F26581F2
:10007000B8F10E0F00F361814D4B03EBC803D3E9D8
:1000800000AB239B002B80F2EF80059B002B00F33D
:10009000EB800ED100224B4B50465946F0F79CFDA9
:1000A00002460B46DDE90A01F1F712F8002800F0DC
:1000B0006F8200252C46239B039EDB430693274635
:1000C00000242946484601F013F8002F00F0C280B2
:1000D0002CB1BC4203D02146484601F009F839460C
:1000E000484601F005F8B5E0EA0705D5D6E9002352
:1000F000F0F772FD012301346D10083665E7022424
:10010000DDE90AAB66E7059ECDF8188083E7284B4A
:1001100003EBC60353E902010D9B002B56D00246A8
:100120000B4600202849F0F781FEDDE91223F0F7A5
:100130007FF8039BCDE912019D191E465946504692
:10014000F0F7FAFF0446F0F7C1F902460B465046B5
:100150005946F0F76DF8DDE91223303406F8014B0B
:1001600082468B46F0F7AAFF002873D152465B46C1
:1001700000201149F0F75CF8DDE91223F0F79EFF4B
:10018000002840F0BB80AE423FF46EAFDDE91201C3
:1001900000220A4BF0F720FD0022CDE91201074BA7
:1001A00050465946F0F718FD82468B46C6E700BF19
:1001B000984D0108704D01080000F03F00002440F8
:1001C00000001C40000014400000E03FDDE9122365
:1001D000F0F702FD039BCDE912013344039D159313
:1001E00059465046F0F7A8FF0446F0F76FF90B4662
:1001F000024659465046F0F71BF83034159B05F877
:10020000014B9D4282468B4627D1DDE91201039BBB
:1002100000221E44B54BF0F70DF802460B4650463F
:100220005946F0F769FF002868D1DDE91223002064
:10023000AE49EFF7FDFF02460B4650465946F0F730
:100240003DFF00283FF410AF334616F8012D302A49
:10025000FAD01E46DDF818803EE00022A44BF0F7ED
:10026000BBFC82468B46BBE70024039EA04D524652
:10027000DDE90A015B46F0F7D9FDF0F75DFF0746BF
:10028000F0F724F952465B46F0F7A6FC02460B460F
:10029000DDE90A01EFF7CCFF07F1300C06F801CBDE
:1002A000DDF80CC0DDF814E0A6EB0C0CE6450246C8
:1002B0000B4633D1EFF7BEFF52465B4604460D4670
:1002C000F0F71AFFC0B952465B4620462946F0F7C0
:1002D000EBFE08B1FB070FD44846049900F008FF75
:1002E0000023249A337008F101031360269B002B2E
:1002F0003FF4DBAC1E60D8E4CDF8188033461E46D0
:1003000013F8012D392A06D1039A9A42F7D1069A99
:1003100001320692302201321A709BE722462B46A8
:10032000F0F75AFC02460B46CDE90A2300220023CF
:10033000F0F7BAFE00289AD0CEE70D9A002A00F016
:10034000E380229A012A00F3C280149A002A00F066
:10035000BA8003F233430C9D3E46099A01211A44A8
:1003600048461F44099200F0C1FF044656B1099B5C
:10037000002B07DDB342A8BF3346099AFF1AF61ACD
:10038000D31A09930C9B0BB30D9B002B00F0C38079
:10039000002D00F0BD8021462A46484601F064F851
:1003A000049A01460446484600F0B6FF0499824686
:1003B000484600F09DFE0C9B5B1B0C9300F0AE804A
:1003C00051460C9A484601F04FF8049001214846E6
:1003D00000F08CFF109B0546002B00F0D8811A46D8
:1003E0000146484601F040F8229B0546012B00F3E8
:1003F0009D800E9B002B40F094800F9BC3F3130352
:10040000002B40F08E800F9B23F000431B0D1B053B
:10041000002B00F089804FF0010A099B013701335E
:100420000993109B002B00F0B8812B6905EB830327
:10043000186900F00FFFC0F12000099B184410F06C
:100440001F007ED0C0F12003042B72DD099BC0F198
:100450001C000344074406440993002F05DD3A4677
:100460004846049901F05CF80490099B002B05DDD7
:1004700029461A46484601F053F80546119B002BC1
:1004800061D02946049801F0B7F800285BDA08F13A
:10049000FF3306930A2200234846049900F04AFEDF
:1004A0000D9B0490002B00F07A81002321460A2244
:1004B000484600F03FFE089B0446002B72DC229B5E
:1004C000022B49DC6EE0169BC3F1360343E7059B24
:1004D0005D1E0C9BAB420DDB5D1B059B002BBFF62D
:1004E0003BAF059BFE1A002337E700BF0000E03F4B
:1004F000000024400C9B109AEB1A1A440C953E46BF
:100500000025059B109228E73E460C9D0D9C2DE78B
:10051000DDF810A054E70C9A049953E7CDF810A029
:1005200054E74FF0000A7CE79A467AE74FF0000A5A
:100530007BE792D0099A1C331A441F441E44099247
:100540008BE70346F6E7059BCDF81880002B23DCEC
:100550000893229B022B21DD089B002B7FF4ABAD7F
:1005600029460522484600F0E5FD01460546049867
:1005700001F042F800287FF79EAD3123039E06F874
:10058000013B069B0133069399E535462C46F4E77B
:10059000059DCDF81880F9E7059B08930D9B002B6E
:1005A00000F00181002E05DD21463246484600F06C
:1005B000B7FF0446BAF1000F5AD04846616800F010
:1005C00059FD064628B9024640F2EF21814BFFF75C
:1005D00033BB226904F10C01023292000C30FFF7A8
:1005E00076FA01223146484600F09AFF0746039BFF
:1005F000039A03F1010B089B13440A930E9B03F02B
:10060000010309930BF1FF33294604980593FFF783
:1006100077FA2146089000F1300A049800F0ECFFC8
:100620003A4680462946484601F002F8C268064626
:1006300002BB0146049800F0DFFF024631464846FF
:100640000C9200F055FD229B0C9A5E4642EA030193
:10065000099B194310D1BAF1390F2BD0B8F1000F13
:1006600002DD089B03F1310A059B83F800A028E511
:100670002746BCE70122E1E7B8F1000F06DB229B29
:1006800048EA0308099B58EA030820D1002AEBDD59
:1006900001220499484600F043FF2946049000F0E7
:1006A000ABFF002803DCDFD11AF0010FDCD0BAF178
:1006B000390FD6D13923059A137033461E4616F8E2
:1006C000012C013B392A53D001321A70F9E4002A77
:1006D00007DDBAF1390FEDD0059A0AF10103137065
:1006E000EFE40A9B0BF801AC5B452BD000230A22F8
:1006F0000499484600F01EFDBC4204904FF00003F0
:100700004FF00A022146484606D100F013FD044688
:1007100007460BF1010B75E700F00CFD3946044666
:1007200000230A22484600F005FD0746F1E7089B32
:100730002746002B03F1FF36D8BF00260024039B79
:100740005A1C164401220499484600F0E9FE294645
:10075000049000F051FF0028AFDC02D11AF0010F25
:10076000ABD133461E4613F8012D302AFAD0A8E447
:10077000039A9A42A2D1069B013306933123AEE736
:10078000269B002B7FF48CAA134BFFF7ABBA229B5E
:10079000012B7FF72EAEDDF840A001204DE6089B2F
:1007A000002B7FF7D6AE039E29460498FFF7A8F9E1
:1007B000039B00F1300A06F801ABF21A089B934242
:1007C000B5DD00230A224846049900F0B3FC0490EA
:1007D000EAE700BFF24A0108764A010838B5054643
:1007E000002940D051F8043C0C1F002BB8BFE4187E
:1007F00000F034FC1C4A136833B963601460284667
:10080000BDE8384000F030BCA34208D92068211868
:100810008B4201BF19685B6809182160EDE71A4631
:100820005B680BB1A342FAD911685018A0420BD1F2
:1008300020680144501883421160E0D118685B6859
:10084000084410605360DAE702D90C232B60D6E726
:10085000206821188B4201BF19685B680918216064
:1008600063605460CBE738BD080E002003692DE9B2
:10087000F043B3EB611F00F114044FEA611246DD4F
:1008800011F01F0104EB830604EB82050CD129460D
:1008900000F11007B14235D39B1A9B00EA1E964225
:1008A00038BF0023234415E0A14654F82270C1F15B
:1008B0002008CF4005F1040E7645F44616D89A1A62
:1008C0009200043A0135AE4238BF0022A318A75067
:1008D00007B10433A342A3EB040208BF00234FEA8D
:1008E000A202026108BF4361BDE8F083DCF800C0EA
:1008F0000CFA08FC4CEA070749F8047B5EF8047B15
:10090000CF40D9E751F804CB47F804CFC2E72346DC
:10091000E0E7A0F13003092B02D82038C0B27047BD
:10092000A0F16103052B01D84738F7E7A0F1410397
:10093000052B01D82738F1E7002070472DE9F04F4B
:100940008A46904685B002930B6801909C1CA14694
:1009500014F8010B3028FAD0A9EB0303A3F1020B22
:10096000FFF7D7FF0546002868D1012248469F4976
:10097000FFF715F80746002867D199F801002646C9
:10098000FFF7C7FF002862D0234618789946302821
:1009900003F10103F9D0FFF7BCFFB0FA80F54FF087
:1009A000010B6D094A46164630780132FFF7B1FF58
:1009B0000028F8D1012230468C49FEF7F0FF0028CC
:1009C0003FD144B9741C2246164630780132FFF7F5
:1009D000A0FF0028F8D1A41BA700337803F0DF03A1
:1009E000502B3ED173782B2B33D02D2B34D00024B9
:1009F000711C0878FFF78DFF431EDBB2182B30D82F
:100A0000A0F1100211F8010FFFF783FF00F1FF3C86
:100A10005FFA8CFCBCF1180F4FF00A031ED904B129
:100A200052421744CAF80010EDB1BBF1000F0CBFE1
:100A300006250025284605B0BDE8F08F00252C4688
:100A4000B0E7002CC7D12746C7E74E462F46012501
:100A5000C3E70024B11CCCE70124FBE703FB020041
:100A6000CEE73146DEE72946A6EB0903013B072B1B
:100A70000ADC019800F0FEFA044640B90246E4217F
:100A80005B4B5C4801F0C4FB01315B10EFE70023D6
:100A900000F1140A55469B46B14537D345F804BBCF
:100AA000A5EB0A05AD102561584600F0D3FB6D019A
:100AB000D8F800602D1AB54254DDAD1B29462046FA
:100AC00000F061FF814678B14FF001096B1E5911AA
:100AD0005AF8211003F01F0209FA02F20A4203D069
:100AE0004B4536DC4FF0020929462046FFF7BEFE93
:100AF0002F44D8F80830BB4242DA2146019800F072
:100B0000F7FA00230E9AA325136093E716F8012D38
:100B10002E2A12D0202B04D145F804BB4FF0000B35
:100B20005B4630780393FFF7F4FE039B00F00F0061
:100B300098404BEA000B0433AEE7B145EAD80122F6
:100B400030462A490393FEF72AFF039B0028E1D190
:100B5000A2E72046A91E00F016FF0028C2D04FF0E1
:100B60000309C1E709DA751B21462A46019800F0FE
:100B7000D7FC04467F1B00F1140A4FF00009B8E7C8
:100B8000D8F80450BD426FDDED1BAE4234DCD8F81E
:100B90000C30022B22D0032B24D0012B15D1AE42D6
:100BA00013D1012E0BD1D8F80430029A62251360BC
:100BB00001232361CAF800300E9B1C603AE72046EF
:100BC000711E00F0E0FE0028EDD12146019800F0F2
:100BD0008FFA00230E9A502513602BE70F9B002BF2
:100BE000F3D1E0E70F9B002BDDD1EEE7384A010897
:100BF000F24A0108034B01086F1EB9F1000F30D112
:100C000027B13946204600F0BEFE81460123294621
:100C1000761B02257A115AF8222007F01F07BB40E5
:100C20001342204618BF49F00209FFF71FFED8F80B
:100C30000470B9F1000F47D0D8F80C30022B15D052
:100C4000032B17D0012B09D119F0020F06D0DAF8C7
:100C5000003049EA030919F0010F0ED145F01005E3
:100C600032E04FF00109D1E70125E2E70F9BC3F124
:100C700001030F930F9B002BF0D04FF0000CD4F822
:100C800010B004F114034FEA8B0A03EB8B011846F2
:100C900053F8042BB2F1FF3F1BD001320260022D4A
:100CA00004F114033CD1D8F80020013AB24209D132
:100CB0000122711153F8213006F01F0602FA06F6E0
:100CC0001E423AD145F020050E9B1C60029B1F601E
:100CD000B0E6994243F804CCD9D8A3689B4517DB0A
:100CE00061680198013100F0C5F9814618B90246E2
:100CF0008421194BC5E6226904F10C0102329200ED
:100D00000C30FEF7E4FE2146019800F0F1F94C4664
:100D100023695A1C2261012204EB83035A61BEE756
:100D200022695A450BDD01212046FFF79FFDD8F8C7
:100D300008300137BB42FFF6E0AE0125C2E716F0EE
:100D40001F06FAD0534453F8040C00F083FAC6F19E
:100D50002006B042E7DBF0E7F24A0108C2F10802E0
:100D6000920070B5C2F120064368046803FA06F5E4
:100D70002C43D340046040F8043F8842F4D370BD54
:100D800030B50368013311F8014B14B90360012039
:100D900030BD13F8012BA2F14105192D98BF203267
:100DA000A242F0D00020F3E72DE9F04F00250B68B8
:100DB00082465E1102EB860613F01F0318BF04364D
:100DC000371F9046B9463C46AB4687B00168019351
:100DD00046F8045C02954A784B1C039342B31046D4
:100DE00005910492FFF795FD002853D1049A0599C7
:100DF000202A18D8029B9B4513DD4C4506D2072DAF
:100E000004DC2A4649462046FFF7A8FF444554D94A
:100E10000023A4F1040944F8043C1D464C46CDF8D7
:100E200008B00399D7E7292A59D10231CAF800102E
:100E3000BBF1000F53D04C4506D2072D04DC2A46E7
:100E400049462046FFF78AFF444538D92346A8F192
:100E5000040253F8041B9F4242F8041FF9D23B1BC3
:100E600023F003030134033EB44288BF0023002172
:100E700008F1040213441A4604339F421160FAD267
:100E80003B681BB9474528D101233B60052007B0CB
:100E9000BDE8F08F0135082D0BF1010B06DD44454F
:100EA000BFD90023012544F8043C043C226800F02B
:100EB0000F0040EA02102060B3E70825B1E7019B6C
:100EC000002BDDD04FF0FF32C3F12003DA4056F89B
:100ED000043C134046F8043CD2E7043FD0E704202A
:100EE000D5E70000024B0146186800F025B800BFA6
:100EF0008C01002070B50F4E0C463168054611B9C3
:100F000001F076F930602146284601F071F9431C62
:100F100003D14FF0FF34204670BDC41C24F00304FD
:100F2000A042F8D0211A284601F062F90130F2D12E
:100F3000EFE700BF040E00202DE9F843CD1C25F09B
:100F4000030508350C2D38BF0C25002D064601DBA6
:100F5000A94204D90C2333600020BDE8F883DFF8F0
:100F6000D48000F07BF8D8F800301C4644BB2946FA
:100F70003046FFF7BFFF431C044658D1D8F8004065
:100F80002746002F43D1002C4BD0236839463046EA
:100F900004EB030901F02CF9814542D12168304668
:100FA0006D1A2946FFF7A6FF01303AD023682B447B
:100FB0002360D8F800305A6862BBC8F800700FE0B0
:100FC0002268521B20D40B2A17D96119A34225602D
:100FD00018BF5960636808BFC8F8001062514B60C1
:100FE000304600F041F804F10B00231D20F007000B
:100FF000C21A1CBF1B1AA350AFE76268A3420CBF02
:10100000C8F800205A60EBE723466468AEE73C4628
:101010007F68B6E71A465B68A342FBD100235360A2
:10102000DEE70C233046336000F01EF894E70560DD
:10103000D6E700BF080E002082B001B901A942B175
:101040004BB113780B601278101E18BF012002B04C
:1010500070471046FBE76FF00100F8E70148FEF724
:1010600026BD00BF000E00200148FEF721BD00BFD5
:10107000000E002070B5C46905460E4684B91020E4
:10108000FFF730FF0446E86128B902466B21164B92
:10109000164801F0BDF80023C0E901330360C360C6
:1010A000E36853B921220421284601F0CFF8EB6907
:1010B000E060DB680BB9002070BD53F8260030B14A
:1010C000026843F826200023C0E90333F4E7012136
:1010D00001FA06F4621D2846920001F0B7F80028D4
:1010E000E9D0C0E90164EEE7834A0108634B0108D7
:1010F00070B5C66905460C4676B91020FFF7F2FEBA
:101100000246E86120B98F21084B094801F080F8B8
:10111000C0E901660660C6603CB1EB696268DB68E5
:1011200053F82210216043F8224070BD834A010821
:10113000634B01082DE9F04107460C461E4600208E
:101140000D6901F1140CDCF80030013099B202FB9A
:1011500001611E0C0B0C02FB063389B201EB03414B
:1011600085424FEA13464CF8041BECDC0EB3A3682F
:10117000AB4219DC616838460131FFF77BFF8046DE
:1011800028B90246BA210C4B0C4801F041F82269FB
:1011900004F10C01023292000C30FEF798FC21465B
:1011A0003846FFF7A5FF444604EB850301355E6131
:1011B00025612046BDE8F081F24A0108634B010831
:1011C0002DE9F843154609221F4608330C4693FBC8
:1011D000F2F30646012200219A4209DB3046FFF76E
:1011E00049FF40B90246D321184B194801F010F8C5
:1011F00052000131F0E7089B092D43614FF00103D4
:10120000036116DD04F10908C1462C4419F8013BBD
:1012100001460A223046303BFFF78CFFA145F5D14D
:10122000A844A8F108042D1B63199F4204DCBDE803
:10123000F88309250A34F6E714F8013B01460A222F
:101240003046303BFFF776FFEEE700BFF24A010879
:10125000634B01080346B0F5803F3ABF03041020FA
:101260000020B3F1807F3CBF1B020830B3F1805FE8
:101270003CBF1B010430B3F1804F3CBF9B000230E8
:10128000002B05DB13F0804F00F1010008BF202088
:1012900070470368024613F007000BD0D90721D42A
:1012A000980749BF5B089B08012013605CBF0220C0
:1012B0001360704799B209B910201B0CD9B209B953
:1012C00008301B0A190704BF1B090430990704BF23
:1012D0009B080230D90703D45B0800F1010003D05A
:1012E00013607047002070472020704710B50C46EF
:1012F0000121FFF7BFFE024628B940F24511044B19
:10130000044800F085FF01234461036110BD00BF64
:10131000F24A0108634B01082DE9F04FD1F8109013
:10132000D2F810A08846D145144685B004DB534658
:101330000C46CA4690469946A36861680AEB0906BE
:10134000B342B8BF0131FFF795FE30B902464FF402
:10135000B171434B434800F05BFF00F114052B468D
:10136000002205EB8607BB421FD304F1140C08F1E1
:1013700014010CEB8A0301EB890202921A1B153A45
:1013800022F0030215349C4288BF00220192029A87
:1013900003918A420CD8002E03DD57F8043D002B40
:1013A0005CD0066105B0BDE8F08F43F8042BDAE7A6
:1013B000B1F800A0BAF1000F23D0E046A9464FF0E3
:1013C000000E58F8042BD9F800401FFA82FBA4B293
:1013D0000AFB0B447444D9F800E0120C4FEA1E4E8D
:1013E0000AFB02E202EB1442A4B244EA024443457F
:1013F0004FEA124E49F8044BE3D8019AAA18C2F8F2
:1014000004E0039A0431B2F80280B8F1000F23D04F
:101410002A68E6469146AA464FF0000BBEF8004007
:1014200092B208FB04B404EB194442EA04424AF8BD
:10143000042B5EF8042BDAF800904FEA124B1FFAE7
:1014400089F208FB0B22734502EB14424FEA124B60
:10145000E4D8019C2C196260043598E7013E9AE7B4
:10146000F24A0108634B01082DE9F843174612F0D0
:10147000030280460D4607D0264C013A002354F85B
:101480002220FFF757FE0546BF103FD0D8F81C407A
:1014900094B91020FFF726FD0446C8F81C0030B9A7
:1014A000024640F2B3111C4B1C4800F0B1FE002371
:1014B000C0E901330360C360A66846B940F27121F8
:1014C0004046FFF713FF00230646A06003602C464A
:1014D0004FF0000907F001037F1053B1294632464F
:1014E0004046FFF719FF214605464046FFF700FE3C
:1014F00067B1306838B9324631464046FFF70CFFD5
:101500003060C0F8009006462C46E3E72846BDE868
:10151000F88300BF644D0108834A0108634B01084A
:101520002DE9F84F0C46074615462369496803EB39
:101530006218A3684FEA621A08F101094B450BDBF8
:101540003846FFF797FD064648B902464FF4EF715B
:10155000274B284800F05CFE01315B00EEE70023DA
:10156000194600F1140C00F11002534534DB2269D6
:101570002AEAEA7A0CEB8A0C04F1140315F01F0E28
:10158000614603EB82022BD00025CEF1200A8B4668
:101590001868043100FA0EF02843CBF8000053F825
:1015A000045B9A4225FA0AF5F1D8131B153B23F088
:1015B000030304F115018A4238BF00239C44CCF890
:1015C000045005B9C14638462146C6F81090FFF7C9
:1015D0008FFD3046BDE8F88F42F8041F0133C4E7A1
:1015E00053F8045B04319A4241F8045CF8D8E9E707
:1015F000F24A0108634B010803460A69006930B5E5
:10160000801A0ED11433143103EB820401EB8201F2
:1016100054F8045D51F8042D954203D005D24FF0E3
:10162000FF3030BDA342F3D3FBE70120F9E7000010
:101630002DE9F74F8A460646114650461446FFF7F5
:10164000DBFF051E12D129463046FFF713FD024687
:1016500028B940F23721404B404800F0D9FD012322
:10166000C0E90435104603B0BDE8F08FBCBF534657
:10167000A2463046DAF80410BABF1C460125002500
:10168000FFF7F8FC024618B940F24521324BE3E778
:10169000C56000F11405AB464FF0000CDAF810708D
:1016A00026690AF1140904F1140E0AF1100309EB7A
:1016B00087080EEB86060193019B5EF8040B53F836
:1016C00004AF81B201931FFA8AF35B1A000C6344E2
:1016D000C0EB1A4000EB23409BB243EA004376453F
:1016E0004FEA204C4BF8043BE6D8331B153B15342E
:1016F00023F00303A64238BF0023E8184B441C1D07
:1017000026460430A5EB0905464506EB050E0ED32B
:1017100008F10301091B21F003010133984538BF8B
:101720000021014451F8043DA3B117619AE7E24654
:1017300056F8041B1FFA81FCD4444FEA1149514466
:1017400009EB2C4989B241EA09414FEA294CCEF80C
:101750000010D9E7013FE5E7F24A0108634B0108B1
:101760000E4B0B40A3F15073002B08DC5B42B3F12E
:10177000A07F4FEA235204DA4FF4002313410022E2
:1017800008E0A2F114031E2BD6BF4FF00042012245
:10179000DA40002319461046704700BF0000F07F72
:1017A0000269F8B500F1140707EB820252F8044C05
:1017B0001E4D2046FFF74EFD0346C0F120000A2BC8
:1017C000A2F10406086012DCB7422CBF002252F8D6
:1017D000082CC3F10B0C153324FA0CFE04FA03F3A6
:1017E00022FA0CF24EEA05011A431046F8BDB74240
:1017F00036BFA2F10806002252F8082C0B3B12D08B
:10180000C3F1200522FA05F19C400C43BE4244F08E
:101810007F5194BF002456F8044C9A40EC4041F4A8
:1018200040112243E1E744EA0501DEE70000F03F12
:101830002DE97343012190469946089EFFF71AFC53
:10184000044630B9024640F20F31234B234800F0E2
:10185000DFFCC9F30A55C9F313030DB143F4801338
:101860000193B8F1000324D068460093FFF711FDFF
:101870000099E0B1019AC0F1200302FA03F30B438F
:10188000C24063610192019B002B0CBF0122022226
:10189000A3612261ADB1A5F2334505443560C0F1C5
:1018A0003500099B1860204602B0BDE87083616175
:1018B000E9E701A8FFF7EDFC019B012263612030FD
:1018C000E7E7A0F2324004EB820330601869FFF7CB
:1018D000C1FCC0EB4210E4E7F24A0108634B010887
:1018E0002DE9F04F85B0CDE9001002A9FFF758FFB0
:1018F0008B4606460F46009803A9FFF751FF0D4699
:10190000019B89461969009B04461B693046C91A28
:10191000DDE902329B1A03EB4113002BCDBF3A469F
:101920002A46C3EB033302EB035BD8BF02EB035938
:101930004B4622465946EFF779FA05B0BDE8F08FDD
:10194000013970B549111469013102F1140300EB3A
:10195000810103EB8404051FA3420CD3A31A113B9E
:1019600023F003031132944238BF002318440023AC
:10197000884205D370BD53F8046B45F8046FEBE75C
:1019800040F8043BF4E700F1140200694B1198425F
:1019900010B511DB0ADD11F01F0107D052F823400A
:1019A00024FA01F000FA01F18C420BD102EB83031F
:1019B000934203D8002010BD0346F7E753F8041DF7
:1019C0000029F5D00120F6E70346084641B1FF2A79
:1019D00004D98A224FF0FF301A60704701200A7044
:1019E00070472DE9F0471F468E688246BE420C467E
:1019F0009046334653D8B1F90C0010F4906F2BD0B9
:101A000065692368096905EB4505A3EB010905EB49
:101A1000D5757B1C6D104B44AB422A4684BF1D46D6
:101A20002A46430527D511465046FFF785FA064654
:101A300058B34A462169FEF74AF8A38923F4906314
:101A400043F08003A38126614E4426603B463E4618
:101A50006561A5EB0905A5601F463A464146206829
:101A600000F08BFB0020A3689B1BA36023683B4412
:101A70002360BDE8F087504600F0FCFB06460028D6
:101A8000E1D150462169FEF7A9FE0C23CAF80030C7
:101A9000A3894FF0FF3043F04003A381E9E73E46BE
:101AA000DBE700002DE9F0471F468B8906461B0641
:101AB0000D4614469CB010D50B6973B94021FFF751
:101AC0003BFA2860286130B90C2333604FF0FF30B7
:101AD0001CB0BDE8F08740236B61002309932023ED
:101AE0008DF8293030234FF001080397644F8DF8AB
:101AF0002A302346994613F8012B0AB1252AF9D139
:101B0000B9EB040A0BD05346224629463046FFF76C
:101B100068FF013000F0A480099A5244099299F8B4
:101B20000030002B00F09C8000234FF0FF32CDE905
:101B3000052309F10109049307938DF853301A9393
:101B40004C46052214F8011B4D48FDF7B2FF049BDB
:101B5000D0B9D80644BF20228DF85320190744BFBE
:101B60002B228DF8532099F800202A2A13D04C46B6
:101B700000204FF00A0C079A214611F8013B303B38
:101B8000092B49D968B913E0C01B08FA00F01843C3
:101B9000A1460490D4E7039A111D12680391002A0C
:101BA00001DB079204E0524243F0020307920493E0
:101BB00023782E2B0AD163782A2B32D1039B02344F
:101BC0001A1D1B68039243EAE3730593DFF8B49090
:101BD000032248462178FDF76CFF38B14022049B70
:101BE000A0EB0900824013430134049314F8011B55
:101BF000062225488DF82810FDF75BFF002835D018
:101C0000224818BB039B073323F0070308330393D1
:101C1000099B034409936CE70C4601200CFB02323C
:101C2000AAE700234FF00A0C194601340593204619
:101C300010F8012B303A092A03D9002BC6D00591A0
:101C4000C4E7044601230CFB0121F0E703AB00933A
:101C50002A4630460E4B04A9FCF7CCFF421CD7D1D4
:101C6000AB895B063FF532AF099831E703AB0093D0
:101C70002A463046064B04A9FDF75AFAEEE700BFA4
:101C8000BC4B0108C24B0108C64B0108F5EB00082C
:101C9000E3190108936810B4013B002B936007DA45
:101CA0009469A34201DB0A2902D110BCFDF7D0BD23
:101CB0001368581C10601970084610BC7047F8B5BE
:101CC00006460F461446D518AC4201D1002007E065
:101CD0003A46304614F8011BFFF7DCFF431CF3D1F2
:101CE000F8BD00002DE9F0470D4614461F46064694
:101CF0009CB018B1036A0BB9FDF7CEFB6B6ED90728
:101D000005D4AB899A0502D4A86DFDF7D0FEAB8946
:101D10001B0701D52B699BB929463046FDF7D6FD37
:101D200070B16B6EDC0704D54FF0FF301CB0BDE81E
:101D3000F087AB899805F7D4A86DFDF7B9FEF3E7F6
:101D40000023099320238DF8293030234FF0010818
:101D50000397694F8DF82A302346994613F8012BD3
:101D60000AB1252AF9D1B9EB040A0BD05346224611
:101D700029463046FFF7A3FF013000F0A480099AFE
:101D80005244099299F80030002B00F09C80002307
:101D90004FF0FF32CDE9052309F1010904930793C0
:101DA0008DF853301A934C46052214F8011B524803
:101DB000FDF77FFE049BD0B9D90644BF20228DF8E1
:101DC00053201A0744BF2B228DF8532099F8002086
:101DD0002A2A13D04C4600204FF00A0C079A2146BD
:101DE00011F8013B303B092B49D968B913E0C01BFE
:101DF00008FA00F01843A1460490D4E7039A111D95
:101E000012680391002A01DB079204E0524243F07A
:101E100002030792049323782E2B0AD163782A2B8E
:101E200032D1039B02341A1D1B68039243EAE37309
:101E30000593DFF8C890032248462178FDF739FE64
:101E400038B14022049BA0EB0900824013430134C7
:101E5000049314F8011B062229488DF82810FDF779
:101E600028FE00283ED0274818BB039B073323F0E9
:101E7000070308330393099B034409936CE70C465B
:101E800001200CFB0232AAE700234FF00A0C19468E
:101E900001340593204610F8012B303A092A03D962
:101EA000002BC6D00591C4E7044601230CFB012199
:101EB000F0E703AB00932A463046134B04A9FCF726
:101EC00099FE431CD7D16B6ED90705D4AB899A050F
:101ED00002D4A86DFDF7ECFDAB895B063FF524AF9E
:101EE000099823E703AB00932A463046064B04A922
:101EF000FDF71EF9E5E700BFBC4B0108C24B010826
:101F0000C64B0108F5EB0008BF1C0108B1F90C2015
:101F1000F8B5160705460C4651D44B68002B02DC79
:101F20000B6C002B49DDE66A002E46D0002312F42C
:101F300080522F682B6031D0626DA389590705D577
:101F40006368D21A636B0BB1236CD21A0023284644
:101F5000E66A216AB047421CB4F90C3006D1296800
:101F60001D2945D8274ACA40D60741D500226260BC
:101F70002269D904226004D5421C01D12B6803B91F
:101F80006065616B2F60C1B104F14403994202D0D6
:101F90002846FEF723FC002363630EE00123284656
:101FA000216AB0470246501CC7D12B68002BC4D011
:101FB0001D2B01D0162B19D12F6000201DE00F69B9
:101FC000002FFAD0930718BF00230E6808BF4B6993
:101FD000F61B0F608B60002EEFDD33463A46284635
:101FE000216AD4F828C0E047002807DCB4F90C3097
:101FF0004FF0FF3043F04003A381F8BD0744361A89
:10200000E9E700BF0100402038B50B6905460C46E2
:1020100013B90025284638BD18B1036A0BB9FDF77E
:102020003BFAB4F90C30002BF3D0626ED00704D425
:10203000990502D4A06DFDF73AFD28462146FFF729
:1020400065FF636E0546DA07E4D4A3899B05E1D4F6
:10205000A06DFDF72DFDDDE770B50C46B1F90E1052
:10206000154600291E4696B00ADAA18911F08001B2
:1020700013D14FF48062002031602A6016B070BD29
:102080006A4600F093F80028EFDB019901F47041F3
:10209000A1F5005359425941EBE700214022EAE7FC
:1020A0008B8973B59E0705460C4607D504F1470397
:1020B000236023610123636102B070BD01AB6A46F6
:1020C000FFF7CAFF009E28463146FEF735FFB4F9F8
:1020D0000C3038B99A05EFD423F0030343F0020320
:1020E000A381E3E743F08003A381019BC4E90406D5
:1020F0002060002BE0D02846B4F90E1000F068F8FC
:102100000028D9D0A38923F0030343F00103A3815E
:10211000D2E770B50D461446064618B1036A0BB9EE
:10212000FDF7BAF9636ED80705D4A389990502D4DF
:10213000A06DFDF7BCFCA368013B002BA36005DA92
:10214000A269934212DBEBB20A2B0FD023685A1C10
:1021500022601D70EDB2636EDA0705D4A3899B057A
:1021600002D4A06DFDF7A4FC284670BD2946224686
:102170003046FDF76DFB0546EDE7884210B501EBF3
:10218000020402D98442234607D8431EA14207D045
:1021900011F8012B03F8012FF8E70244824200D125
:1021A00010BD13F8011D02F8011DF7E738B5002333
:1021B000064D0446084611462B60F3F781FB431C8D
:1021C00002D12B6803B1236038BD00BFFC0D002095
:1021D00038B50023054D044608462B60F3F77FFB16
:1021E000431C02D12B6803B1236038BDFC0D0020D5
:1021F00038B50023054D044608462B60F3F7C4FAB2
:10220000431C02D12B6803B1236038BDFC0D0020B4
:102210001FB514461A46094B05461B68D8684CB1D1
:10222000074BCDE9013400912B46064900F050F8E8
:1022300000F060F8044B1C46F3E700BF8C0100205F
:10224000CD4B0108DA4B0108084C010870B5A1FB21
:10225000025434B92946FEF76FFE064628B93046C7
:1022600070BD0C2200260260F9E72A462146FDF7E0
:1022700081FBF4E72DE9F041074614460D4621B9EC
:102280001146BDE8F041FEF757BE2AB9FEF7A6FA9F
:1022900025462846BDE8F08100F033F88442064622
:1022A00002D8B4EB500FF4D821463846FEF744FE6E
:1022B000804608B94546ECE7B4422246294628BF85
:1022C0003246FDF704FC29463846FEF787FAF1E767
:1022D0000EB403B5014603AB054853F8042B006860
:1022E0000193FFF7FFFC02B05DF804EB03B0704709
:1022F0008C010020062008B500F034F80120F3F727
:1023000090FA51F8043C181F002BBCBF0B58C018A2
:1023100070471F2938B505460C4604D916230360BB
:102320004FF0FF3038BDC26B12B152F821304BB9BB
:10233000284600F031F8224601462846BDE83840DC
:1023400000F018B8012B0AD0591C03D116230360E2
:102350000120E7E70021204642F82410984700209A
:10236000E0E70000024B01461868FFF7D2BF00BF4C
:102370008C01002038B50023064D0446084611465E
:102380002B60F3F73EFA431C02D12B6803B12360A4
:1023900038BD00BFFC0D0020F3F72CBAF8B500BF24
:1023A000F8BC08BC9E467047F8B500BFF8BC08BC36
:0423B0009E4670478E
:1023B8000D0A5B424F4F545D2043445052206261E6
:1023C800636B75702D63757272656E7420617070C1
:1023D8002073746172742051322D43414C2D4A4F41
:1023E800472D7631322D51332D444D412D434F4DDC
:1023F80050414354310D00004F4B000054585F4684
:1024080041494C0054494D454F5554004352435F90
:102418004241440052454A454354454400000000A7
:102428004652414D455F42414400000055415254D7
:102438005F425553590000003F000000424C4F4393
:102448004B494E475F4259544500000000000000C8
:102458002573000025303258000000006D6F746F3E
:1024680072000000257320646961672072657375C6
:102478006C743D257320616464723D257520667512
:102488006E633D3078253032582074785F6C656E05
:102498003D25752072785F6C656E3D2575206578E1
:1024A800706563743D257520656C61707365643D66
:1024B800256C756D7300000020657863657074691C
:1024C8006F6E3D307825303258000000206372630B
:1024D8005F63616C633D30782530345820637263E4
:1024E8005F726563763D307825303458000000000F
:1024F80020756172745F6572726F723D3078253035
:10250800386C58000D000000202074783D00000051
:10251800202072783D000000202025732062756617
:10252800206D2564207265747279206F6B20617448
:1025380074656D70743D25750D0A000020202573A3
:1025480020627566206D256420617474656D7074F1
:102558003D25752025730D0A0000000020206275B6
:1025680066666572206661696C75726500000000B8
:1025780020206275666665722075617274206275C6
:102588007379000020206D2564207A65726F2072AF
:10259800657472792025753A2025730D0A000000AC
:1025A80020206D2564207A65726F204641494C3A97
:1025B800202573202D3E20686F6D65204E4F5420D6
:1025C8007365740D0A00000052454A45435420289B
:1025D800252E31662C252E316629206F7574206FC3
:1025E800662072616E67650D0A0000006D6F766582
:1025F800000000002020627566206D25643A2025C1
:10260800730D0A002020627566666572204641498E
:102618004C202D3E2073746F7020616C6C2C2061EF
:10262800626F72740D00000020207472696767651C
:1026380072204641494C3A2025730D0A00000000DB
:1026480020206D25642072656164204641494C3A1A
:102658002025730D0A00000020205645524946598E
:10266800204641494C20286D61787C6572727C3D1A
:10267800256C6429202D3E206D6F64656C204E4FBB
:102688005420757064617465640D0A004E4F484F9C
:102698004D452052454A454354206E6F7728252ED4
:1026A80031662C252E316629206E65787428252EF2
:1026B80031662C252E3166290D0A0000706174726E
:1026C8006F6C0000686F6D65000000002020686F67
:1026D8006D6520627566206D25643A2025730D0AA4
:1026E800000000002020686F6D65206275666665D1
:1026F80072204641494C202D3E2073746F70206132
:102708006C6C2C2061626F72740D00002020686F61
:102718006D6520747269676765723A2025730D0AC2
:102728000000000020207472696767657220666186
:10273800696C7572650000006E6F686F6D650000EA
:102748006E6F686F6D652072656C617865640000F6
:102758006A6F6700484F4D450000000043454E54DE
:10276800455200004F524947494E00004F464653D4
:102778004554000045525200484200004C41534520
:1027880052000000464952450000000043495243A8
:102798004C45000054494C54000000002300000040
:1027A800266D6F64652C2573230A00004C542D494F
:1027B8004E3100004C542D494E3200004C542D41EE
:1027C800505000004C54000052542D494E31000026
:1027D80052542D494E32000052542D4150500000A1
:1027E8005254000052422D494E31000052422D49A8
:1027F8004E32000052422D4150500000524200001B
:102808004C422D494E3100004C422D494E320000B9
:102818004C422D41505000004C4200004D414E5555
:10282800414C2072656164206D2564206174746573
:102838006D70743D25642025730D0A007461736BF7
:10284800000000002020257320627566206D256435
:1028580020617474656D70743D25752025730D0AAB
:102868000000000020207461736B20627566666545
:1028780072206661696C75726500000020207461C1
:10288800736B2075617274206275737900000000A3
:102898003F000000000000003E0000002573257383
:1028A800000000002D2D00005133204F52444552A6
:1028B80000000000524541445920504130205354F3
:1028C80041525400535445502025752F25752043F7
:1028D80055523A2573000000313A257320323A25C3
:1028E80073000000333A257320343A257300000042
:1028F8005043332045444954204C41535400000070
:102908005041302053544152540000004B45593136
:10291800204558495400000050433020505245206B
:10292800504331204E455854000000005043322097
:102938004F4B20504333204241434B0050413020FD
:102948005748454E2046554C4C00000050415452C3
:102958004F4C206F72646572206B6579205043324A
:10296800204F4B2069676E6F7265643A202573208B
:10297800616C726561647920757365642061742087
:10298800737465703D25752F25750D0A00000000CC
:10299800504154524F4C206F726465722073656CBD
:1029A8006563746564206279204F4C45443A20255C
:1029B800730D0A00504154524F4C206F7264657277
:1029C800206D656E7520626C6F636B65643A20627A
:1029D800757320737461746520756E6365727461B4
:1029E800696E3B207072657373204B4559302074B3
:1029F8006F207265686F6D652066697273740D006B
:102A0800504154524F4C206F72646572206D656E50
:102A180075205041302069676E6F7265643A206F87
:102A280072646572206E6F742072656164792073B8
:102A38007465703D25752F25750D0A0046494E4968
:102A48005348204F5244455220464952535400009F
:102A5800513220504154524F4C20505245500000A2
:102A6800504C414345204E45415220300000000063
:102A78004B4559303A205A45524F204649525354F3
:102A880000000000504130204146544552205A452C
:102A9800524F00004A4F472042555320554E434558
:102AA800525400004B4559303A205245484F4D4545
:102AB800000000005041303A205245484F4D452B08
:102AC800504154005043302D33204C4F434B454424
:102AD80000000000513220524541445900000000D6
:102AE800583A25352E316620593A25352E3166005B
:102AF800504330205550202050433120444F574EEA
:102B080000000000504332204C45465420504333C7
:102B180020524947485400004B4559313A204F52FA
:102B2800444552005041303A20504154524F4C34A1
:102B3800000000004B4559303A2052455455524E3A
:102B48002030000074656E73696F6E004357000093
:102B580043435700202074656E73696F6E20627559
:102B680066206D2564206469723D2573206D616758
:102B78003D25753A2025730D0A0000002020746554
:102B88006E73696F6E20747269676765723A202583
:102B9800730D0A004D414E55414C2074656E7369A2
:102BA8006F6E20726563656E7465722061626F7204
:102BB800743A206E6F206C6F63616C2063656E746D
:102BC8006572206572726F720D0000004D414E559E
:102BD800414C2074656E73696F6E20726563656E13
:102BE8007465722061626F72743A20706F696E74D6
:102BF800206F7574206F662072616E67650D000026
:102C08004D414E55414C2074656E73696F6E20724C
:102C18006563656E746572206D6F7665206661699F
:102C28006C3A2025730D0A004D414E55414C2074D5
:102C3800656E73696F6E20726563656E7465722068
:102C480061626F72743A206E6F742063656E74658A
:102C5800726564206166746572206E6F726D616C56
:102C6800697A650D00000000696E697469616C001D
:102C78004D414E55414C206175746F20686F6D65EC
:102C8800207761726E3A20266D6F64652C696E69D3
:102C98007469616C232073656E64206661696C6574
:102CA800640D000043454E5445522042592043418B
:102CB8004D0000004C4F43414C20434952434C4582
:102CC80000000000564953494F4E204C4F535400C2
:102CD8004B4559303A205245545259004D414E55B2
:102CE800414C206175746F20686F6D652061626F5B
:102CF80072743A20766973696F6E206F66666C69C4
:102D08006E650D004E4F2043454E544552204349B1
:102D180052434C45000000004D414E55414C206146
:102D280075746F20686F6D652061626F72743A20E8
:102D38006E6F206C6F63616C2063656E74657220C2
:102D48006572726F720D0000443A25352E31662087
:102D58004B3A256400000000544F4F204641520072
:102D68004D414E55414C206175746F20686F6D65FB
:102D78002061626F72743A20643D252E3266207499
:102D88006F6F206661722C206D61783D252E32664A
:102D980020666F72206C6F63616C2D6F6E6C79208A
:102DA800686F6D650D0A00004D414E55414C20611C
:102DB80075746F20686F6D65206D6F76652066612C
:102DC800696C3A2025732061626F72743B207265CA
:102DD8006C617469766520627566666572207374C5
:102DE80061746520756E6365727461696E0D0A00A1
:102DF800484F4D45204D4F5645204641494C00000F
:102E0800484F4D45204641494C0000004E4F542044
:102E180043454E5445524544000000004D414E552F
:102E2800414C206175746F20686F6D652061626F19
:102E380072743A206E6F742063656E74657265648F
:102E48000D00000054454E53494F4E205345540041
:102E58004C494748542054414B4555500000000008
:102E680054454E53494F4E204641494C00000000FE
:102E7800434845434B204255530000004D414E55B1
:102E8800414C206175746F20686F6D652061626FB9
:102E980072743A2074656E73696F6E206E6F726D0E
:102EA800616C697A65206661696C65643A2025738E
:102EB8000D0A000054454E53494F4E20444F4E458D
:102EC8000000000043414D20524543454E544552B1
:102ED80000000000524543454E54455220464149A2
:102EE8004C0000004D414E55414C206175746F20D7
:102EF800686F6D652061626F72743A2072656365F0
:102F08006E7465722061667465722074656E73698B
:102F18006F6E206661696C65640D00005A45524FFA
:102F2800204641494C000000434845434B204D4F43
:102F3800544F5220425553004D414E55414C20614B
:102F480075746F20686F6D652061626F72743A20C6
:102F58006D6F746F72207A65726F206661696C6537
:102F6800640D00005A45524F205341564544000015
:102F78005043302D33204A4F470000004D414E55F5
:102F8800414C207265636F7665727920636F6D704E
:102F98006C6574653A204B455930207265686F6DD1
:102FA80065204F4B3B205043302D50433320756EE6
:102FB8006C6F636B65640D0043454E544552207A2F
:102FC80065726F204F4B3B20504130207061747206
:102FD8006F6C2C204B455931206F726465720D005F
:102FE80055500000444F574E000000004C454654D1
:102FF8000000000052494748540000004E4F4E451B
:10300800000000005441534B00000000257320735A
:10301800746F7020616C6C3A2025730D0A000000F3
:10302800202073746F7020616C6C20646961670084
:10303800756E6B6E6F776E004D414E55414C206A30
:103048006F672062757320737461746520756E6391
:1030580065727461696E2061742025733A20257346
:103068003B205043302D504333206C6F636B6564B5
:1030780020756E74696C204B455930207265686FF5
:103088006D650D0A000000004D414E55414C206A07
:103098006F672073746F703A2025730D0A00000063
:1030A80073746F70000000004D414E55414C206A0A
:1030B8006F6720666F7263652073746F703A20259E
:1030C800730D0A00666F7263652D73746F7000006C
:1030D8004D414E55414C206A6F6720626C6F636B9F
:1030E80065643A2062757320737461746520756E27
:1030F8006365727461696E3B207072657373204BEF
:1031080045593020746F207265686F6D650D000039
:103118004D414E55414C206A6F67207361666520AA
:103128006C696D6974206469723D257320736F66DC
:10313800743D28252E32662C252E326629206C698E
:103148006D69743D252E31660D0A00004D414E55BE
:10315800414C206A6F6720636C616D7020646972EE
:103168003D257320736F66743D28252E32662C2505
:103178002E3266292D3E28252E32662C252E3266C3
:103188002920636D643D28252E32662C252E326653
:10319800292D3E28252E32662C252E326629206CB4
:1031A800696D69743D252E31660D0A004A4F472026
:1031B8004641494C00000000434845434B204255D6
:1031C800532F54454E53494F4E0000004D414E5524
:1031D800414C206A6F672073746570206661696C62
:1031E800206469723D25733A2025730D0A0000009A
:1031F800737465702D73746172740000636C65611B
:10320800720000002020257320627566206D2564F9
:10321800207A65726F3A2025730D0A00627566661A
:1032280065722D636C6561722D6661696C000000C2
:103238002020257320747269676765723A202573A8
:103248000D0A00004D414E55414C2072657475724F
:103258006E206E656172207A65726F2062757420C7
:103268006275732077617320756E63657274616926
:103278006E3B20636C656172206275666665726577
:103288006420636F6D6D616E647320666972737418
:103298000D0000006D616E75616C2D636C65617267
:1032A800000000006D616E75616C000020206D618A
:1032B8006E75616C20627566206D25642064697284
:1032C8003D257320766D61783D2575206D61673DDC
:1032D800256C753A2025730D0A00000020206D61C9
:1032E8006E75616C20747269676765723A20257320
:1032F8000D0A00004D414E55414C2072657475729F
:103308006E2061626F72743A207A65726F206E6FF8
:10331800742073617665640D0000000052455455B1
:10332800524E204D4F544F522030000052455455B4
:10333800524E2052454144204641494C000000006D
:10334800434C45415220425546204641494C0000D5
:103358004D414E55414C2072657475726E20616204
:103368006F72743A20636C65617220627566666577
:1033780072656420636F6D6D616E64732066616948
:103388006C65640D000000004D414E55414C2072A3
:10339800657475726E2067756172643A20656E6334
:1033A8006F646572206D61783D256C752076697350
:1033B80075616C3D28252E32662C252E3266292013
:1033C800643D252E32660D0A000000004D414E5521
:1033D800414C2072657475726E2067756172643A2B
:1033E8002076697375616C206E6561722063656E05
:1033F8007465722C20736B6970206C61726765202C
:10340800656E636F6465722072657475726E0D0007
:103418004D414E55414C2072657475726E2067752A
:103428006172643A20656E636F646572206D6178BD
:103438003D256C752C2076697375616C20756E61FD
:103448007661696C61626C650D0A000052455455DD
:10345800524E204D4F5645204641494C0000000031
:1034680052455455524E204D4F544F52204F4B0009
:1034780043414D2046494E45205A45524F000000D1
:103488004D414E55414C2072657475726E207669B7
:103498007375616C2066696E65207A65726F206647
:1034A80061696C65640D00004D414E55414C2072B8
:1034B800657475726E20646F6E653A2076697375EF
:1034C800616C207A65726F207265667265736865D3
:1034D800640D00004544474520504154524F4C006C
:1034E8004D4F564500000000257320253032752FBA
:1034F80025303275000000004B4559303A204142D2
:103508004F525400504154524F4C207761726E3ADA
:10351800207365676D656E74206C696D69742072BF
:103528006561636865642C207573696E672025750D
:103538002073756273746570730D0A00504154529C
:103548004F4C20636972636C65202573207669731C
:10355800696F6E20636F6E6669726D20756E617635
:1035680061696C61626C650D0A000000504154523B
:103578004F4C20636972636C652025732073656501
:103588006E5F6F7468657220636972636C653D284D
:10359800252E31662C252E316629206572723D282C
:1035A800252E32662C252E3266290D0A00000000D1
:1035B800504154524F4C20746172676574206C6599
:1035C80061726E65642025732069676E6F72656429
:1035D8003A206176673D28252E32662C252E3266E4
:1035E80029206F7574206F662072616E67650D0AF9
:1035F80000000000656E630025733D5B000000005D
:10360800256C64004E4100005D206D61736B3D3098
:10361800782530325800000005050505746F74617F
:103628006C000000504154524F4C20766973696F0A
:103638006E20726566726573683A20266D6F6465E0
:103648002C746F74616C232073656E6420666169E5
:103658006C65640D00000000504154524F4C2061CD
:10366800626F72743A206C61736572207374616C56
:1036780065206265666F72652025732073746570B6
:103688003D2575207365673D257520636E743D255E
:103698006C75206167653D256C756D730D0A0000BA
:1036A800504154524F4C2053454720534B495020CA
:1036B8006E616D653D257320737465703D257520B9
:1036C8007365673D257520726561736F6E3D564958
:1036D80053494F4E5F5354414C450D0A00000000BA
:1036E800504154524F4C2066696E65202573206105
:1036F800626F72743A206C61736572207374616CC6
:1037080065206174206B3D25750D0A0050415452A7
:103718004F4C2066696E652025732061626F727454
:103728003A206572726F72206469766572676564A3
:1037380020707265763D252E3266206E6F773D25A6
:103748002E326620736F66743D28252E32662C252E
:103758002E3266290D0A0000504154524F4C206603
:10376800696E652025732072656A656374206E65CD
:1037780078743D28252E32662C252E3266290D0AAE
:1037880000000000504154524F4C2066696E65207D
:1037980025732061626F72743A20766973696F6E5F
:1037A800207374616C65206265666F72652073654D
:1037B800676D656E740D0A00504154524F4C206677
:1037C800696E65202573206D6F7665206661696C6A
:1037D8003A2025730D0A0000706174726F6C2D66B3
:1037E800696E6500504154524F4C2072656A65639A
:1037F8007420776179706F696E7420257320783D25
:10380800252E326620793D252E3266206F7574206C
:103818006F662072616E67650D0A00005041545250
:103828004F4C2061626F72743A20766973696F6ECB
:10383800207374616C65206265666F7265202573FC
:10384800207365673D25752F25750D0A000000005A
:10385800504154524F4C204D4F5645204641494CFB
:1038680000000000504154524F4C206D6F76652087
:103878006661696C206174202573207365673D2536
:10388800752F25753A2025730D0A00007061747232
:103898006F6C2D7374657000706174726F6C0000CA
:1038A800504154524F4C2061626F727420627920EB
:1038B8004B4559302061742025730D0A0000000023
:1038C800434952434C45204F4B000000504154524D
:1038D8004F4C2068697420257320636F6E66697287
:1038E8006D65640D0A000000504154524F4C20741D
:1038F80061726765742025732066696E65206D6F37
:103908007665206C656674206275732073746174C3
:103918006520756E6365727461696E3B20726568B7
:103928006F6D652F72657472792072657175697231
:103938006564206265666F726520636F6E74696E78
:1039480075696E670D0A0000434952434C45204D86
:1039580049535300504154524F4C2074617267656B
:103968007420257320756E636F6E6669726D656469
:103978003B2076697375616C2063616C6962726162
:1039880074696F6E2073616D706C65204E4F5420A2
:103998007265636F726465640D0A00005041545289
:1039A8004F4C204155544F20300000005041545294
:1039B8004F4C206175746F207A65726F2061626F59
:1039C80072743A2076697375616C2066696E652039
:1039D8007A65726F206661696C65640D000000008D
:1039E8004D4F544F522052455455524E000000003E
:1039F800504154524F4C206175746F207A65726F34
:103A08002061626F72743A206D6F746F72207265F4
:103A18007475726E206661696C65640D0000000043
:103A28004155544F5A45524F0000000050415452DE
:103A38004F4C206175746F207A65726F20726563D0
:103A48006F766572792025752F25752061667465F6
:103A5800722025733A2073746F702C207761697413
:103A680020256C756D732C206D6F746F72207265D4
:103A78007475726E202B2076697375616C207A6577
:103A8800726F0D0A00000000504154524F4C2052F2
:103A980045434F564552000057414954202B205268
:103AA80045484F4D45000000504154524F4C20614D
:103AB80075746F207A65726F207265636F766572B0
:103AC80079204F4B2061667465722025730D0A00BA
:103AD800504154524F4C206175746F207A65726F53
:103AE800207265636F76657279206661696C6564BA
:103AF8002061667465722025730D0A005041545286
:103B08004F4C206D6F7665207265636F76657279AC
:103B180020616674657220257320737465703D2575
:103B2800752F257520726573756C743D25733A2061
:103B380073746F7020616C6C2C2077616974202518
:103B48006C756D732C206D6F746F7220726574754F
:103B5800726E202B2076697375616C207A65726F9E
:103B68002C2072657472792066726F6D206B6E6F8F
:103B7800776E2063656E7465720D0A0053544F505A
:103B8800202B205245484F4D4500000052455452C5
:103B980059204D4158203300504154524F4C207207
:103BA80065636F7665727900504154524F4C206DB1
:103BB8006F7665207265636F7665727920666169D4
:103BC8006C65642061667465722025733A2072659D
:103BD800686F6D65206661696C65640D0A00000098
:103BE800504154524F4C207761726E3A20266D6FC7
:103BF80064652C746F74616C232073656E64206631
:103C080061696C6564206166746572206D6F7665A4
:103C1800207265636F766572790D000050415452C9
:103C28004F4C207265636F76657279204F4B206127
:103C38006674657220257320737465703D25752F31
:103C480025750D0A00000000504154524F4C206366
:103C58006F726E6572206A6F622061626F72743A69
:103C680020696E76616C6964206A6F620D000000DD
:103C7800504154524F4C20636F726E6572206A6FC8
:103C8800622025732073746172743A2066726F6DB6
:103C98002063656E7465722C20776179706F696E28
:103CA80074733D25750D0A00504154524F4C2063E2
:103CB8006F726E6572206A6F622025732072657359
:103CC8007461727420617474656D70743D25752F0C
:103CD80025752066726F6D2063656E7465720D0AB6
:103CE80000000000504154524F4C2061626F7274C2
:103CF80020636F726E65722025732061742077616E
:103D080079706F696E7420257320737465703D2512
:103D1800752F257520726573756C743D2573207237
:103D280065686F6D655F72657175697265643D255B
:103D3800750D0A00504154524F4C20636F726E65E6
:103D480072202573207265636F76657279207265BB
:103D5800717565737420617420776179706F696E0D
:103D68007420257320737465703D25752F25752083
:103D780072657472793D25752F2575207265737586
:103D88006C743D25733B2072657374617274207482
:103D980068697320636F726E65722066726F6D203A
:103DA80063656E7465720D0A00000000504154523C
:103DB8004F4C2061626F72743A20636F726E657245
:103DC800202573207265636F766572792066616954
:103DD8006C656420617420776179706F696E7420F6
:103DE800257320737465703D25752F25750D0A00A0
:103DF800504154524F4C2063656E74657220726551
:103E08007475726E206166746572202573206A6FFE
:103E1800623D25752F257520636F6E6669726D6525
:103E2800643D25750D0A0000434F524E455220440B
:103E38004F4E450052455455524E2043454E544529
:103E480052000000504154524F4C2061626F72740E
:103E58003A20636F726E65722072657365742066AE
:103E680061696C65642061667465722025730D0A4A
:103E780000000000504154524F4C207761726E3A56
:103E880020266D6F64652C746F74616C23207365D4
:103E98006E64206661696C65642061667465722071
:103EA80025732072657365740D0A000050415452E1
:103EB8004F4C2063656E746572204F4B20616674A9
:103EC80065722025730D0A00504154524F4C2061F1
:103ED800626F72743A20696E76616C6964207365EA
:103EE8006C6563746564206F7264657220736C6FAF
:103EF800742025750D0A0000504154524F4C206122
:103F0800626F72743A206D6F746F72207A65726F87
:103F1800206E6F742073617665640D0050415452B1
:103F28004F4C207374617274206F726465723D2502
:103F380073207461726765743D252E3166636D2048
:103F480072783D2573206C6F673D257320656E631D
:103F58003D25730D0A00000052455455524E5F4FDF
:103F68004E4C5900434F4D50414354004D323E4D45
:103F7800313E4D333E4D3400504154524F4C206D2C
:103F88006F74696F6E20766D61783D257520736555
:103F980074746C653D256C756D73207772697465F2
:103FA8003D2573204C4228543D252E326620503D35
:103FB800252E3266290D0A00504154524F4C20508C
:103FC80052455000504154524F4C2D535441525475
:103FD80000000000504154524F4C2061626F7274CF
:103FE8003A206175746F207A65726F206265666F1A
:103FF800726520706174726F6C206661696C6564AB
:104008000D000000504154524F4C207761726E3AB7
:1040180020266D6F64652C746F74616C2320736542
:104028006E64206661696C65640D000050415452ED
:104038004F4C2061626F727420617420636F726EDE
:104048006572206A6F622025732025752F25750DEE
:104058000A000000504154524F4C20636F726E6545
:1040680072206A6F627320646F6E652C2066696EB9
:10407800616C2076697375616C2063656E74657216
:1040880020636865636B0D00504154524F4C204AC1
:104098004F4253204F4B000046494E452043454E62
:1040A80054455200504154524F4C2D46494E414CB4
:1040B80000000000504154524F4C2066696E616CFC
:1040C8002063656E746572206661696C65640D00B5
:1040D800504154524F4C20746172676574206D6171
:1040E800736B7320636F6E6669726D65643D3078BB
:1040F8002530325820756E636F6E6669726D65641F
:104108003D3078253032580D0A0000005041545295
:104118004F4C205041525449414C00005649534994
:104128004F4E20434845434B000000005041303A71
:1041380020414741494E0000504154524F4C207095
:1041480061727469616C3A206E6F7420616C6C20C6
:10415800666F757220636972636C65732076697324
:1041680075616C6C7920636F6E6669726D65643B0E
:10417800206E6F20756E636F6E6669726D65642060
:10418800706F696E74207761732075736564206140
:10419800732063616C6962726174696F6E0D0000EF
:1041A800504154524F4C20444F4E450043454E54C5
:1041B8004552204F4B000000504154524F4C206450
:1041C8006F6E653A20666F75722065646765206357
:1041D8006972636C657320766973697465642061BC
:1041E8006E642063656E74657220726566726573AD
:1041F8006865640D000000006A6F67005041545202
:104208004F4C207265747279206B6579205041306B
:104218003A206175746F207265686F6D65206265FC
:10422800666F726520726573746172740D000000A8
:1042380046495245207265636F726420783D252E89
:10424800316620793D252E3166207469636B3D25E2
:104258006C750D0A0000000046256420583A253484
:104268006420593A25346400462564202D2D000029
:1042780042415349433120484F4D45004B45593041
:104288003A2043454E5445520000000043414D201A
:1042980052454144592046495253540053544550BD
:1042A8003A25642F25640000583A25362E316600D9
:1042B800593A25362E316600484F4D452066696EBD
:1042C800652072656A6563743A2063757272656EFB
:1042D8007420636972636C65207265663D28252EBB
:1042E80031662C252E3166292C206E656564206385
:1042F800656E74657220636972636C650D0A0000EF
:10430800484F4D452066616C6C6261636B20726535
:104318006A6563743A2063757272656E74206369A6
:1043280072636C65207265663D28252E31662C25E2
:104338002E3166292C206E6565642063656E746570
:104348007220636972636C650D0A0000484F4D4521
:104358002066616C6C6261636B207761726E3A20D3
:10436800266D6F64652C746F74616C232073656EA1
:1043780064206661696C65640D000000484F4D4516
:104388002066696E652061626F72743A206E6F20D4
:1043980063656E7465722F6C6F63616C20636972FC
:1043A800636C65206572726F7220686F6D653D255C
:1043B8006C752F256C756D73206C617365723D2566
:1043C8006C752F256C756D7320636972636C653D20
:1043D800256C752F256C756D732074696C743D257B
:1043E8006C752F256C756D730D0A0000524F55477B
:1043F800482043454E54455200000000524F55474F
:10440800482061626F72743A206E6F20676C6F6229
:10441800616C20766973696F6E0D0000524F5547C5
:1044280048204D4F5645204641494C00484F4D497C
:104438004E472042592043414D000000484F4D450A
:104448002061626F72743A20766973696F6E206FAB
:1044580066666C696E650D00524F554748204641A7
:10446800494C0000484F4D452061626F72743A20F4
:1044780066696C7465726564206C61736572206628
:1044880061696C65640D0000484F4D4520444956EC
:104498004552474500000000434845434B204449E6
:1044A800522F43414D000000484F4D452061626F37
:1044B80072743A20646976657267696E672C206346
:1044C8006865636B206D6F746F72206469726563D1
:1044D80074696F6E206F7220766973696F6E2061E0
:1044E8007869730D00000000484F4D4520737461D2
:1044F8006C653D25642F25640D0A0000484F4D4525
:10450800204E4F204741494E000000004348454394
:104518004B20524F50452F4944000000484F4D450D
:104528002061626F72743A206D6F746F72732072BB
:1045380065616368656420636F6D6D616E64206298
:10454800757420766973696F6E20646964206E6F74
:104558007420636F6E76657267650D00484F4D4530
:1045680020636865636B3A20726F70652074656EAE
:1045780073696F6E2F736C69702C206D6F746F7216
:1045880020636F726E6572204944206D6170706996
:104598006E672C20616E64204C4153455220636F36
:1045A8006F7264696E61746520736F757263650DEF
:1045B80000000000484F4D452052414E474500003D
:1045C8004D4F5645204D414E55414C00484F4D45A5
:1045D8002061626F72743A2063757272656E74201E
:1045E800706F696E74206F7574206F662072616ECB
:1045F80067650D00484F4D452061626F72743A201F
:104608006E6F742063656E74657265640D000000DA
:10461800484F4D45205A45524F204641494C0000CD
:10462800484F4D4520444F4E45000000484F4D45EA
:1046380020646F6E650D00004D4F56494E470000CF
:104648004D4F5645204641494C00000050415452B8
:104658004F4C2041424F52540000000050415452E8
:104668004F4C0000504154524F4C205241570000CB
:1046780052455455524E20484F4D450043445052E0
:104688002072656164792072783D2573206C6F67AC
:104698003D257320656E633D25733B204B4559309E
:1046A800207A65726F2C2050413020706174726FCF
:1046B8006C2C204B455931206F726465720D0A00CD
:1046C80000000000000000000102030406070809BA
:1046D800000000000102030402030405060708099C
:1046E8000A0B0C0D0E0F1010010200000000F0C1A3
:1046F8000000F0410000F0410000F0C10000F0C1EE
:104708000000F0410000F0C10000F041000088C046
:104718000000884000008840000088C0000050C0A9
:1047280000005040000050C000005040010002034B
:10473800000080C000008040B4270108000000008D
:10474800000000C100000041BC2701080000000073
:10475800000040C100003841C427010800000000E3
:10476800000080C100007041CC2701080100000052
:104778000000804000008040D027010800000000B1
:104788000000004100000041D82701080000000097
:104798000000404100004041E027010800000000FF
:1047A8000000804100008C41E82701080200000059
:1047B80000008040000080C0EC27010800000000D5
:1047C80000000041000000C1F427010800000000BB
:1047D80000004041000038C1FC270108000000002B
:1047E80000008041000070C1042801080300000097
:1047F800000080C0000080C00828010800000000F8
:10480800000000C1000000C11028010800000000DD
:10481800000040C1000038C118280108000000004D
:10482800000080C1000070C12028010804000000B9
:10483800CC270108010000003847010804000000E7
:10484800E82701080200000078470108040000007A
:104858000428010803000000B8470108040000000C
:104868002028010804000000F8470108040000009F
:104878000000A0C10000A0410000A0410000A0C1AC
:104888000000A0410000A0410000A0C10000A0C19C
:104898000000A0C10000A0410000A0410000A0C18C
:1048A8000000A0410000A0410000A0C10000A0C17C
:1048B800000000000000A0C10000A0410000A0C14D
:1048C8000000A041000000000000A0410000A0413D
:1048D8000000A0C10000A0C100000000000000000E
:1048E800080808080800000000363600000000002C
:1048F80020100804020000000060600000000000B2
:104908003E5149453E00000000427F400000000043
:1049180042615149460000002141454B31000000E9
:104928001814127F10000000274545453900000083
:104938003C4A4949300000000171090503000000A4
:104948003649494936000000064949291E00000039
:104958007E1111117E0000007F4949493600000090
:104968003E414141220000007F4141221C000000DD
:104978007F494949410000007F09090901000000F9
:104988003E4149497A0000007F0808087F0000007E
:1049980000417F41000000002040413F010000002D
:1049A8007F081422410000007F4040404000000082
:1049B8007F020C027F0000007F0408107F000000C7
:1049C8003E4141413E0000007F0909090600000000
:1049D8003E4151215E0000007F0919294600000070
:1049E800464949493100000001017F0101000000EA
:1049F8003F4040403F0000001F2040201F000000B3
:104A08003F4038403F000000631408146300000072
:104A1800070870080700000061514945430000007D
:104A280002015109060000006042A20D0000803F0B
:104A38002E00494E4600696E66004E414E006E617A
:104A48006E00300030313233343536373839414230
:104A580043444546003031323334353637383961CE
:104A68006263646566004300504F53495800496EBD
:104A780066696E697479004E614E005245454E5420
:104A8800206D616C6C6F6320737563636565646525
:104A980064002F6275696C642F676E752D746F6F73
:104AA8006C732D666F722D73746D33325F31342ED3
:104AB800332E72656C312E32303235313032372D2B
:104AC800303730302F7372632F6E65776C69622FC1
:104AD8006E65776C69622F6C6962632F7374646C9E
:104AE80069622F64746F612E630042616C6C6F633E
:104AF80020737563636565646564002F6275696C0E
:104B0800642F676E752D746F6F6C732D666F722DC1
:104B180073746D33325F31342E332E72656C312EDF
:104B280032303235313032372D303730302F7372E2
:104B3800632F6E65776C69622F6E65776C69622F7B
:104B48006C6962632F7374646C69622F6764746F35
:104B5800612D6765746865782E63002F6275696CCE
:104B6800642F676E752D746F6F6C732D666F722D61
:104B780073746D33325F31342E332E72656C312E7F
:104B880032303235313032372D303730302F737282
:104B9800632F6E65776C69622F6E65776C69622F1B
:104BA8006C6962632F7374646C69622F6D707265CF
:104BB800632E6300232D302B2000686C4C00656643
:104BC80067454647002C2066756E6374696F6E3AB8
:104BD8002000617373657274696F6E2022257322D9
:104BE800206661696C65643A2066696C65202225D7
:104BF80073222C206C696E65202564257325730A41
:104C08000000000034000000CEFBFFFFCB030000D3
:104C1800010000000000000035000000CEFBFFFF8F
:104C2800CB030000010000000000000000000000AD
:104C3800BC89D897B2D29C3C33A7A8D523F649396A
:104C48003DA7F444FD0FA5329D978CCF08BA5B258C
:104C5800436FAC6428066811002020202020202003
:104C68002020282828282820202020202020202014
:104C78002020202020202020208810101010101024
:104C88001010101010101010100404040404040470
:104C9800040404101010101010104141414141410A
:104CA80001010101010101010101010101010101EC
:104CB80001010101101010101010424242424242FC
:104CC80002020202020202020202020202020202BC
:104CD8000202020210101010200000000000000064
:104CE80000000000000000000000000000000000BC
:104CF80000000000000000000000000000000000AC
:104D0800000000000000000000000000000000009B
:104D1800000000000000000000000000000000008B
:104D2800000000000000000000000000000000007B
:104D3800000000000000000000000000000000006B
:104D4800000000000000000000000000000000005B
:104D58000000000000000000000000000500000046
:104D6800190000007D0000000080E03779C341434E
:104D7800176E05B5B5B89346F5F93FE9034F384DB9
:104D8800321D30F94877825A3CBF737FDD4F157565
:104D9800000000000000F03F000000000000244078
:104DA80000000000000059400000000000408F4053
:104DB800000000000088C34000000000006AF840BE
:104DC8000000000080842E4100000000D0126341E2
:104DD8000000000084D797410000000065CDCD4158
:104DE800000000205FA00242000000E87648374239
:104DF800000000A2941A6D42000040E59C30A242D7
:104E08000000901EC4BCD64200003426F56B0C434B
:104E18000080E03779C3414300A0D88557347643F2
:104E280000C84E676DC1AB43003D9160E458E14353
:104E3800408CB5781DAF154450EFE2D6E41A4B44C8
:104E480092D54D06CFF08044F64AE1C7022DB5440D
:084E5800B49DD9794378EA44C6
:084E600054BDFE7F01000000BB
:044E68000D0200082F
:044E6C00E901000850
:104E700000127A001000000001000000FFFFFFFF99
:104E8000000102030000000003000000C00C00202D
:104E900043000000000000000000000000000000CF
:104EA0000000000000000000000000000000000002
:104EB00043000000000000000000000000000000AF
:104EC00000000000000000000000000000000000E2
:104ED000430000000000000000000000000000008F
:104EE00000000000000000000000000000000000C2
:104EF000430000000000000000000000000000006F
:104F000000000000000000000000000000000000A1
:104F1000430000000000000000000000000000004E
:104F20000000000000000000000000000000000081
:104F3000430000000000000000000000000000002E
:104F40000000000000000000000000000000000061
:104F5000430000000000000000000000000000000E
:104F60000000000000000000000000000000000041
:104F7000C91901083910010800000000604C01083F
:104F8000384A0108084C0108084C0108084C01087F
:104F9000084C0108084C0108084C0108084C01089D
:104FA000084C0108084C0108FFFFFFFFFFFFFFFF4F
:104FB000FFFFFFFFFFFF000001004153434949008D
:104FC00000000000000000000000000000000000E1
:104FD0000000000000000000000041534349490068
:104FE00000000000000000000000000000000000C1
:104FF0000000000000000000000000009001002000
:1050000000000000C00C0020280D0020900D0020A2
:105010000000000000000000000000000000000090
:105020000000000000000000000000000000000080
:105030000000000000000000000000000000000070
:0C50400000000000000000000000000064
:040000050800590D89
:00000001FF
